geometry,temperature_K,old_rotation_cost_kBT,new_rotation_cost_kBT,free_energy_change_kBT,Udd_kBT,new_Fmag_plus_rotation_kBT
face,200.0,17.004041156721613,12.609592002049173,-4.39444915467244,-0.10041711264556018,12.509595076109425
face,201.0,17.004041156721613,12.609592002049173,-4.39444915467244,-0.11378647974913816,12.496346696265125
face,202.0,17.004041156721613,12.609592002049173,-4.39444915467244,-0.12873940756044028,12.48154723263259
face,203.0,17.004041156721613,12.609592002049173,-4.39444915467244,-0.14543424334506572,12.46504632320808
face,204.0,17.004041156721613,12.609592002049173,-4.39444915467244,-0.16404064703782684,12.446684034067417
face,205.0,17.004041156721613,12.609592002049173,-4.39444915467244,-0.18473962647666242,12.426291137415468
face,206.0,17.004041156721613,12.609592002049173,-4.39444915467244,-0.20772340398081043,12.40368959537803
face,207.0,17.004041156721613,12.609592002049173,-4.39444915467244,-0.23319508210285053,12.378693280398643
face,208.0,17.004041156721613,12.609592002049173,-4.39444915467244,-0.26136807500886167,12.351108962387897
face,209.0,17.004041156721613,12.609592002049173,-4.39444915467244,-0.29246527142018763,12.320737590700066
face,210.0,17.004041156721613,12.609592002049173,-4.39444915467244,-0.32671789605229,12.287375894927239
face,211.0,17.004041156721613,12.609592002049173,-4.39444915467244,-0.3643640392508521,12.250818322222994
face,212.0,17.004041156721613,12.609592002049173,-4.39444915467244,-0.40564682954859266,12.21085932002438
face,213.0,17.004041156721613,12.609592002049173,-4.39444915467244,-0.4508122315699344,12.16729596141232
face,214.0,17.004041156721613,12.609592002049173,-4.39444915467244,-0.5001064623853395,12.119930895937316
face,215.0,17.004041156721613,12.609592002049173,-4.39444915467244,-0.5537730332652664,12.068575591725619
face,216.0,17.004041156721613,12.609592002049173,-4.39444915467244,-0.6120494408246674,12.013053815538395
face,217.0,17.004041156721613,12.609592002049173,-4.39444915467244,-0.6751635513581291,11.953205277172774
face,218.0,17.004041156721613,12.609592002049173,-4.39444915467244,-0.7433297440387081,11.888889344491727
face,219.0,17.004041156721613,12.609592002049173,-4.39444915467244,-0.8167449012550968,11.819988717390473
face,220.0,17.004041156721613,12.609592002049173,-4.39444915467244,-0.8955843559108672,11.74641293544667
face,221.0,17.004041156721613,12.609592002049173,-4.39444915467244,-0.9799979235267611,11.668101587632169
face,222.0,17.004041156721613,12.609592002049173,-4.39444915467244,-1.0701061587164775,11.585027095977331
face,223.0,17.004041156721613,12.609592002049173,-4.39444915467244,-1.165996977922201,11.497196960994094
face,224.0,17.004041156721613,12.609592002049173,-4.39444915467244,-1.2677227802901485,11.404655386584778
face,225.0,17.004041156721613,12.609592002049173,-4.39444915467244,-1.3752981741238073,11.307484246079488
face,226.0,17.004041156721613,12.609592002049173,-4.39444915467244,-1.4886983765292932,11.205803406918623
face,227.0,17.004041156721613,12.609592002049173,-4.39444915467244,-1.6078582999128879,11.09977049439139
face,228.0,17.004041156721613,12.609592002049173,-4.39444915467244,-1.7326722747663565,10.989580236882112
face,229.0,17.004041156721613,12.609592002049173,-4.39444915467244,-1.8629942903105898,10.875463585937172
face,230.0,17.004041156721613,12.609592002049173,-4.39444915467244,-1.9986385725582654,10.757686832253983
face,231.0,17.004041156721613,12.609592002049173,-4.39444915467244,-2.139380274223452,10.636550932392378
face,232.0,17.004041156721613,12.609592002049173,-4.39444915467244,-2.2849560338862247,10.512391212930119
face,233.0,17.004041156721613,12.609592002049173,-4.39444915467244,-2.4350641816998717,10.385577527944363
face,234.0,17.004041156721613,12.609592002049173,-4.39444915467244,-2.5893644296191836,10.25651482013417
face,235.0,17.004041156721613,12.609592002049173,-4.39444915467244,-2.7474769824092284,10.125643893567194
face,236.0,17.004041156721613,12.609592002049173,-4.39444915467244,-2.9089811301725943,9.993442073036233
face,237.0,17.004041156721613,12.609592002049173,-4.39444915467244,-3.073413515217045,9.860423330596433
face,238.0,17.004041156721613,12.609592002049173,-4.39444915467244,-3.2402663831901135,9.727137428844443
face,239.0,17.004041156721613,12.609592002049173,-4.39444915467244,-3.4089862091687095,9.594167674898156
face,240.0,17.004041156721613,12.609592002049173,-4.39444915467244,-3.5789731195695706,9.462126991901846
face,241.0,17.004041156721613,12.609592002049173,-4.39444915467244,-3.7495815079454053,9.331652169780934
face,242.0,17.004041156721613,12.609592002049173,-4.39444915467244,-3.9201221779634423,9.20339631484731
face,243.0,17.004041156721613,12.609592002049173,-4.39444915467244,-4.089866261408362,9.078019640284557
face,244.0,17.004041156721613,12.609592002049173,-4.39444915467244,-4.258051077266124,8.956178803287541
face,245.0,17.004041156721613,12.609592002049173,-4.39444915467244,-4.423888037275474,8.83851500201375
face,246.0,17.004041156721613,12.609592002049173,-4.39444915467244,-4.58657266626223,8.725641025545352
face,247.0,17.004041156721613,12.609592002049173,-4.39444915467244,-4.745296775824849,8.618127450695063
face,248.0,17.004041156721613,12.609592002049173,-4.39444915467244,-4.899262776601928,8.516488251398293
face,249.0,17.004041156721613,12.609592002049173,-4.39444915467244,-5.0477000023475895,8.421166261598843
face,250.0,17.004041156721613,12.609592002049173,-4.39444915467244,-5.189882723977579,8.3325192031649
face,251.0,17.004041156721613,12.609592002049173,-4.39444915467244,-5.32514925297998,8.250807299909827
face,252.0,17.004041156721613,12.609592002049173,-4.39444915467244,-5.452921202159064,8.176183751351466
face,253.0,17.004041156721613,12.609592002049173,-4.39444915467244,-5.572721648440378,8.108689424816726
face,254.0,17.004041156721613,12.609592002049173,-4.39444915467244,-5.6841907076248095,8.048252946759707
face,255.0,17.004041156721613,12.609592002049173,-4.39444915467244,-5.787096965830234,7.994696887751342
face,256.0,17.004041156721613,12.609592002049173,-4.39444915467244,-5.881343378047377,7.94774997764894
face,257.0,17.004041156721613,12.609592002049173,-4.39444915467244,-5.966966661786525,7.907064398993377
face,258.0,17.004041156721613,12.609592002049173,-4.39444915467244,-6.044129850685959,7.872236414141943
face,259.0,17.004041156721613,12.609592002049173,-4.39444915467244,-6.113108440914035,7.8428281203303
face,260.0,17.004041156721613,12.609592002049173,-4.39444915467244,-6.174271330479121,7.818388128985491
face,261.0,17.004041156721613,12.609592002049173,-4.39444915467244,-6.228058369700401,7.798469384086606
face,262.0,17.004041156721613,12.609592002049173,-4.39444915467244,-6.27495668174015,7.782642972973726
face,263.0,17.004041156721613,12.609592002049173,-4.39444915467244,-6.3154779036628375,7.770507440564658
face,264.0,17.004041156721613,12.609592002049173,-4.39444915467244,-6.350138150112739,7.761693740224753
face,265.0,17.004041156721613,12.609592002049173,-4.39444915467244,-6.379441903696627,7.755866563526543
face,266.0,17.004041156721613,12.609592002049173,-4.39444915467244,-6.403870334041553,7.752723224293704
face,267.0,17.004041156721613,12.609592002049173,-4.39444915467244,-6.423873897692505,7.751991283868714
face,268.0,17.004041156721613,12.609592002049173,-4.39444915467244,-6.439868594727991,7.753425758252761
face,269.0,17.004041156721613,12.609592002049173,-4.39444915467244,-6.452235011083958,7.756806347876094
face,270.0,17.004041156721613,12.609592002049173,-4.39444915467244,-6.461319244657167,7.761934868361291
face,271.0,17.004041156721613,12.609592002049173,-4.39444915467244,-6.467434935735806,7.768632933081651
face,272.0,17.004041156721613,12.609592002049173,-4.39444915467244,-6.470865818345253,7.7767398837723745
face,273.0,17.004041156721613,12.609592002049173,-4.39444915467244,-6.4718684102715045,7.786110947010733
face,274.0,17.004041156721613,12.609592002049173,-4.39444915467244,-6.470674624169976,7.79661559180133
face,275.0,17.004041156721613,12.609592002049173,-4.39444915467244,-6.467494196120732,7.80813606544814
face,276.0,17.004041156721613,12.609592002049173,-4.39444915467244,-6.462516895990808,7.820566087464807
face,277.0,17.004041156721613,12.609592002049173,-4.39444915467244,-6.455914518905364,7.83380968365872
face,278.0,17.004041156721613,12.609592002049173,-4.39444915467244,-6.447842672128511,7.847780144631529
face,279.0,17.004041156721613,12.609592002049173,-4.39444915467244,-6.438442376383046,7.862399094787898
face,280.0,17.004041156721613,12.609592002049173,-4.39444915467244,-6.4278415008576655,7.877595659568558
face,281.0,17.004041156721613,12.609592002049173,-4.39444915467244,-6.416156049748343,7.893305720049435
face,282.0,17.004041156721613,12.609592002049173,-4.39444915467244,-6.403491316379778,7.909471245302868
face,283.0,17.004041156721613,12.609592002049173,-4.39444915467244,-6.389942919192192,7.926039694019631
face,284.0,17.004041156721613,12.609592002049173,-4.39444915467244,-6.37559773227898,7.942963477861687
face,285.0,17.004041156721613,12.609592002049173,-4.39444915467244,-6.360534721738524,7.960199479870894
face,286.0,17.004041156721613,12.609592002049173,-4.39444915467244,-6.3448256978453,7.977708622013293
face,287.0,17.004041156721613,12.609592002049173,-4.39444915467244,-6.32853599193385,7.995455476603749
face,288.0,17.004041156721613,12.609592002049173,-4.39444915467244,-6.311725065905987,8.013407916943429
face,289.0,17.004041156721613,12.609592002049173,-4.39444915467244,-6.294447061402067,8.03153680302141
face,290.0,17.004041156721613,12.609592002049173,-4.39444915467244,-6.276751294907235,8.049815698590713
face,291.0,17.004041156721613,12.609592002049173,-4.39444915467244,-6.258682704381372,8.068220616334871
face,292.0,17.004041156721613,12.609592002049173,-4.39444915467244,-6.240282252396917,8.086729788200662
face,293.0,17.004041156721613,12.609592002049173,-4.39444915467244,-6.221587290232225,8.105323458290918
face,294.0,17.004041156721613,12.609592002049173,-4.39444915467244,-6.202631886892092,8.123983695993555
face,295.0,17.004041156721613,12.609592002049173,-4.39444915467244,-6.183447126603943,8.142694227273413
face,296.0,17.004041156721613,12.609592002049173,-4.39444915467244,-6.164061377962444,8.161440282275603
face,297.0,17.004041156721613,12.609592002049173,-4.39444915467244,-6.144500537560782,8.18020845758653
face,298.0,17.004041156721613,12.609592002049173,-4.39444915467244,-6.124788250649358,8.19898659167417
face,299.0,17.004041156721613,12.609592002049173,-4.39444915467244,-6.104946111097611,8.217763652185148
face,300.0,17.004041156721613,12.609592002049173,-4.39444915467244,-6.084993842698584,8.2365296339151
tip,200.0,12.034227857145611,-0.0,-12.034227857145611,-0.0010275328911212855,-0.0010272535994864107
tip,201.0,12.034227857145611,-0.0,-12.034227857145611,-0.0011868601496298065,-0.0011864844992892642
tip,202.0,12.034227857145611,-0.0,-12.034227857145611,-0.0013688786055812072,-0.0013683748512325344
tip,203.0,12.034227857145611,-0.0,-12.034227857145611,-0.0015765250795899827,-0.001575851513140103
tip,204.0,12.034227857145611,-0.0,-12.034227857145611,-0.0018130765505809873,-0.0018121785313724992
tip,205.0,12.034227857145611,-0.0,-12.034227857145611,-0.0020821845254122423,-0.0020809906727730088
tip,206.0,12.034227857145611,-0.0,-12.034227857145611,-0.0023879122773269937,-0.0023863296029731362
tip,207.0,12.034227857145611,-0.0,-12.034227857145611,-0.00273477511719758,-0.0027326828198286357
tip,208.0,12.034227857145611,-0.0,-12.034227857145611,-0.0031277838603408353,-0.003125025436904627
tip,209.0,12.034227857145611,-0.0,-12.034227857145611,-0.003572491646481095,-0.003568864891460022
tip,210.0,12.034227857145611,-0.0,-12.034227857145611,-0.004075044262678719,-0.0040702886252705905
tip,211.0,12.034227857145611,-0.0,-12.034227857145611,-0.0046422341071065895,-0.004636014752753104
tip,212.0,12.034227857145611,-0.0,-12.034227857145611,-0.0052815579147776,-0.00527344568787802
tip,213.0,12.034227857145611,-0.0,-12.034227857145611,-0.006001278343486259,-0.005990724647556345
tip,214.0,12.034227857145611,-0.0,-12.034227857145611,-0.006810489488906946,-0.006796794883255686
tip,215.0,12.034227857145611,-0.0,-12.034227857145611,-0.007719186359741642,-0.007701461411701915
tip,216.0,12.034227857145611,-0.0,-12.034227857145611,-0.008738338296327842,-0.008715454918075682
tip,217.0,12.034227857145611,-0.0,-12.034227857145611,-0.009879966256910108,-0.00985049738804289
tip,218.0,12.034227857145611,-0.0,-12.034227857145611,-0.011157223823307985,-0.011119368886102432
tip,219.0,12.034227857145611,-0.0,-12.034227857145611,-0.012584481689627364,-0.012535974733891342
tip,220.0,12.034227857145611,-0.0,-12.034227857145611,-0.014177415291289963,-0.014115412150348838
tip,221.0,12.034227857145611,-0.0,-12.034227857145611,-0.01595309510492495,-0.015874035193528035
tip,222.0,12.034227857145611,-0.0,-12.034227857145611,-0.017930078998579214,-0.017829516587690275
tip,223.0,12.034227857145611,-0.0,-12.034227857145611,-0.020128505834366324,-0.020000904727877522
tip,224.0,12.034227857145611,-0.0,-12.034227857145611,-0.022570189317203587,-0.02240867382415601
tip,225.0,12.034227857145611,-0.0,-12.034227857145611,-0.025278710841561698,-0.025074764779388525
tip,226.0,12.034227857145611,-0.0,-12.034227857145611,-0.028279509808268245,-0.028022613986766975
tip,227.0,12.034227857145611,-0.0,-12.034227857145611,-0.03159996956289472,-0.031277166789208
tip,228.0,12.034227857145611,-0.0,-12.034227857145611,-0.03526949674200859,-0.03486487186542342
tip,229.0,12.034227857145611,-0.0,-12.034227857145611,-0.03931959140158336,-0.038813652304886315
tip,230.0,12.034227857145611,-0.0,-12.034227857145611,-0.04378390484049874,-0.043152848615966466
tip,231.0,12.034227857145611,-0.0,-12.034227857145611,-0.04869828152142526,-0.047913128394562854
tip,232.0,12.034227857145611,-0.0,-12.034227857145611,-0.05410078093213377,-0.05312635688501022
tip,233.0,12.034227857145611,-0.0,-12.034227857145611,-0.06003167462652655,-0.0588254222192659
tip,234.0,12.034227857145611,-0.0,-12.034227857145611,-0.06653341304314864,-0.06504400875980565
tip,235.0,12.034227857145611,-0.0,-12.034227857145611,-0.07365055603145118,-0.07181631174142589
tip,236.0,12.034227857145611,-0.0,-12.034227857145611,-0.08142966033910327,-0.0791766863616793
tip,237.0,12.034227857145611,-0.0,-12.034227857145611,-0.08991911665119719,-0.08715922467460968
tip,238.0,12.034227857145611,-0.0,-12.034227857145611,-0.09916892815666176,-0.09579725417449403
tip,239.0,12.034227857145611,-0.0,-12.034227857145611,-0.1092304220900536,-0.10512275290167639
tip,240.0,12.034227857145611,-0.0,-12.034227857145611,-0.12015588531278927,-0.11516567735784577
tip,241.0,12.034227857145611,-0.0,-12.034227857145611,-0.13199811482304946,-0.12595320158420598
tip,242.0,12.034227857145611,-0.0,-12.034227857145611,-0.14480987420007235,-0.1375088685357786
tip,243.0,12.034227857145611,-0.0,-12.034227857145611,-0.15864324749232617,-0.14985165847370363
tip,244.0,12.034227857145611,-0.0,-12.034227857145611,-0.17354888306231261,-0.16299498357374398
tip,245.0,12.034227857145611,-0.0,-12.034227857145611,-0.18957512152721104,-0.1769456233592429
tip,246.0,12.034227857145611,-0.0,-12.034227857145611,-0.20676700431919298,-0.19170262190837994
tip,247.0,12.034227857145611,-0.0,-12.034227857145611,-0.22516516266813458,-0.20725617498355142
tip,248.0,12.034227857145611,-0.0,-12.034227857145611,-0.24480459111297842,-0.22358654311348125
tip,249.0,12.034227857145611,-0.0,-12.034227857145611,-0.26571331508399487,-0.24066303492882324
tip,250.0,12.034227857145611,-0.0,-12.034227857145611,-0.28791096873387856,-0.2584431132586248
tip,251.0,12.034227857145611,-0.0,-12.034227857145611,-0.31140730703234,-0.27687168400930595
tip,252.0,12.034227857145611,-0.0,-12.034227857145611,-0.3362006850820235,-0.29588063384705854
tip,253.0,12.034227857145611,-0.0,-12.034227857145611,-0.36227654743929805,-0.3153886861741241
tip,254.0,12.034227857145611,-0.0,-12.034227857145611,-0.38960598054246054,-0.3353016446491871
tip,255.0,12.034227857145611,-0.0,-12.034227857145611,-0.4181443915764525,-0.3555130882726889
tip,256.0,12.034227857145611,-0.0,-12.034227857145611,-0.44783038643071565,-0.3759055705729277
tip,257.0,12.034227857145611,-0.0,-12.034227857145611,-0.47858492680423514,-0.39635235660847823
tip,258.0,12.034227857145611,-0.0,-12.034227857145611,-0.5103108507464276,-0.4167197046871375
tip,259.0,12.034227857145611,-0.0,-12.034227857145611,-0.5428928406231981,-0.4368696649418037
tip,260.0,12.034227857145611,-0.0,-12.034227857145611,-0.5761979162688087,-0.4566633252829786
tip,261.0,12.034227857145611,-0.0,-12.034227857145611,-0.6100765176744287,-0.47596438918898637
tip,262.0,12.034227857145611,-0.0,-12.034227857145611,-0.6443642200897015,-0.4946429232795969
tip,263.0,12.034227857145611,-0.0,-12.034227857145611,-0.6788840946204446,-0.5125790712068456
tip,264.0,12.034227857145611,-0.0,-12.034227857145611,-0.7134496899413101,-0.5296665009262611
tip,265.0,12.034227857145611,-0.0,-12.034227857145611,-0.7478685673878489,-0.5458153422447372
tip,266.0,12.034227857145611,-0.0,-12.034227857145611,-0.7819462754906846,-0.5609543872829084
tip,267.0,12.034227857145611,-0.0,-12.034227857145611,-0.8154906052248088,-0.5750323722317165
tip,268.0,12.034227857145611,-0.0,-12.034227857145611,-0.8483159290644428,-0.5880182341536648
tip,269.0,12.034227857145611,-0.0,-12.034227857145611,-0.880247400938175,-0.5999003351687062
tip,270.0,12.034227857145611,-0.0,-12.034227857145611,-0.9111247855367979,-0.6106847552939645
tip,271.0,12.034227857145611,-0.0,-12.034227857145611,-0.9408056979278718,-0.6203928565285723
tip,272.0,12.034227857145611,-0.0,-12.034227857145611,-0.9691680695363478,-0.6290583949188214
tip,273.0,12.034227857145611,-0.0,-12.034227857145611,-0.9961117126471661,-0.6367244880919839
tip,274.0,12.034227857145611,-0.0,-12.034227857145611,-1.0215589277024495,-0.6434407256049437
tip,275.0,12.034227857145611,-0.0,-12.034227857145611,-1.045454177805507,-0.6492606434620445
tip,276.0,12.034227857145611,-0.0,-12.034227857145611,-1.067762932998213,-0.6542396898249427
tip,277.0,12.034227857145611,-0.0,-12.034227857145611,-1.0884698526071062,-0.6584337107417229
tip,278.0,12.034227857145611,-0.0,-12.034227857145611,-1.10757651824447,-0.6618979051261646
tip,279.0,12.034227857145611,-0.0,-12.034227857145611,-1.1250989470549606,-0.6646861502386254
tip,280.0,12.034227857145611,-0.0,-12.034227857145611,-1.141065103026591,-0.6668505840896779
tip,281.0,12.034227857145611,-0.0,-12.034227857145611,-1.1555125868456995,-0.6684413424476116
tip,282.0,12.034227857145611,-0.0,-12.034227857145611,-1.1684866291555482,-0.6695063745638637
tip,283.0,12.034227857145611,-0.0,-12.034227857145611,-1.1800384480914898,-0.6700912926009724
tip,284.0,12.034227857145611,-0.0,-12.034227857145611,-1.1902239702131046,-0.6702392369515707
tip,285.0,12.034227857145611,-0.0,-12.034227857145611,-1.1991028637347214,-0.6699907586360853
tip,286.0,12.034227857145611,-0.0,-12.034227857145611,-1.206737800660481,-0.6693837295882484
tip,287.0,12.034227857145611,-0.0,-12.034227857145611,-1.213193852626373,-0.668453293185414
tip,288.0,12.034227857145611,-0.0,-12.034227857145611,-1.2185379326041494,-0.6672318634977641
tip,289.0,12.034227857145611,-0.0,-12.034227857145611,-1.2228382165861644,-0.6657491753533092
tip,290.0,12.034227857145611,-0.0,-12.034227857145611,-1.2261635094507466,-0.6640323809256228
tip,291.0,12.034227857145611,-0.0,-12.034227857145611,-1.2285825504559393,-0.6621061837804254
tip,292.0,12.034227857145611,-0.0,-12.034227857145611,-1.2301632802195734,-0.6599929988698803
tip,293.0,12.034227857145611,-0.0,-12.034227857145611,-1.2309721085556786,-0.6577131267676228
tip,294.0,12.034227857145611,-0.0,-12.034227857145611,-1.2310732294908777,-0.6552849319216935
tip,295.0,12.034227857145611,-0.0,-12.034227857145611,-1.2305280268062688,-0.6527250171000127
tip,296.0,12.034227857145611,-0.0,-12.034227857145611,-1.2293946029046898,-0.6500483888039561
tip,297.0,12.034227857145611,-0.0,-12.034227857145611,-1.2277274489967738,-0.647268610727992
tip,298.0,12.034227857145611,-0.0,-12.034227857145611,-1.2255772589583211,-0.6443979440965879
tip,299.0,12.034227857145611,-0.0,-12.034227857145611,-1.222990875598032,-0.6414474748741384
tip,300.0,12.034227857145611,-0.0,-12.034227857145611,-1.220011348354271,-0.6384272285111836
