gap_nm,centre_distance_nm,U_attr_kcalmol,U_rep_kcalmol,U_pair_kcalmol,U_pair_per_particle_kcalmol,U_pair_J,U_pair_kBT_300K
0.2000,13.570000,-3.603982e+02,1.246446e+02,-2.357537e+02,-1.178768e+02,-1.637945e-18,-3.954528e+02
0.2500,13.620000,-3.426280e+02,1.201698e+02,-2.224581e+02,-1.112291e+02,-1.545571e-18,-3.731509e+02
0.3000,13.670000,-3.259673e+02,1.158716e+02,-2.100957e+02,-1.050478e+02,-1.459681e-18,-3.524142e+02
0.3500,13.720000,-3.103324e+02,1.117424e+02,-1.985900e+02,-9.929502e+01,-1.379743e-18,-3.331146e+02
0.4000,13.770000,-2.956472e+02,1.077752e+02,-1.878720e+02,-9.393599e+01,-1.305277e-18,-3.151362e+02
0.4500,13.820000,-2.818418e+02,1.039633e+02,-1.778785e+02,-8.893926e+01,-1.235846e-18,-2.983731e+02
0.5000,13.870000,-2.688524e+02,1.003001e+02,-1.685523e+02,-8.427617e+01,-1.171050e-18,-2.827294e+02
0.5500,13.920000,-2.566207e+02,9.677944e+01,-1.598412e+02,-7.992062e+01,-1.110528e-18,-2.681175e+02
0.6000,13.970000,-2.450931e+02,9.339544e+01,-1.516976e+02,-7.584880e+01,-1.053949e-18,-2.544573e+02
0.6500,14.020000,-2.342204e+02,9.014239e+01,-1.440780e+02,-7.203898e+01,-1.001010e-18,-2.416762e+02
0.7000,14.070000,-2.239575e+02,8.701486e+01,-1.369426e+02,-6.847131e+01,-9.514357e-19,-2.297073e+02
0.7500,14.120000,-2.142629e+02,8.400763e+01,-1.302553e+02,-6.512764e+01,-9.049740e-19,-2.184900e+02
0.8000,14.170000,-2.050984e+02,8.111572e+01,-1.239827e+02,-6.199135e+01,-8.613940e-19,-2.079684e+02
0.8500,14.220000,-1.964288e+02,7.833438e+01,-1.180944e+02,-5.904722e+01,-8.204842e-19,-1.980914e+02
0.9000,14.270000,-1.882216e+02,7.565903e+01,-1.125626e+02,-5.628130e+01,-7.820507e-19,-1.888123e+02
0.9500,14.320000,-1.804469e+02,7.308532e+01,-1.073616e+02,-5.368079e+01,-7.459156e-19,-1.800882e+02
1.0000,14.370000,-1.730769e+02,7.060905e+01,-1.024679e+02,-5.123394e+01,-7.119156e-19,-1.718794e+02
1.0500,14.420000,-1.660861e+02,6.822623e+01,-9.785984e+01,-4.892992e+01,-6.799004e-19,-1.641499e+02
1.1000,14.470000,-1.594506e+02,6.593304e+01,-9.351761e+01,-4.675880e+01,-6.497319e-19,-1.568663e+02
1.1500,14.520000,-1.531487e+02,6.372581e+01,-8.942287e+01,-4.471143e+01,-6.212829e-19,-1.499978e+02
1.2000,14.570000,-1.471598e+02,6.160103e+01,-8.555875e+01,-4.277938e+01,-5.944361e-19,-1.435161e+02
1.2500,14.620000,-1.414651e+02,5.955536e+01,-8.190970e+01,-4.095485e+01,-5.690837e-19,-1.373952e+02
1.3000,14.670000,-1.360469e+02,5.758557e+01,-7.846136e+01,-3.923068e+01,-5.451257e-19,-1.316110e+02
1.3500,14.720000,-1.308891e+02,5.568860e+01,-7.520048e+01,-3.760024e+01,-5.224700e-19,-1.261412e+02
1.4000,14.770000,-1.259763e+02,5.386152e+01,-7.211479e+01,-3.605739e+01,-5.010316e-19,-1.209652e+02
1.4500,14.820000,-1.212944e+02,5.210149e+01,-6.919295e+01,-3.459648e+01,-4.807316e-19,-1.160642e+02
1.5000,14.870000,-1.168303e+02,5.040584e+01,-6.642449e+01,-3.321224e+01,-4.614971e-19,-1.114203e+02
1.5500,14.920000,-1.125716e+02,4.877201e+01,-6.379964e+01,-3.189982e+01,-4.432605e-19,-1.070174e+02
1.6000,14.970000,-1.085069e+02,4.719751e+01,-6.130941e+01,-3.065471e+01,-4.259591e-19,-1.028403e+02
1.6500,15.020000,-1.046254e+02,4.567997e+01,-5.894546e+01,-2.947273e+01,-4.095351e-19,-9.887502e+01
1.7000,15.070000,-1.009171e+02,4.421713e+01,-5.670001e+01,-2.835001e+01,-3.939344e-19,-9.510851e+01
1.7500,15.120000,-9.737269e+01,4.280683e+01,-5.456587e+01,-2.728293e+01,-3.791070e-19,-9.152870e+01
1.8000,15.170000,-9.398330e+01,4.144698e+01,-5.253631e+01,-2.626816e+01,-3.650063e-19,-8.812433e+01
1.8500,15.220000,-9.074073e+01,4.013562e+01,-5.060512e+01,-2.530256e+01,-3.515889e-19,-8.488494e+01
1.9000,15.270000,-8.763729e+01,3.887082e+01,-4.876647e+01,-2.438323e+01,-3.388146e-19,-8.180080e+01
1.9500,15.320000,-8.466575e+01,3.765079e+01,-4.701496e+01,-2.350748e+01,-3.266456e-19,-7.886282e+01
2.0000,15.370000,-8.181931e+01,3.647376e+01,-4.534555e+01,-2.267278e+01,-3.150471e-19,-7.606256e+01
2.0500,15.420000,-7.909161e+01,3.533807e+01,-4.375354e+01,-2.187677e+01,-3.039862e-19,-7.339211e+01
2.1000,15.470000,-7.647665e+01,3.424212e+01,-4.223452e+01,-2.111726e+01,-2.934326e-19,-7.084413e+01
2.1500,15.520000,-7.396880e+01,3.318438e+01,-4.078442e+01,-2.039221e+01,-2.833577e-19,-6.841172e+01
2.2000,15.570000,-7.156276e+01,3.216337e+01,-3.939938e+01,-1.969969e+01,-2.737349e-19,-6.608846e+01
2.2500,15.620000,-6.925353e+01,3.117769e+01,-3.807584e+01,-1.903792e+01,-2.645393e-19,-6.386835e+01
2.3000,15.670000,-6.703642e+01,3.022599e+01,-3.681042e+01,-1.840521e+01,-2.557476e-19,-6.174575e+01
2.3500,15.720000,-6.490699e+01,2.930698e+01,-3.560001e+01,-1.780000e+01,-2.473380e-19,-5.971540e+01
2.4000,15.770000,-6.286105e+01,2.841941e+01,-3.444165e+01,-1.722082e+01,-2.392901e-19,-5.777236e+01
2.4500,15.820000,-6.089467e+01,2.756209e+01,-3.333258e+01,-1.666629e+01,-2.315846e-19,-5.591202e+01
2.5000,15.870000,-5.900412e+01,2.673389e+01,-3.227023e+01,-1.613511e+01,-2.242037e-19,-5.413003e+01
2.5500,15.920000,-5.718587e+01,2.593371e+01,-3.125216e+01,-1.562608e+01,-2.171305e-19,-5.242232e+01
2.6000,15.970000,-5.543659e+01,2.516104e+01,-3.027556e+01,-1.513778e+01,-2.103454e-19,-5.078417e+01
2.6500,16.020000,-5.375315e+01,2.441458e+01,-2.933857e+01,-1.466929e+01,-2.038355e-19,-4.921247e+01
2.7000,16.070000,-5.213256e+01,2.369306e+01,-2.843950e+01,-1.421975e+01,-1.975890e-19,-4.770438e+01
2.7500,16.120000,-5.057200e+01,2.299554e+01,-2.757646e+01,-1.378823e+01,-1.915928e-19,-4.625670e+01
2.8000,16.170000,-4.906880e+01,2.232116e+01,-2.674764e+01,-1.337382e+01,-1.858345e-19,-4.486645e+01
2.8500,16.220000,-4.762044e+01,2.166905e+01,-2.595138e+01,-1.297569e+01,-1.803023e-19,-4.353081e+01
2.9000,16.270000,-4.622450e+01,2.103841e+01,-2.518609e+01,-1.259304e+01,-1.749853e-19,-4.224711e+01
2.9500,16.320000,-4.487872e+01,2.042845e+01,-2.445027e+01,-1.222514e+01,-1.698730e-19,-4.101285e+01
3.0000,16.370000,-4.358094e+01,1.983842e+01,-2.374252e+01,-1.187126e+01,-1.649558e-19,-3.982567e+01
3.0500,16.420000,-4.232911e+01,1.926760e+01,-2.306151e+01,-1.153075e+01,-1.602243e-19,-3.868334e+01
3.1000,16.470000,-4.112127e+01,1.871529e+01,-2.240598e+01,-1.120299e+01,-1.556699e-19,-3.758375e+01
3.1500,16.520000,-3.995558e+01,1.818084e+01,-2.177474e+01,-1.088737e+01,-1.512842e-19,-3.652491e+01
3.2000,16.570000,-3.883028e+01,1.766363e+01,-2.116665e+01,-1.058333e+01,-1.470594e-19,-3.550491e+01
3.2500,16.620000,-3.774369e+01,1.716301e+01,-2.058069e+01,-1.029034e+01,-1.429884e-19,-3.452201e+01
3.3000,16.670000,-3.669424e+01,1.667839e+01,-2.001585e+01,-1.000792e+01,-1.390640e-19,-3.357455e+01
3.3500,16.720000,-3.568039e+01,1.620920e+01,-1.947118e+01,-9.735591e+00,-1.352798e-19,-3.266093e+01
3.4000,16.770000,-3.470071e+01,1.575491e+01,-1.894580e+01,-9.472898e+00,-1.316296e-19,-3.177965e+01
3.4500,16.820000,-3.375382e+01,1.531498e+01,-1.843884e+01,-9.219418e+00,-1.281074e-19,-3.092928e+01
3.5000,16.870000,-3.283842e+01,1.488891e+01,-1.794950e+01,-8.974751e+00,-1.247077e-19,-3.010847e+01
3.5500,16.920000,-3.195325e+01,1.447622e+01,-1.747703e+01,-8.738514e+00,-1.214251e-19,-2.931594e+01
3.6000,16.970000,-3.109713e+01,1.407644e+01,-1.702069e+01,-8.510346e+00,-1.182546e-19,-2.855048e+01
3.6500,17.020000,-3.026893e+01,1.368912e+01,-1.657981e+01,-8.289903e+00,-1.151914e-19,-2.781094e+01
3.7000,17.070000,-2.946755e+01,1.331383e+01,-1.615372e+01,-8.076860e+00,-1.122311e-19,-2.709622e+01
3.7500,17.120000,-2.869196e+01,1.295015e+01,-1.574181e+01,-7.870906e+00,-1.093693e-19,-2.640529e+01
3.8000,17.170000,-2.794119e+01,1.259769e+01,-1.534350e+01,-7.671748e+00,-1.066019e-19,-2.573716e+01
3.8500,17.220000,-2.721427e+01,1.225606e+01,-1.495821e+01,-7.479106e+00,-1.039251e-19,-2.509088e+01
3.9000,17.270000,-2.651032e+01,1.192489e+01,-1.458543e+01,-7.292714e+00,-1.013351e-19,-2.446558e+01
3.9500,17.320000,-2.582847e+01,1.160383e+01,-1.422464e+01,-7.112321e+00,-9.882847e-20,-2.386039e+01
4.0000,17.370000,-2.516790e+01,1.129253e+01,-1.387537e+01,-6.937684e+00,-9.640183e-20,-2.327452e+01
4.0500,17.420000,-2.452782e+01,1.099067e+01,-1.353715e+01,-6.768575e+00,-9.405200e-20,-2.270719e+01
4.1000,17.470000,-2.390747e+01,1.069791e+01,-1.320955e+01,-6.604777e+00,-9.177595e-20,-2.215768e+01
4.1500,17.520000,-2.330613e+01,1.041397e+01,-1.289216e+01,-6.446080e+00,-8.957080e-20,-2.162529e+01
4.2000,17.570000,-2.272311e+01,1.013854e+01,-1.258458e+01,-6.292288e+00,-8.743380e-20,-2.110935e+01
4.2500,17.620000,-2.215776e+01,9.871340e+00,-1.228642e+01,-6.143211e+00,-8.536231e-20,-2.060922e+01
4.3000,17.670000,-2.160943e+01,9.612097e+00,-1.199734e+01,-5.998669e+00,-8.335385e-20,-2.012432e+01
4.3500,17.720000,-2.107753e+01,9.360547e+00,-1.171698e+01,-5.858490e+00,-8.140601e-20,-1.965404e+01
4.4000,17.770000,-2.056146e+01,9.116436e+00,-1.144502e+01,-5.722511e+00,-7.951653e-20,-1.919786e+01
4.4500,17.820000,-2.006067e+01,8.879519e+00,-1.118115e+01,-5.590574e+00,-7.768321e-20,-1.875524e+01
4.5000,17.870000,-1.957462e+01,8.649561e+00,-1.092506e+01,-5.462530e+00,-7.590399e-20,-1.832568e+01
4.5500,17.920000,-1.910281e+01,8.426333e+00,-1.067647e+01,-5.338236e+00,-7.417688e-20,-1.790870e+01
4.6000,17.970000,-1.864473e+01,8.209618e+00,-1.043511e+01,-5.217556e+00,-7.249997e-20,-1.750384e+01
4.6500,18.020000,-1.819992e+01,7.999203e+00,-1.020071e+01,-5.100357e+00,-7.087145e-20,-1.711066e+01
4.7000,18.070000,-1.776792e+01,7.794922e+00,-9.972996e+00,-4.986498e+00,-6.928934e-20,-1.672869e+01
4.7500,18.120000,-1.734829e+01,7.596538e+00,-9.751755e+00,-4.875878e+00,-6.775223e-20,-1.635758e+01
4.8000,18.170000,-1.694063e+01,7.403863e+00,-9.536764e+00,-4.768382e+00,-6.625853e-20,-1.599695e+01
4.8500,18.220000,-1.654451e+01,7.216712e+00,-9.327803e+00,-4.663901e+00,-6.480673e-20,-1.564644e+01
4.9000,18.270000,-1.615957e+01,7.034911e+00,-9.124660e+00,-4.562330e+00,-6.339536e-20,-1.530569e+01
4.9500,18.320000,-1.578543e+01,6.858289e+00,-8.927136e+00,-4.463568e+00,-6.202302e-20,-1.497436e+01
5.0000,18.370000,-1.542172e+01,6.686681e+00,-8.735038e+00,-4.367519e+00,-6.068838e-20,-1.465214e+01
5.0500,18.420000,-1.506811e+01,6.519929e+00,-8.548180e+00,-4.274090e+00,-5.939015e-20,-1.433870e+01
5.1000,18.470000,-1.472426e+01,6.357879e+00,-8.366385e+00,-4.183193e+00,-5.812710e-20,-1.403376e+01
5.1500,18.520000,-1.438987e+01,6.200409e+00,-8.189460e+00,-4.094730e+00,-5.689787e-20,-1.373699e+01
5.2000,18.570000,-1.406462e+01,6.047389e+00,-8.017227e+00,-4.008613e+00,-5.570125e-20,-1.344808e+01
5.2500,18.620000,-1.374821e+01,5.898639e+00,-7.849571e+00,-3.924786e+00,-5.453643e-20,-1.316686e+01
5.3000,18.670000,-1.344037e+01,5.754028e+00,-7.686341e+00,-3.843171e+00,-5.340236e-20,-1.289306e+01
5.3500,18.720000,-1.314082e+01,5.613426e+00,-7.527394e+00,-3.763697e+00,-5.229804e-20,-1.262644e+01
5.4000,18.770000,-1.284930e+01,5.476711e+00,-7.372589e+00,-3.686294e+00,-5.122250e-20,-1.236677e+01
5.4500,18.820000,-1.256556e+01,5.343762e+00,-7.221793e+00,-3.610897e+00,-5.017482e-20,-1.211382e+01
5.5000,18.870000,-1.228934e+01,5.214464e+00,-7.074879e+00,-3.537439e+00,-4.915410e-20,-1.186739e+01
5.5500,18.920000,-1.202043e+01,5.088705e+00,-6.931722e+00,-3.465861e+00,-4.815949e-20,-1.162726e+01
5.6000,18.970000,-1.175858e+01,4.966377e+00,-6.792204e+00,-3.396102e+00,-4.719016e-20,-1.139323e+01
5.6500,19.020000,-1.150359e+01,4.847376e+00,-6.656210e+00,-3.328105e+00,-4.624532e-20,-1.116512e+01
5.7000,19.070000,-1.125523e+01,4.731600e+00,-6.523632e+00,-3.261816e+00,-4.532421e-20,-1.094273e+01
5.7500,19.120000,-1.101332e+01,4.618954e+00,-6.394362e+00,-3.197181e+00,-4.442608e-20,-1.072589e+01
5.8000,19.170000,-1.077764e+01,4.509341e+00,-6.268300e+00,-3.134150e+00,-4.355024e-20,-1.051444e+01
5.8500,19.220000,-1.054802e+01,4.402672e+00,-6.145348e+00,-3.072674e+00,-4.269601e-20,-1.030820e+01
5.9000,19.270000,-1.032427e+01,4.298858e+00,-6.025410e+00,-3.012705e+00,-4.186271e-20,-1.010701e+01
5.9500,19.320000,-1.010621e+01,4.197814e+00,-5.908396e+00,-2.954198e+00,-4.104974e-20,-9.910735e+00
6.0000,19.370000,-9.893676e+00,4.099457e+00,-5.794219e+00,-2.897109e+00,-4.025647e-20,-9.719214e+00
6.2000,19.570000,-9.095578e+00,3.731352e+00,-5.364226e+00,-2.682113e+00,-3.726901e-20,-8.997945e+00
6.4000,19.770000,-8.373689e+00,3.400319e+00,-4.973370e+00,-2.486685e+00,-3.455346e-20,-8.342323e+00
6.6000,19.970000,-7.719587e+00,3.102438e+00,-4.617148e+00,-2.308574e+00,-3.207854e-20,-7.744797e+00
6.8000,20.170000,-7.125908e+00,2.833949e+00,-4.291959e+00,-2.145980e+00,-2.981923e-20,-7.199326e+00
7.0000,20.370000,-6.586200e+00,2.591523e+00,-3.994677e+00,-1.997338e+00,-2.775380e-20,-6.700665e+00
7.2000,20.570000,-6.094790e+00,2.372853e+00,-3.721937e+00,-1.860969e+00,-2.585889e-20,-6.243172e+00
7.4000,20.770000,-5.646685e+00,2.175212e+00,-3.471473e+00,-1.735737e+00,-2.411874e-20,-5.823044e+00
7.6000,20.970000,-5.237478e+00,1.996008e+00,-3.241470e+00,-1.620735e+00,-2.252075e-20,-5.437237e+00
7.8000,21.170000,-4.863271e+00,1.833344e+00,-3.029927e+00,-1.514963e+00,-2.105101e-20,-5.082394e+00
8.0000,21.370000,-4.520607e+00,1.685535e+00,-2.835072e+00,-1.417536e+00,-1.969722e-20,-4.755545e+00
8.2000,21.570000,-4.206420e+00,1.551085e+00,-2.655335e+00,-1.327668e+00,-1.844846e-20,-4.454056e+00
8.4000,21.770000,-3.917980e+00,1.428660e+00,-2.489321e+00,-1.244660e+00,-1.729504e-20,-4.175582e+00
8.6000,21.970000,-3.652854e+00,1.317072e+00,-2.335782e+00,-1.167891e+00,-1.622830e-20,-3.918038e+00
8.8000,22.170000,-3.408870e+00,1.215262e+00,-2.193608e+00,-1.096804e+00,-1.524052e-20,-3.679554e+00
9.0000,22.370000,-3.184084e+00,1.122283e+00,-2.061801e+00,-1.030900e+00,-1.432477e-20,-3.458462e+00
9.2000,22.570000,-2.976757e+00,1.037288e+00,-1.939469e+00,-9.697344e-01,-1.347484e-20,-3.253262e+00
9.4000,22.770000,-2.785326e+00,9.595188e-01,-1.825807e+00,-9.129035e-01,-1.268515e-20,-3.062606e+00
9.6000,22.970000,-2.608388e+00,8.882962e-01,-1.720091e+00,-8.600457e-01,-1.195067e-20,-2.885279e+00
9.8000,23.170000,-2.444679e+00,8.230105e-01,-1.621668e+00,-8.108342e-01,-1.126686e-20,-2.720184e+00
10.0000,23.370000,-2.293061e+00,7.631138e-01,-1.529947e+00,-7.649736e-01,-1.062961e-20,-2.566331e+00
10.2000,23.570000,-2.152506e+00,7.081139e-01,-1.444392e+00,-7.221961e-01,-1.003520e-20,-2.422821e+00
10.4000,23.770000,-2.022086e+00,6.575686e-01,-1.364517e+00,-6.822585e-01,-9.480248e-21,-2.288839e+00
10.6000,23.970000,-1.900959e+00,6.110775e-01,-1.289881e+00,-6.449406e-01,-8.961702e-21,-2.163645e+00
10.8000,24.170000,-1.788364e+00,5.682804e-01,-1.220083e+00,-6.100417e-01,-8.476767e-21,-2.046566e+00
11.0000,24.370000,-1.683610e+00,5.288523e-01,-1.154757e+00,-5.773786e-01,-8.022902e-21,-1.936988e+00
11.2000,24.570000,-1.586068e+00,4.924997e-01,-1.093569e+00,-5.467843e-01,-7.597782e-21,-1.834350e+00
11.4000,24.770000,-1.495169e+00,4.589567e-01,-1.036212e+00,-5.181062e-01,-7.199288e-21,-1.738141e+00
11.6000,24.970000,-1.410392e+00,4.279827e-01,-9.824090e-01,-4.912045e-01,-6.825479e-21,-1.647891e+00
11.8000,25.170000,-1.331263e+00,3.993601e-01,-9.319026e-01,-4.659513e-01,-6.474575e-21,-1.563172e+00
12.0000,25.370000,-1.257349e+00,3.728908e-01,-8.844585e-01,-4.422293e-01,-6.144949e-21,-1.483589e+00
12.2000,25.570000,-1.188257e+00,3.483948e-01,-8.398619e-01,-4.199310e-01,-5.835105e-21,-1.408783e+00
12.4000,25.770000,-1.123624e+00,3.257093e-01,-7.979142e-01,-3.989571e-01,-5.543665e-21,-1.338420e+00
12.6000,25.970000,-1.063119e+00,3.046856e-01,-7.584335e-01,-3.792168e-01,-5.269365e-21,-1.272195e+00
12.8000,26.170000,-1.006441e+00,2.851888e-01,-7.212519e-01,-3.606260e-01,-5.011039e-21,-1.209827e+00
13.0000,26.370000,-9.533103e-01,2.670958e-01,-6.862145e-01,-3.431073e-01,-4.767610e-21,-1.151055e+00
13.2000,26.570000,-9.034728e-01,2.502946e-01,-6.531782e-01,-3.265891e-01,-4.538083e-21,-1.095640e+00
13.4000,26.770000,-8.566940e-01,2.346836e-01,-6.220104e-01,-3.110052e-01,-4.321539e-21,-1.043359e+00
13.6000,26.970000,-8.127582e-01,2.201702e-01,-5.925880e-01,-2.962940e-01,-4.117121e-21,-9.940062e-01
13.8000,27.170000,-7.714671e-01,2.066678e-01,-5.647994e-01,-2.823997e-01,-3.924054e-21,-9.473936e-01
14.0000,27.370000,-7.326380e-01,1.940974e-01,-5.385406e-01,-2.692703e-01,-3.741616e-21,-9.033472e-01
14.2000,27.570000,-6.961024e-01,1.823881e-01,-5.137143e-01,-2.568572e-01,-3.569131e-21,-8.617036e-01
14.4000,27.770000,-6.617047e-01,1.714743e-01,-4.902304e-01,-2.451152e-01,-3.405972e-21,-8.223117e-01
14.6000,27.970000,-6.293015e-01,1.612960e-01,-4.680054e-01,-2.340027e-01,-3.251559e-21,-7.850316e-01
14.8000,28.170000,-5.987599e-01,1.517989e-01,-4.469610e-01,-2.234805e-01,-3.105349e-21,-7.497316e-01
15.0000,28.370000,-5.699572e-01,1.429314e-01,-4.270258e-01,-2.135129e-01,-2.966845e-21,-7.162925e-01
15.2000,28.570000,-5.427799e-01,1.346471e-01,-4.081328e-01,-2.040664e-01,-2.835582e-21,-6.846013e-01
15.4000,28.770000,-5.171227e-01,1.269043e-01,-3.902183e-01,-1.951092e-01,-2.711118e-21,-6.545516e-01
15.6000,28.970000,-4.928880e-01,1.196633e-01,-3.732247e-01,-1.866123e-01,-2.593051e-21,-6.260465e-01
15.8000,29.170000,-4.699854e-01,1.128899e-01,-3.570955e-01,-1.785477e-01,-2.480991e-21,-5.989914e-01
16.0000,29.370000,-4.483309e-01,1.065484e-01,-3.417825e-01,-1.708912e-01,-2.374601e-21,-5.733054e-01
16.2000,29.570000,-4.278464e-01,1.006084e-01,-3.272380e-01,-1.636190e-01,-2.273550e-21,-5.489085e-01
16.4000,29.770000,-4.084595e-01,9.504145e-02,-3.134180e-01,-1.567090e-01,-2.177533e-21,-5.257269e-01
16.6000,29.970000,-3.901026e-01,8.982148e-02,-3.002811e-01,-1.501406e-01,-2.086262e-21,-5.036911e-01
16.8000,30.170000,-3.727130e-01,8.492503e-02,-2.877880e-01,-1.438940e-01,-1.999463e-21,-4.827352e-01
17.0000,30.370000,-3.562323e-01,8.033104e-02,-2.759013e-01,-1.379507e-01,-1.916878e-21,-4.627964e-01
17.2000,30.570000,-3.406060e-01,7.601731e-02,-2.645887e-01,-1.322944e-01,-1.838282e-21,-4.438207e-01
17.4000,30.770000,-3.257833e-01,7.196569e-02,-2.538176e-01,-1.269088e-01,-1.763447e-21,-4.257532e-01
17.6000,30.970000,-3.117167e-01,6.815729e-02,-2.435594e-01,-1.217797e-01,-1.692177e-21,-4.085462e-01
17.8000,31.170000,-2.983621e-01,6.457604e-02,-2.337860e-01,-1.168930e-01,-1.624274e-21,-3.921523e-01
18.0000,31.370000,-2.856781e-01,6.120692e-02,-2.244712e-01,-1.122356e-01,-1.559558e-21,-3.765276e-01
18.2000,31.570000,-2.736262e-01,5.803590e-02,-2.155903e-01,-1.077951e-01,-1.497856e-21,-3.616308e-01
18.4000,31.770000,-2.621701e-01,5.504989e-02,-2.071202e-01,-1.035601e-01,-1.439008e-21,-3.474232e-01
18.6000,31.970000,-2.512762e-01,5.223690e-02,-1.990393e-01,-9.951965e-02,-1.382865e-21,-3.338682e-01
18.8000,32.170000,-2.409128e-01,4.958595e-02,-1.913268e-01,-9.566342e-02,-1.329281e-21,-3.209314e-01
19.0000,32.370000,-2.310503e-01,4.708681e-02,-1.839635e-01,-9.198173e-02,-1.278122e-21,-3.085800e-01
19.2000,32.570000,-2.216609e-01,4.472999e-02,-1.769309e-01,-8.846545e-02,-1.229262e-21,-2.967836e-01
19.4000,32.770000,-2.127186e-01,4.250610e-02,-1.702125e-01,-8.510625e-02,-1.182585e-21,-2.855142e-01
19.6000,32.970000,-2.041990e-01,4.040703e-02,-1.637920e-01,-8.189599e-02,-1.137977e-21,-2.747444e-01
19.8000,33.170000,-1.960792e-01,3.842492e-02,-1.576543e-01,-7.882716e-02,-1.095334e-21,-2.644491e-01
20.0000,33.370000,-1.883378e-01,3.655232e-02,-1.517854e-01,-7.589272e-02,-1.054559e-21,-2.546046e-01
20.2000,33.570000,-1.809544e-01,3.478251e-02,-1.461718e-01,-7.308592e-02,-1.015557e-21,-2.451884e-01
20.4000,33.770000,-1.739101e-01,3.310921e-02,-1.408009e-01,-7.040043e-02,-9.782415e-22,-2.361791e-01
20.6000,33.970000,-1.671870e-01,3.152658e-02,-1.356605e-01,-6.783023e-02,-9.425275e-22,-2.275566e-01
20.8000,34.170000,-1.607685e-01,3.002915e-02,-1.307393e-01,-6.536965e-02,-9.083368e-22,-2.193019e-01
21.0000,34.370000,-1.546385e-01,2.861248e-02,-1.260260e-01,-6.301302e-02,-8.755906e-22,-2.113959e-01
21.2000,34.570000,-1.487824e-01,2.727154e-02,-1.215109e-01,-6.075543e-02,-8.442204e-22,-2.038221e-01
21.4000,34.770000,-1.431860e-01,2.600172e-02,-1.171843e-01,-5.859215e-02,-8.141608e-22,-1.965647e-01
21.6000,34.970000,-1.378362e-01,2.479849e-02,-1.130377e-01,-5.651885e-02,-7.853516e-22,-1.896093e-01
21.8000,35.170000,-1.327205e-01,2.365796e-02,-1.090625e-01,-5.453127e-02,-7.577333e-22,-1.829413e-01
22.0000,35.370000,-1.278272e-01,2.257651e-02,-1.052507e-01,-5.262533e-02,-7.312495e-22,-1.765473e-01
22.2000,35.570000,-1.231451e-01,2.155072e-02,-1.015944e-01,-5.079720e-02,-7.058470e-22,-1.704143e-01
22.4000,35.770000,-1.186639e-01,2.057742e-02,-9.808650e-02,-4.904325e-02,-6.814751e-22,-1.645301e-01
22.6000,35.970000,-1.143737e-01,1.965362e-02,-9.472006e-02,-4.736003e-02,-6.580861e-22,-1.588833e-01
22.8000,36.170000,-1.102651e-01,1.877653e-02,-9.148855e-02,-4.574427e-02,-6.356346e-22,-1.534628e-01
23.0000,36.370000,-1.063293e-01,1.794352e-02,-8.838579e-02,-4.419289e-02,-6.140775e-22,-1.482582e-01
23.2000,36.570000,-1.025580e-01,1.715213e-02,-8.540590e-02,-4.270295e-02,-5.933742e-22,-1.432597e-01
23.4000,36.770000,-9.894338e-02,1.640005e-02,-8.254333e-02,-4.127166e-02,-5.734859e-22,-1.384581e-01
23.6000,36.970000,-9.547790e-02,1.568511e-02,-7.979278e-02,-3.989639e-02,-5.543760e-22,-1.338443e-01
23.8000,37.170000,-9.215452e-02,1.500527e-02,-7.714925e-02,-3.857462e-02,-5.360095e-22,-1.294100e-01
24.0000,37.370000,-8.896659e-02,1.435862e-02,-7.460796e-02,-3.730398e-02,-5.183534e-22,-1.251473e-01
24.2000,37.570000,-8.590776e-02,1.374336e-02,-7.216441e-02,-3.608220e-02,-5.013763e-22,-1.210485e-01
24.4000,37.770000,-8.297206e-02,1.315778e-02,-6.981428e-02,-3.490714e-02,-4.850483e-22,-1.171064e-01
24.6000,37.970000,-8.015380e-02,1.260031e-02,-6.755349e-02,-3.377675e-02,-4.693411e-22,-1.133141e-01
24.8000,38.170000,-7.744760e-02,1.206944e-02,-6.537817e-02,-3.268908e-02,-4.542276e-22,-1.096652e-01
25.0000,38.370000,-7.484836e-02,1.156376e-02,-6.328461e-02,-3.164230e-02,-4.396822e-22,-1.061535e-01
