gap_nm,U_attr_kcalmol,U_rep_kcalmol,U_pair_kcalmol,U_pair_per_particle_kcalmol,U_pair_kBT_300K,figure_kcalmol
0.2000,-1.446267e+04,3.483459e+02,-1.411433e+04,-7.057163e+03,-2.367535e+04,1.301673e+01
0.2500,-6.774979e+03,3.166709e+02,-6.458308e+03,-3.229154e+03,-1.083316e+04,1.030466e+01
0.3000,-3.628825e+03,2.882227e+02,-3.340602e+03,-1.670301e+03,-5.603521e+03,9.217443e+00
0.3500,-2.147720e+03,2.626384e+02,-1.885082e+03,-9.425409e+02,-3.162033e+03,8.902352e+00
0.4000,-1.373058e+03,2.395992e+02,-1.133458e+03,-5.667292e+02,-1.901261e+03,8.309438e+00
0.4500,-9.333692e+02,2.188254e+02,-7.145437e+02,-3.572719e+02,-1.198575e+03,7.353644e+00
0.5000,-6.669536e+02,2.000709e+02,-4.668827e+02,-2.334413e+02,-7.831483e+02,6.433692e+00
0.5500,-4.966411e+02,1.831186e+02,-3.135225e+02,-1.567613e+02,-5.259022e+02,5.837992e+00
0.6000,-3.827643e+02,1.677771e+02,-2.149872e+02,-1.074936e+02,-3.606193e+02,5.392824e+00
0.6500,-3.036485e+02,1.538771e+02,-1.497714e+02,-7.488570e+01,-2.512263e+02,4.950273e+00
0.7000,-2.468301e+02,1.412689e+02,-1.055612e+02,-5.278060e+01,-1.770682e+02,4.318996e+00
0.7500,-2.048245e+02,1.298196e+02,-7.500487e+01,-3.750244e+01,-1.258131e+02,3.685783e+00
0.8000,-1.729664e+02,1.194115e+02,-5.355492e+01,-2.677746e+01,-8.983293e+01,3.160193e+00
0.8500,-1.482517e+02,1.099398e+02,-3.831188e+01,-1.915594e+01,-6.426429e+01,2.864716e+00
0.9000,-1.286895e+02,1.013113e+02,-2.737821e+01,-1.368910e+01,-4.592416e+01,2.658303e+00
0.9500,-1.129265e+02,9.344294e+01,-1.948358e+01,-9.741789e+00,-3.268172e+01,2.216249e+00
1.0000,-1.000212e+02,8.626058e+01,-1.376063e+01,-6.880316e+00,-2.308206e+01,1.738351e+00
1.0500,-8.930486e+01,7.969803e+01,-9.606829e+00,-4.803415e+00,-1.611448e+01,1.379928e+00
1.1000,-8.029331e+01,7.369610e+01,-6.597214e+00,-3.298607e+00,-1.106616e+01,1.379928e+00
1.1500,-7.262982e+01,6.820176e+01,-4.428064e+00,-2.214032e+00,-7.427627e+00,9.737160e-01
1.2000,-6.604724e+01,6.316748e+01,-2.879764e+00,-1.439882e+00,-4.830511e+00,6.630820e-01
1.2500,-6.034250e+01,5.855061e+01,-1.791889e+00,-8.959443e-01,-3.005711e+00,3.405020e-01
1.3000,-5.535902e+01,5.431281e+01,-1.046210e+00,-5.231050e-01,-1.754911e+00,3.056166e-01
1.3500,-5.097456e+01,5.041963e+01,-5.549320e-01,-2.774660e-01,-9.308421e-01,1.015530e-01
1.4000,-4.709245e+01,4.684001e+01,-2.524370e-01,-1.262185e-01,-4.234375e-01,-1.373950e-01
1.4500,-4.363540e+01,4.354598e+01,-8.942157e-02,-4.471078e-02,-1.499956e-01,-3.763440e-01
1.5000,-4.054098e+01,4.051230e+01,-2.868447e-02,-1.434224e-02,-4.811529e-02,-5.268834e-01
1.5500,-3.775824e+01,3.771617e+01,-4.206953e-02,-2.103476e-02,-7.056736e-02,-6.662718e-01
1.6000,-3.524519e+01,3.513697e+01,-1.082257e-01,-5.411285e-02,-1.815376e-01,-8.183990e-01
1.6500,-3.296701e+01,3.275606e+01,-2.109519e-01,-1.054760e-01,-3.538505e-01,-9.737160e-01
1.7000,-3.089450e+01,3.055653e+01,-3.379643e-01,-1.689822e-01,-5.669009e-01,-1.129032e+00
1.7500,-2.900306e+01,2.852308e+01,-4.799713e-01,-2.399856e-01,-8.051031e-01,-1.278317e+00
1.8000,-2.727178e+01,2.664181e+01,-6.299750e-01,-3.149875e-01,-1.056719e+00,-1.357658e+00
1.8500,-2.568282e+01,2.490008e+01,-7.827413e-01,-3.913707e-01,-1.312969e+00,-1.403823e+00
1.9000,-2.422081e+01,2.328642e+01,-9.343941e-01,-4.671970e-01,-1.567351e+00,-1.535245e+00
1.9500,-2.287250e+01,2.179039e+01,-1.082105e+00,-5.410523e-01,-1.815120e+00,-1.571087e+00
2.0000,-2.162634e+01,2.040249e+01,-1.223852e+00,-6.119258e-01,-2.052887e+00,-1.595720e+00
2.0500,-2.047227e+01,1.911404e+01,-1.358237e+00,-6.791183e-01,-2.278304e+00,-1.672582e+00
2.1000,-1.940147e+01,1.791714e+01,-1.484340e+00,-7.421698e-01,-2.489829e+00,-1.749445e+00
2.1500,-1.840618e+01,1.680457e+01,-1.601607e+00,-8.008034e-01,-2.686533e+00,-1.826307e+00
2.2000,-1.747952e+01,1.576975e+01,-1.709764e+00,-8.548821e-01,-2.867956e+00,-1.893668e+00
2.2500,-1.661540e+01,1.480665e+01,-1.808749e+00,-9.043745e-01,-3.033993e+00,-1.893668e+00
2.3000,-1.580841e+01,1.390975e+01,-1.898657e+00,-9.493283e-01,-3.184804e+00,-2.016297e+00
2.3500,-1.505370e+01,1.307400e+01,-1.979699e+00,-9.898493e-01,-3.320743e+00,-2.084827e+00
2.4000,-1.434696e+01,1.229479e+01,-2.052171e+00,-1.026086e+00,-3.442309e+00,-2.084827e+00
2.4500,-1.368428e+01,1.156785e+01,-2.116428e+00,-1.058214e+00,-3.550094e+00,-2.120705e+00
2.5000,-1.306218e+01,1.088931e+01,-2.172864e+00,-1.086432e+00,-3.644759e+00,-2.170251e+00
2.5500,-1.247748e+01,1.025558e+01,-2.221896e+00,-1.110948e+00,-3.727005e+00,-2.204301e+00
2.6000,-1.192734e+01,9.663390e+00,-2.263953e+00,-1.131977e+00,-3.797552e+00,-2.252091e+00
2.6500,-1.140917e+01,9.109704e+00,-2.299469e+00,-1.149734e+00,-3.857125e+00,-2.252091e+00
2.7000,-1.092062e+01,8.591748e+00,-2.328871e+00,-1.164435e+00,-3.906444e+00,-2.252091e+00
2.7500,-1.045954e+01,8.106962e+00,-2.352580e+00,-1.176290e+00,-3.946214e+00,-2.257647e+00
2.8000,-1.002399e+01,7.652987e+00,-2.371005e+00,-1.185502e+00,-3.977119e+00,-2.287933e+00
2.8500,-9.612187e+00,7.227650e+00,-2.384537e+00,-1.192268e+00,-3.999818e+00,-2.287933e+00
2.9000,-9.222497e+00,6.828944e+00,-2.393552e+00,-1.196776e+00,-4.014941e+00,-2.323775e+00
2.9500,-8.853428e+00,6.455018e+00,-2.398409e+00,-1.199205e+00,-4.023088e+00,-2.247432e+00
3.0000,-8.503609e+00,6.104162e+00,-2.399447e+00,-1.199724e+00,-4.024829e+00,-2.204301e+00
3.0500,-8.171781e+00,5.774794e+00,-2.396986e+00,-1.198493e+00,-4.020701e+00,-2.204301e+00
3.1000,-7.856782e+00,5.465454e+00,-2.391329e+00,-1.195664e+00,-4.011211e+00,-2.323775e+00
3.1500,-7.557545e+00,5.174787e+00,-2.382758e+00,-1.191379e+00,-3.996835e+00,-2.287933e+00
3.2000,-7.273082e+00,4.901543e+00,-2.371539e+00,-1.185770e+00,-3.978016e+00,-2.287933e+00
3.2500,-7.002481e+00,4.644561e+00,-2.357921e+00,-1.178960e+00,-3.955172e+00,-2.287933e+00
3.3000,-6.744899e+00,4.402766e+00,-2.342134e+00,-1.171067e+00,-3.928691e+00,-2.287933e+00
3.3500,-6.499554e+00,4.175160e+00,-2.324394e+00,-1.162197e+00,-3.898934e+00,-2.287933e+00
3.4000,-6.265720e+00,3.960819e+00,-2.304901e+00,-1.152451e+00,-3.866238e+00,-2.279762e+00
3.4500,-6.042726e+00,3.758883e+00,-2.283843e+00,-1.141921e+00,-3.830914e+00,-2.252091e+00
3.5000,-5.829945e+00,3.568555e+00,-2.261390e+00,-1.130695e+00,-3.793252e+00,-2.252091e+00
3.5500,-5.626796e+00,3.389094e+00,-2.237702e+00,-1.118851e+00,-3.753518e+00,-2.252091e+00
3.6000,-5.432737e+00,3.219809e+00,-2.212928e+00,-1.106464e+00,-3.711962e+00,-2.218064e+00
3.6500,-5.247263e+00,3.060059e+00,-2.187203e+00,-1.093602e+00,-3.668811e+00,-2.204301e+00
3.7000,-5.069902e+00,2.909248e+00,-2.160653e+00,-1.080327e+00,-3.624277e+00,-2.204301e+00
3.7500,-4.900214e+00,2.766820e+00,-2.133395e+00,-1.066697e+00,-3.578553e+00,-2.168459e+00
3.8000,-4.737789e+00,2.632256e+00,-2.105533e+00,-1.052767e+00,-3.531818e+00,-2.168459e+00
3.8500,-4.582240e+00,2.505073e+00,-2.077167e+00,-1.038583e+00,-3.484236e+00,-2.139175e+00
3.9000,-4.433209e+00,2.384823e+00,-2.048386e+00,-1.024193e+00,-3.435959e+00,-2.132616e+00
3.9500,-4.290357e+00,2.271084e+00,-2.019273e+00,-1.009636e+00,-3.387125e+00,-2.132616e+00
4.0000,-4.153367e+00,2.163465e+00,-1.989902e+00,-9.949512e-01,-3.337859e+00,-2.084827e+00
4.0500,-4.021943e+00,2.061599e+00,-1.960344e+00,-9.801722e-01,-3.288279e+00,-2.084827e+00
4.1000,-3.895806e+00,1.965144e+00,-1.930661e+00,-9.653307e-01,-3.238488e+00,-2.051780e+00
4.1500,-3.774693e+00,1.873782e+00,-1.900911e+00,-9.504555e-01,-3.188585e+00,-2.048984e+00
4.2000,-3.658358e+00,1.787212e+00,-1.871145e+00,-9.355727e-01,-3.138656e+00,-2.013142e+00
4.2500,-3.546568e+00,1.705156e+00,-1.841412e+00,-9.207060e-01,-3.088782e+00,-2.013142e+00
4.3000,-3.439105e+00,1.627351e+00,-1.811754e+00,-9.058771e-01,-3.039034e+00,-1.993740e+00
4.3500,-3.335764e+00,1.553553e+00,-1.782211e+00,-8.911054e-01,-2.989478e+00,-1.965352e+00
4.4000,-3.236349e+00,1.483532e+00,-1.752817e+00,-8.764086e-01,-2.940173e+00,-1.965352e+00
4.4500,-3.140678e+00,1.417073e+00,-1.723605e+00,-8.618025e-01,-2.891172e+00,-1.929510e+00
4.5000,-3.048577e+00,1.353974e+00,-1.694603e+00,-8.473013e-01,-2.842524e+00,-1.929510e+00
4.5500,-2.959883e+00,1.294047e+00,-1.665836e+00,-8.329179e-01,-2.794270e+00,-1.911195e+00
4.6000,-2.874441e+00,1.237114e+00,-1.637327e+00,-8.186636e-01,-2.746450e+00,-1.887360e+00
4.6500,-2.792106e+00,1.183009e+00,-1.609097e+00,-8.045487e-01,-2.699097e+00,-1.845878e+00
4.7000,-2.712739e+00,1.131575e+00,-1.581164e+00,-7.905819e-01,-2.652242e+00,-1.845878e+00
4.7500,-2.636209e+00,1.082666e+00,-1.553543e+00,-7.767714e-01,-2.605910e+00,-1.810214e+00
4.8000,-2.562391e+00,1.036143e+00,-1.526248e+00,-7.631239e-01,-2.560126e+00,-1.787957e+00
4.8500,-2.491169e+00,9.918783e-01,-1.499291e+00,-7.496455e-01,-2.514908e+00,-1.774194e+00
4.9000,-2.422431e+00,9.497485e-01,-1.472683e+00,-7.363414e-01,-2.470276e+00,-1.774194e+00
4.9500,-2.356071e+00,9.096394e-01,-1.446432e+00,-7.232159e-01,-2.426243e+00,-1.726404e+00
5.0000,-2.291989e+00,8.714431e-01,-1.420546e+00,-7.102729e-01,-2.382821e+00,-1.726404e+00
5.0500,-2.230089e+00,8.350581e-01,-1.395031e+00,-6.975154e-01,-2.340023e+00,-1.726404e+00
5.1000,-2.170281e+00,8.003888e-01,-1.369892e+00,-6.849459e-01,-2.297854e+00,-1.690562e+00
5.1500,-2.112478e+00,7.673452e-01,-1.345133e+00,-6.725663e-01,-2.256323e+00,-1.654719e+00
5.2000,-2.056599e+00,7.358424e-01,-1.320756e+00,-6.603781e-01,-2.215434e+00,-1.654719e+00
5.2500,-2.002565e+00,7.058005e-01,-1.296765e+00,-6.483824e-01,-2.175191e+00,-1.654719e+00
5.3000,-1.950303e+00,6.771440e-01,-1.273159e+00,-6.365797e-01,-2.135596e+00,-1.654719e+00
5.3500,-1.899742e+00,6.498018e-01,-1.249941e+00,-6.249703e-01,-2.096649e+00,-1.654719e+00
5.4000,-1.850815e+00,6.237068e-01,-1.227108e+00,-6.135542e-01,-2.058350e+00,-1.571087e+00
5.4500,-1.803457e+00,5.987957e-01,-1.204662e+00,-6.023309e-01,-2.020698e+00,-1.546392e+00
5.5000,-1.757608e+00,5.750086e-01,-1.182599e+00,-5.912997e-01,-1.983690e+00,-1.535245e+00
5.5500,-1.713209e+00,5.522892e-01,-1.160919e+00,-5.804597e-01,-1.947325e+00,-1.535245e+00
5.6000,-1.670204e+00,5.305840e-01,-1.139620e+00,-5.698099e-01,-1.911596e+00,-1.487455e+00
5.6500,-1.628540e+00,5.098426e-01,-1.118698e+00,-5.593488e-01,-1.876502e+00,-1.451613e+00
5.7000,-1.588167e+00,4.900175e-01,-1.098150e+00,-5.490749e-01,-1.842035e+00,-1.451613e+00
5.7500,-1.549037e+00,4.710634e-01,-1.077973e+00,-5.389866e-01,-1.808191e+00,-1.436738e+00
5.8000,-1.511102e+00,4.529378e-01,-1.058164e+00,-5.290821e-01,-1.774963e+00,-1.415771e+00
5.8500,-1.474319e+00,4.356004e-01,-1.038719e+00,-5.193593e-01,-1.742345e+00,-1.415771e+00
5.9000,-1.438645e+00,4.190130e-01,-1.019632e+00,-5.098162e-01,-1.710330e+00,-1.367981e+00
5.9500,-1.404041e+00,4.031394e-01,-1.000901e+00,-5.004507e-01,-1.678910e+00,-1.367981e+00
6.0000,-1.370466e+00,3.879455e-01,-9.825209e-01,-4.912604e-01,-1.648079e+00,-1.367981e+00
6.2000,-1.245754e+00,3.333430e-01,-9.124106e-01,-4.562053e-01,-1.530476e+00,-1.296296e+00
6.4000,-1.134827e+00,2.873061e-01,-8.475206e-01,-4.237603e-01,-1.421630e+00,-1.231016e+00
6.6000,-1.035881e+00,2.483583e-01,-7.875229e-01,-3.937615e-01,-1.320990e+00,-1.176822e+00
6.8000,-9.473865e-01,2.152998e-01,-7.320867e-01,-3.660433e-01,-1.228001e+00,-1.093190e+00
7.0000,-8.680383e-01,1.871514e-01,-6.808869e-01,-3.404435e-01,-1.142119e+00,-1.057348e+00
7.2000,-7.967206e-01,1.631108e-01,-6.336098e-01,-3.168049e-01,-1.062816e+00,-1.009558e+00
7.4000,-7.324752e-01,1.425185e-01,-5.899566e-01,-2.949783e-01,-9.895923e-01,-9.737160e-01
7.6000,-6.744756e-01,1.248301e-01,-5.496455e-01,-2.748228e-01,-9.219745e-01,-8.900840e-01
7.8000,-6.220072e-01,1.095946e-01,-5.124126e-01,-2.562063e-01,-8.595200e-01,-8.542410e-01
8.0000,-5.744496e-01,9.643747e-02,-4.780121e-01,-2.390060e-01,-8.018167e-01,-8.183990e-01
8.2000,-5.312626e-01,8.504630e-02,-4.462163e-01,-2.231082e-01,-7.484826e-01,-7.706090e-01
8.4000,-4.919748e-01,7.515989e-02,-4.168149e-01,-2.084075e-01,-6.991647e-01,-7.347670e-01
8.6000,-4.561731e-01,6.655911e-02,-3.896140e-01,-1.948070e-01,-6.535379e-01,-6.989250e-01
8.8000,-4.234948e-01,5.905963e-02,-3.644352e-01,-1.822176e-01,-6.113030e-01,-6.511350e-01
9.0000,-3.936208e-01,5.250591e-02,-3.411149e-01,-1.705574e-01,-5.721856e-01,-6.511350e-01
9.2000,-3.662693e-01,4.676637e-02,-3.195029e-01,-1.597515e-01,-5.359337e-01,-6.152930e-01
9.4000,-3.411912e-01,4.172940e-02,-2.994618e-01,-1.497309e-01,-5.023167e-01,-5.794500e-01
9.6000,-3.181655e-01,3.730008e-02,-2.808654e-01,-1.404327e-01,-4.711232e-01,-5.316610e-01
9.8000,-2.969960e-01,3.339747e-02,-2.635985e-01,-1.317992e-01,-4.421597e-01,-5.316610e-01
10.0000,-2.775079e-01,2.995241e-02,-2.475555e-01,-1.237777e-01,-4.152492e-01,-4.958180e-01
10.2000,-2.595455e-01,2.690565e-02,-2.326398e-01,-1.163199e-01,-3.902296e-01,-4.958180e-01
10.4000,-2.429693e-01,2.420632e-02,-2.187630e-01,-1.093815e-01,-3.669527e-01,-4.599760e-01
10.6000,-2.276547e-01,2.181065e-02,-2.058441e-01,-1.029220e-01,-3.452826e-01,-4.121860e-01
10.8000,-2.134899e-01,1.968087e-02,-1.938090e-01,-9.690451e-02,-3.250949e-01,-4.121860e-01
11.0000,-2.003742e-01,1.778437e-02,-1.825898e-01,-9.129492e-02,-3.062759e-01,-3.763440e-01
11.2000,-1.882173e-01,1.609290e-02,-1.721244e-01,-8.606218e-02,-2.887211e-01,-3.763440e-01
11.4000,-1.769375e-01,1.458195e-02,-1.623556e-01,-8.117778e-02,-2.723350e-01,-3.763440e-01
11.6000,-1.664613e-01,1.323020e-02,-1.532311e-01,-7.661557e-02,-2.570297e-01,-3.405020e-01
11.8000,-1.567222e-01,1.201911e-02,-1.447031e-01,-7.235154e-02,-2.427247e-01,-3.405020e-01
12.0000,-1.476598e-01,1.093248e-02,-1.367274e-01,-6.836368e-02,-2.293463e-01,-2.927120e-01
12.2000,-1.392196e-01,9.956153e-03,-1.292635e-01,-6.463173e-02,-2.168263e-01,-2.927120e-01
12.4000,-1.313520e-01,9.077740e-03,-1.222742e-01,-6.113711e-02,-2.051026e-01,-2.927120e-01
12.6000,-1.240118e-01,8.286371e-03,-1.157254e-01,-5.786270e-02,-1.941176e-01,-2.568700e-01
12.8000,-1.171580e-01,7.572498e-03,-1.095855e-01,-5.479276e-02,-1.838186e-01,-2.568700e-01
13.0000,-1.107533e-01,6.927716e-03,-1.038256e-01,-5.191281e-02,-1.741569e-01,-2.568700e-01
13.2000,-1.047636e-01,6.344622e-03,-9.841895e-02,-4.920947e-02,-1.650878e-01,-2.210270e-01
13.4000,-9.915758e-02,5.816679e-03,-9.334090e-02,-4.667045e-02,-1.565699e-01,-2.210270e-01
13.6000,-9.390688e-02,5.338107e-03,-8.856877e-02,-4.428438e-02,-1.485651e-01,-2.210270e-01
13.8000,-8.898537e-02,4.903793e-03,-8.408157e-02,-4.204079e-02,-1.410383e-01,-2.210270e-01
14.0000,-8.436915e-02,4.509201e-03,-7.985995e-02,-3.992998e-02,-1.339570e-01,-1.732380e-01
14.2000,-8.003630e-02,4.150306e-03,-7.588600e-02,-3.794300e-02,-1.272911e-01,-1.732380e-01
14.4000,-7.596669e-02,3.823529e-03,-7.214316e-02,-3.607158e-02,-1.210128e-01,-1.732380e-01
14.6000,-7.214179e-02,3.525683e-03,-6.861611e-02,-3.430806e-02,-1.150966e-01,-1.732380e-01
14.8000,-6.854460e-02,3.253930e-03,-6.529067e-02,-3.264534e-02,-1.095185e-01,-1.732380e-01
15.0000,-6.515943e-02,3.005735e-03,-6.215370e-02,-3.107685e-02,-1.042565e-01,-1.373950e-01
15.2000,-6.197183e-02,2.778833e-03,-5.919300e-02,-2.959650e-02,-9.929024e-02,-1.373950e-01
15.4000,-5.896847e-02,2.571200e-03,-5.639727e-02,-2.819863e-02,-9.460069e-02,-1.373950e-01
15.6000,-5.613704e-02,2.381021e-03,-5.375602e-02,-2.687801e-02,-9.017026e-02,-1.373950e-01
15.8000,-5.346616e-02,2.206667e-03,-5.125950e-02,-2.562975e-02,-8.598260e-02,-1.373950e-01
16.0000,-5.094533e-02,2.046679e-03,-4.889865e-02,-2.444932e-02,-8.202251e-02,-1.373950e-01
16.2000,-4.856479e-02,1.899744e-03,-4.666504e-02,-2.333252e-02,-7.827587e-02,-1.015530e-01
16.4000,-4.631553e-02,1.764680e-03,-4.455086e-02,-2.227543e-02,-7.472954e-02,-1.015530e-01
16.6000,-4.418920e-02,1.640422e-03,-4.254878e-02,-2.127439e-02,-7.137126e-02,-1.015530e-01
16.8000,-4.217804e-02,1.526012e-03,-4.065203e-02,-2.032601e-02,-6.818965e-02,-1.015530e-01
17.0000,-4.027484e-02,1.420584e-03,-3.885426e-02,-1.942713e-02,-6.517407e-02,-1.015530e-01
17.2000,-3.847292e-02,1.323355e-03,-3.714956e-02,-1.857478e-02,-6.231462e-02,-1.015530e-01
17.4000,-3.676606e-02,1.233617e-03,-3.553244e-02,-1.776622e-02,-5.960206e-02,-1.015530e-01
17.6000,-3.514847e-02,1.150729e-03,-3.399774e-02,-1.699887e-02,-5.702775e-02,-5.376300e-02
17.8000,-3.361476e-02,1.074112e-03,-3.254065e-02,-1.627033e-02,-5.458364e-02,-5.376300e-02
18.0000,-3.215993e-02,1.003239e-03,-3.115669e-02,-1.557835e-02,-5.226218e-02,-5.376300e-02
18.2000,-3.077929e-02,9.376307e-04,-2.984166e-02,-1.492083e-02,-5.005635e-02,-5.376300e-02
18.4000,-2.946848e-02,8.768540e-04,-2.859162e-02,-1.429581e-02,-4.795954e-02,-5.376300e-02
18.6000,-2.822342e-02,8.205135e-04,-2.740291e-02,-1.370145e-02,-4.596559e-02,-5.376300e-02
18.8000,-2.704032e-02,7.682497e-04,-2.627207e-02,-1.313604e-02,-4.406873e-02,-3.598573e-02
19.0000,-2.591563e-02,7.197350e-04,-2.519589e-02,-1.259795e-02,-4.226355e-02,-1.792100e-02
19.2000,-2.484601e-02,6.746707e-04,-2.417134e-02,-1.208567e-02,-4.054496e-02,-1.792100e-02
19.4000,-2.382836e-02,6.327843e-04,-2.319558e-02,-1.159779e-02,-3.890823e-02,-1.792100e-02
19.6000,-2.285978e-02,5.938270e-04,-2.226595e-02,-1.113298e-02,-3.734888e-02,-1.792100e-02
19.8000,-2.193754e-02,5.575711e-04,-2.137997e-02,-1.068998e-02,-3.586272e-02,-1.792100e-02
20.0000,-2.105908e-02,5.238087e-04,-2.053527e-02,-1.026763e-02,-3.444583e-02,-1.792100e-02
20.2000,-2.022201e-02,4.923491e-04,-1.972966e-02,-9.864828e-03,-3.309450e-02,-1.792100e-02
20.4000,-1.942408e-02,4.630180e-04,-1.896106e-02,-9.480531e-03,-3.180526e-02,-1.792100e-02
20.6000,-1.866319e-02,4.356554e-04,-1.822754e-02,-9.113768e-03,-3.057484e-02,-1.792100e-02
20.8000,-1.793736e-02,4.101144e-04,-1.752725e-02,-8.763623e-03,-2.940018e-02,-1.792100e-02
21.0000,-1.724473e-02,3.862604e-04,-1.685847e-02,-8.429234e-03,-2.827837e-02,-1.792100e-02
21.2000,-1.658355e-02,3.639695e-04,-1.621958e-02,-8.109788e-03,-2.720669e-02,-1.792100e-02
21.4000,-1.595217e-02,3.431279e-04,-1.560904e-02,-7.804521e-03,-2.618258e-02,-1.792100e-02
21.6000,-1.534906e-02,3.236310e-04,-1.502542e-02,-7.512712e-03,-2.520362e-02,-1.792100e-02
21.8000,-1.477275e-02,3.053822e-04,-1.446736e-02,-7.233682e-03,-2.426753e-02,-1.792100e-02
22.0000,-1.422187e-02,2.882929e-04,-1.393358e-02,-6.966789e-03,-2.337216e-02,-1.792100e-02
22.2000,-1.369514e-02,2.722811e-04,-1.342286e-02,-6.711428e-03,-2.251548e-02,-1.792100e-02
22.4000,-1.319133e-02,2.572714e-04,-1.293406e-02,-6.467029e-03,-2.169557e-02,-1.792100e-02
22.6000,-1.270930e-02,2.431940e-04,-1.246611e-02,-6.233053e-03,-2.091063e-02,-1.792100e-02
22.8000,-1.224797e-02,2.299846e-04,-1.201798e-02,-6.008991e-03,-2.015894e-02,-1.792100e-02
23.0000,-1.180631e-02,2.175837e-04,-1.158872e-02,-5.794361e-03,-1.943890e-02,-1.792100e-02
23.2000,-1.138335e-02,2.059362e-04,-1.117742e-02,-5.588709e-03,-1.874898e-02,-1.792100e-02
23.4000,-1.097820e-02,1.949914e-04,-1.078321e-02,-5.391603e-03,-1.808773e-02,-1.792100e-02
23.6000,-1.058998e-02,1.847021e-04,-1.040528e-02,-5.202639e-03,-1.745380e-02,-1.792100e-02
23.8000,-1.021788e-02,1.750246e-04,-1.004286e-02,-5.021429e-03,-1.684588e-02,-1.792100e-02
24.0000,-9.861140e-03,1.659185e-04,-9.695221e-03,-4.847611e-03,-1.626275e-02,-1.792100e-02
24.2000,-9.519020e-03,1.573464e-04,-9.361674e-03,-4.680837e-03,-1.570326e-02,-1.792100e-02
24.4000,-9.190837e-03,1.492733e-04,-9.041563e-03,-4.520782e-03,-1.516630e-02,-1.792100e-02
24.6000,-8.875936e-03,1.416671e-04,-8.734269e-03,-4.367134e-03,-1.465085e-02,-1.792100e-02
24.8000,-8.573700e-03,1.344976e-04,-8.439203e-03,-4.219601e-03,-1.415591e-02,-1.792100e-02
25.0000,-8.283545e-03,1.277370e-04,-8.155808e-03,-4.077904e-03,-1.368054e-02,-1.792100e-02
