geometry,temperature_K,window_s,center_distance_nm,rotation_mobility,extra_contact_barrier_kBT,tau_B_free_s,tau_joint_s,hexane_viscosity_Pa_s,Udd_time_mean_J,Udd_end_J,Udd_eq_J,Udd_initial_J,Neel_only_Udd_time_mean_J,vdW_J,Brownian_max_transition_barrier_J,detailed_balance_relative_error,kBT_J,Udd_time_mean_kBT,Udd_end_kBT,Udd_eq_kBT,Udd_initial_kBT,Neel_only_Udd_time_mean_kBT,vdW_kBT,Brownian_max_transition_barrier_kBT,kBT_kBT
face,200.0,20.0,19.0,1.0,0.0,4.082952141031122e-06,0.05988960517478765,0.00104642206279509,-2.6271595653194752e-20,-2.6271601110671205e-20,-2.627160111067121e-20,0.0,-2.772815723139598e-22,-4.8834370285786125e-21,2.6490341049134006e-20,2.7736967769790222e-17,2.7612980000000003e-21,-9.514219636270605,-9.514221612687658,-9.51422161268766,0.0,-0.10041711264556008,-1.7685295207466243,9.59343795893598,1.0
face,201.0,20.0,19.0,1.0,0.0,3.99898164635452e-06,0.05592401276112439,0.0010300257243557134,-2.6266312184850647e-20,-2.62663175279616e-20,-2.6266317527961612e-20,0.0,-3.157693708531275e-22,-4.8834370285786125e-21,2.6490341049134006e-20,2.986852844840101e-17,2.7751044900000003e-21,-9.464981329351906,-9.464983254724796,-9.464983254724801,0.0,-0.11378647974913819,-1.7597308664145515,9.545709411876597,1.0
face,202.0,20.0,19.0,1.0,0.0,3.917065764442711e-06,0.052250056320529335,0.001013946021091491,-2.6260955267075237e-20,-2.6260960498637198e-20,-2.6260960498637186e-20,0.0,-3.5904274730400744e-22,-4.8834370285786125e-21,2.6490341049134006e-20,3.190088139126248e-17,2.7889109800000003e-21,-9.416204194181642,-9.416206070025654,-9.41620607002565,0.0,-0.12873940756044044,-1.7510193274719053,9.498453424689089,1.0
face,203.0,20.0,19.0,1.0,0.0,3.83715006427453e-06,0.04884429725333289,0.000998176692261181,-2.6255524883142174e-20,-2.625553000589672e-20,-2.6255530005896707e-20,0.0,-4.0761109455944733e-22,-4.8834370285786125e-21,2.6490341049134006e-20,2.863206476907569e-17,2.8027174700000003e-21,-9.367881409445873,-9.36788323722716,-9.367883237227156,0.0,-0.14543424334506586,-1.7423936164991372,9.451663013730029,1.0
face,204.0,20.0,19.0,1.0,0.0,3.75918151676907e-06,0.04568533181025614,0.0009827115646105378,-2.6250021027035617e-20,-2.6250026043651332e-20,-2.625002604365134e-20,0.0,-4.620244127959421e-22,-4.8834370285786125e-21,2.6490341049134006e-20,3.5683292235684734e-17,2.8165239600000003e-21,-9.320006291384653,-9.320008072521892,-9.320008072521896,0.0,-0.16404064703782675,-1.73385247132022,9.405331332290176,1.0
face,205.0,20.0,19.0,1.0,0.0,3.683108468787375e-06,0.04275360194376892,0.0009675445545252112,-2.62444437032751e-20,-2.6244448616349447e-20,-2.6244448616349465e-20,0.0,-5.228741901385238e-22,-4.8834370285786125e-21,2.6490341049134006e-20,3.744065837320466e-17,2.8303304500000003e-21,-9.272572290375173,-9.272574026241156,-9.272574026241163,0.0,-0.18473962647666237,-1.7253946543869505,9.359451667254614,1.0
face,206.0,20.0,19.0,1.0,0.0,3.608880616601097e-06,0.040031224852291776,0.0009526696698430478,-2.6238792926739653e-20,-2.6238797738800865e-20,-2.6238797738800865e-20,0.0,-5.907938065643662e-22,-4.8834370285786125e-21,2.6490341049134006e-20,3.6668852961754896e-17,2.8441369400000004e-21,-9.225572987614179,-9.225574679537358,-9.225574679537358,0.0,-0.20772340398081046,-1.7170189521811885,9.314017435860174,1.0
face,207.0,20.0,19.0,1.0,0.0,3.5364489789478584e-06,0.03750183926577962,0.0009380810113527656,-2.6233068722491515e-20,-2.623307343600044e-20,-2.6233073436000442e-20,0.0,-6.664583528041529e-22,-4.8834370285786125e-21,2.6490341049134006e-20,5.028260620208319e-17,2.8579434300000004e-21,-9.179002091896379,-9.179003741162377,-9.179003741162377,0.0,-0.23319508210285073,-1.7087241746344195,9.26902218254684,1.0
face,208.0,20.0,19.0,1.0,0.0,3.465765869781389e-06,0.03515046673691502,0.000923772774004105,-2.622727112559942e-20,-2.622727574295128e-20,-2.6227275742951278e-20,0.0,-7.505837484972528e-22,-4.8834370285786125e-21,2.6490341049134006e-20,2.3454680515165937e-17,2.8717499200000004e-21,-9.132853436485659,-9.132855044338706,-9.132855044338706,0.0,-0.2613680750088618,-1.7005091545640616,9.22445957589998,1.0
face,209.0,20.0,19.0,1.0,0.0,3.3967848708143046e-06,0.032963386381592415,0.0009097392478529262,-2.6221400180961635e-20,-2.6221404704487798e-20,-2.622140470448781e-20,0.0,-8.439250386489122e-22,-4.8834370285786125e-21,2.6490341049134006e-20,2.2977311482961416e-17,2.88555641e-21,-9.087120976076026,-9.087122543720362,-9.087122543720367,0.0,-0.29246527142018763,-1.6923727471259564,9.180323405680364,1.0
face,210.0,20.0,19.0,1.0,0.0,3.3294608039415905e-06,0.03092802169540826,0.0008959748187630963,-2.6215455943128926e-20,-2.6215460375098637e-20,-2.6215460375098637e-20,0.0,-9.472737465800664e-22,-4.8834370285786125e-21,2.6490341049134006e-20,4.502332598615716e-17,2.8993629e-21,-9.041798783839349,-9.041800312440584,-9.041800312440584,0.0,-0.3267178960522901,-1.6843138292824995,9.13660757993903,1.0
face,211.0,20.0,19.0,1.0,0.0,3.263749703624022e-06,0.029032838213133325,0.0008824739688855123,-2.6209438476127548e-20,-2.6209442818749595e-20,-2.6209442818749607e-20,0.0,-1.061454165962341e-21,-4.8834370285786125e-21,2.6490341049134006e-20,2.867464090163965e-17,2.91316939e-21,-8.996881048557066,-8.996882539243485,-8.996882539243488,0.0,-0.36436403925085215,-1.6763312992858999,9.0933061222142,1.0
face,212.0,20.0,19.0,1.0,0.0,3.199608789302608e-06,0.02726725090929361,0.0008692312769332172,-2.620334785328237e-20,-2.6203352108706697e-20,-2.6203352108706718e-20,0.0,-1.187318485887202e-21,-4.8834370285786125e-21,2.6490341049134006e-20,3.6744243157182857e-17,2.92697588e-21,-8.95236207183312,-8.952363525696938,-8.952363525696946,0.0,-0.40564682954859266,-1.6684240761760607,9.050413168807529,1.0
face,213.0,20.0,19.0,1.0,0.0,3.136996437907761e-06,0.02562154036229578,0.0008562414182702758,-2.6197184157040266e-20,-2.6197188327359596e-20,-2.619718832735963e-20,0.0,-1.3257406627812201e-21,-4.8834370285786125e-21,2.6490341049134006e-20,4.6600169946430553e-17,2.94078237e-21,-8.908236265385481,-8.90823768348407,-8.908237683484082,0.0,-0.4508122315699343,-1.660591099292605,9.007922966137071,1.0
face,214.0,20.0,19.0,1.0,0.0,3.0758721565197892e-06,0.024086776801109776,0.0008434991648307758,-2.6190947478793846e-20,-2.6190951566045254e-20,-2.6190951566045247e-20,0.0,-1.4776089825777334e-21,-4.8834370285786125e-21,2.6490341049134006e-20,3.7368049361927907e-17,2.95458886e-21,-8.864498148413734,-8.86449953177081,-8.864499531770809,0.0,-0.5001064623853396,-1.6528313278005835,8.965829868164468,1.0
face,215.0,20.0,19.0,1.0,0.0,3.01619655523131e-06,0.02265475125135933,0.0008309993848832561,-2.6184637918705742e-20,-2.6184641924872155e-20,-2.6184641924872164e-20,0.0,-1.6438172969000128e-21,-4.8834370285786125e-21,2.6490341049134006e-20,1.6278697604981566e-17,2.96839535e-21,-8.821142345040306,-8.821143694647061,-8.821143694647063,0.0,-0.5537730332652666,-1.645143740229418,8.924128333893936,1.0
face,216.0,20.0,19.0,1.0,0.0,2.9579313202561624e-06,0.02131791307837361,0.0008187370426547131,-2.6178255585533394e-20,-2.6178259512545085e-20,-2.6178259512545097e-20,0.0,-1.825254968598294e-21,-4.8834370285786125e-21,2.6490341049134006e-20,3.5903974608837824e-17,2.98220184e-21,-8.77816358182295,-8.77816489863915,-8.778164898639153,0.0,-0.6120494408246673,-1.6375273340246521,8.882812924940723,1.0
face,217.0,20.0,19.0,1.0,0.0,2.901039187324292e-06,0.020069313296675103,0.0008067071978273672,-2.6171800596454535e-20,-2.6171804446190587e-20,-2.6171804446190563e-20,0.0,-2.022795623981337e-21,-4.8834370285786125e-21,2.6490341049134006e-20,2.737644040814127e-17,2.99600833e-21,-8.73555668533623,-8.735557970291286,-8.735557970291278,0.0,-0.6751635513581289,-1.6299811251120961,8.841878303166801,1.0
face,218.0,20.0,19.0,1.0,0.0,2.845483915397124e-06,0.018902553082592817,0.0007949050049204039,-2.6165273076893465e-20,-2.6165276851183143e-20,-2.616527685118316e-20,0.0,-2.23728487975451e-21,-4.8834370285786125e-21,2.6490341049134006e-20,4.6012689650936646e-17,3.00981482e-21,-8.69331657981984,-8.693317833813824,-8.693317833813829,0.0,-0.743329744038708,-1.6225041474739672,8.801319228381633,1.0
face,219.0,20.0,19.0,1.0,0.0,2.791230260733629e-06,0.017811736984031684,0.000783325712568036,-2.615867316034813e-20,-2.6158676860972296e-20,-2.6158676860972317e-20,0.0,-2.4695272882687566e-21,-4.8834370285786125e-21,2.6490341049134006e-20,4.135661196356639e-17,3.02362131e-21,-8.651438284891611,-8.651439508796257,-8.651439508796264,0.0,-0.8167449012550968,-1.6150954527366432,8.761130556105918,1.0
face,220.0,20.0,19.0,1.0,0.0,2.738243951333194e-06,0.01679143037339853,0.0007719646627043969,-2.6152000988218157e-20,-2.6152004616910603e-20,-2.6152004616910618e-20,0.0,-2.720272819888763e-21,-4.8834370285786125e-21,2.6490341049134006e-20,3.686774324732658e-17,3.0374278e-21,-8.609916913323225,-8.60991810798288,-8.609918107982885,0.0,-0.8955843559108674,-1.6077541097696584,8.721307235396345,1.0
face,221.0,20.0,19.0,1.0,0.0,2.6864916617777424e-06,0.015836620735478788,0.0007608172896649979,-2.6145256709633947e-20,-2.6145260268082682e-20,-2.6145260268082682e-20,0.0,-2.9902032683936517e-21,-4.8834370285786125e-21,2.6490341049134006e-20,3.2540308924143406e-17,3.05123429e-21,-8.568747668876632,-8.568748835109178,-8.568748835109178,0.0,-0.9799979235267612,-1.6004792042955875,8.681844306729394,1.0
face,222.0,20.0,19.0,1.0,0.0,2.6359409884922465e-06,0.01494268242418135,0.0007498791192137826,-2.6138440481286724e-20,-2.6138443971135273e-20,-2.6138443971135264e-20,0.0,-3.279919015395157e-21,-4.8834370285786125e-21,2.6490341049134006e-20,3.900701332420054e-17,3.06504078e-21,-8.527925844199281,-8.527926982797036,-8.527926982797032,0.0,-1.0701061587164777,-1.5932698385104724,8.642736899942324,1.0
face,223.0,20.0,19.0,1.0,0.0,2.586560425439698e-06,0.014105344558634506,0.0007391457675041158,-2.613155246725989e-20,-2.6131555890108498e-20,-2.6131555890108498e-20,0.0,-3.5899266123040206e-21,-4.8834370285786125e-21,2.6490341049134006e-20,4.5217065759814347e-17,3.0788472700000002e-21,-8.487446818776395,-8.487447930506958,-8.487447930506958,0.0,-1.1659969779222015,-1.5861251307144613,8.603980232229578,1.0
face,224.0,20.0,19.0,1.0,0.0,2.5383193402637963e-06,0.013320661761999492,0.0007286129399814142,-2.6124592838861478e-20,-2.6124596196268362e-20,-2.6124596196268362e-20,0.0,-3.920627623101982e-21,-4.8834370285786125e-21,2.6490341049134006e-20,5.800361027916801e-17,3.0926537600000002e-21,-8.447306056938451,-8.447307142545553,-8.447307142545553,0.0,-1.2677227802901485,-1.5790442149523432,8.56556960619284,1.0
face,225.0,20.0,19.0,1.0,0.0,2.491187950890228e-06,0.012584987476014947,0.0007182764302345699,-2.6117561774457986e-20,-2.6117565067940445e-20,-2.611756506794043e-20,0.0,-4.2723091098131865e-21,-4.8834370285786125e-21,2.6490341049134006e-20,4.0167278274630716e-17,3.1064602500000002e-21,-8.407499105922241,-8.407500166126525,-8.40750016612652,0.0,-1.3752981741238073,-1.572026240663666,8.527500407943092,1.0
face,226.0,20.0,19.0,1.0,0.0,2.4451373025949632e-06,0.011894949610807884,0.0007081321188027194,-2.6110459459309445e-20,-2.6110462690345043e-20,-2.6110462690345052e-20,0.0,-4.645136030176351e-21,-4.8834370285786125e-21,2.6490341049134006e-20,3.940899258379272e-17,3.1202667400000002e-21,-8.368021593983803,-8.368022629483606,-8.36802262948361,0.0,-1.4886983765292934,-1.5650703723421453,8.489768105253079,1.0
face,227.0,20.0,19.0,1.0,0.0,2.4001392455461512e-06,0.011247428313430901,0.0006981759719434602,-2.610328608540596e-20,-2.6103289255433632e-20,-2.6103289255433638e-20,0.0,-5.039145655390294e-21,-4.8834370285786125e-21,2.6490341049134006e-20,4.189074995286966e-17,3.1340732300000002e-21,-8.328869228561695,-8.328870240033808,-8.32887024003381,0.0,-1.607858299912888,-1.5581757892040742,8.452368245758572,1.0
face,228.0,20.0,19.0,1.0,0.0,2.3561664128240984e-06,0.010639535659031328,0.0006884040403680799,-2.6096041851305675e-20,-2.609604496172679e-20,-2.6096044961726783e-20,0.0,-5.45424391514328e-21,-4.8834370285786125e-21,2.6490341049134006e-20,6.007955923644416e-17,3.1478797200000003e-21,-8.29003779448907,-8.29003878258944,-8.290038782589438,0.0,-1.7326722747663559,-1.55134168486546,8.415296455207,1.0
face,229.0,20.0,19.0,1.0,0.0,2.3131921989223833e-06,0.010068597088519484,0.000678812457948974,-2.6088726961974222e-20,-2.6088730014153656e-20,-2.608873001415368e-20,0.0,-5.8902033569837294e-21,-4.8834370285786125e-21,2.6490341049134006e-20,2.1722363342728853e-17,3.1616862100000003e-21,-8.251523152253057,-8.251524117617496,-8.251524117617503,0.0,-1.86299429031059,-1.5445672670276194,8.378548435751947,1.0
face,230.0,20.0,19.0,1.0,0.0,2.271190738731455e-06,0.00953213443340168,0.0006693974404039705,-2.6081341628625735e-20,-2.6081344623892853e-20,-2.608134462389288e-20,0.0,-6.3466621970971926e-21,-4.8834370285786125e-21,2.6490341049134006e-20,4.873066490048949e-17,3.1754927000000003e-21,-8.213321236300034,-8.213322179544878,-8.213322179544887,0.0,-1.9986385725582654,-1.5378517571709776,8.342119964292156,1.0
face,231.0,20.0,19.0,1.0,0.0,2.230136887004843e-06,0.009027850383404529,0.0006601552839619268,-2.6073886068565377e-20,-2.6073889008215054e-20,-2.6073889008215075e-20,0.0,-6.823123775682833e-21,-4.8834370285786125e-21,2.6490341049134006e-20,3.8863000524364244e-17,3.1892991900000003e-21,-8.175428053385414,-8.175428975108181,-8.175428975108188,0.0,-2.1393802742234516,-1.5311943902568175,8.306006890853663,1.0
face,232.0,20.0,19.0,1.0,0.0,2.1900061983068597e-06,0.008553614266954524,0.0006510823640135933,-2.6066360505033588e-20,-2.6066363390327157e-20,-2.606636339032718e-20,0.0,-7.318955650691239e-21,-4.8834370285786125e-21,2.6490341049134006e-20,8.510180467503518e-17,3.2031056800000003e-21,-8.137839680966625,-8.137840581746635,-8.137840581746644,0.0,-2.2849560338862243,-1.524594414436745,8.270205137013775,1.0
face,233.0,20.0,19.0,1.0,0.0,2.1507749074395635e-06,0.008107449026612536,0.0006421751337513969,-2.6058765167051882e-20,-2.6058767999218093e-20,-2.6058767999218093e-20,0.0,-7.83338760084141e-21,-4.8834370285786125e-21,2.6490341049134006e-20,2.880882937968052e-17,3.2169121700000003e-21,-8.100552265637976,-8.100553146036962,-8.100553146036962,0.0,-2.4350641816998717,-1.5180510907696345,8.234710694365647,1.0
face,234.0,20.0,19.0,1.0,0.0,2.112419910345835e-06,0.007687519282651538,0.0006334301228015033,-2.605110028927043e-20,-2.6051103069506323e-20,-2.605110306950633e-20,0.0,-8.365507980310953e-21,-4.8834370285786125e-21,2.6490341049134006e-20,3.1112867970946204e-17,3.2307186600000003e-21,-8.063562021606186,-8.063562882168862,-8.063562882168863,0.0,-2.5893644296191836,-1.5115636929458327,8.199519623022205,1.0
face,235.0,20.0,19.0,1.0,0.0,2.07491874548459e-06,0.007292120388500249,0.0006248439358512238,-2.6043366111817286e-20,-2.6043368841289102e-20,-2.6043368841289096e-20,0.0,-8.914258168472852e-21,-4.8834370285786125e-21,2.6490341049134006e-20,4.165787784735161e-17,3.2445251500000003e-21,-8.026865229205352,-8.026866070459986,-8.026866070459985,0.0,-2.747476982409229,-1.5051315070184035,8.16462805015828,1.0
face,236.0,20.0,19.0,1.0,0.0,2.038249575673318e-06,0.00691966839022602,0.0006164132512745559,-2.6035562880149386e-20,-2.6035565559993424e-20,-2.6035565559993442e-20,0.0,-9.478425256604322e-21,-4.8834370285786125e-21,2.6490341049134006e-20,5.181489698746862e-17,3.2583316400000004e-21,-7.990458233450227,-7.9904590559091835,-7.990459055909189,0.0,-2.908981130172594,-1.498753831141207,8.130032168589814,1.0
face,237.0,20.0,19.0,1.0,0.0,2.0023911703925744e-06,0.006568690810832326,0.0006081348197584097,-2.6027690844905327e-20,-2.6027693476228775e-20,-2.6027693476228775e-20,0.0,-1.005663355239903e-20,-4.8834370285786125e-21,2.6490341049134006e-20,4.820645417002793e-17,3.2721381300000004e-21,-7.954337442626643,-7.954338246786902,-7.954338246786902,0.0,-3.0734135152170454,-1.492429975313607,8.095728235389013,1.0
face,238.0,20.0,19.0,1.0,0.0,1.967322888546411e-06,0.006237818187464284,0.000600005462931836,-2.6019750261759966e-20,-2.6019752845641704e-20,-2.6019752845641722e-20,0.0,-1.0647335889210411e-20,-4.8834370285786125e-21,2.6490341049134006e-20,6.312652949608719e-17,3.2859446200000004e-21,-7.918499326918043,-7.918500113261708,-7.918500113261714,0.0,-3.240266383190113,-1.486159261131617,8.061712570534437,1.0
face,239.0,20.0,19.0,1.0,0.0,1.933024661672246e-06,0.005925776295791174,0.0005920220720003522,-2.6011741391280754e-20,-2.601174392877215e-20,-2.6011743928772148e-20,0.0,-1.1248806027679141e-20,-4.8834370285786125e-21,2.6490341049134006e-20,4.133565653636455e-17,3.2997511100000004e-21,-7.882940417067017,-7.882941186061802,-7.882941186061801,0.0,-3.408986209168709,-1.4799410215452922,8.027981555594963,1.0
face,240.0,20.0,19.0,1.0,0.0,1.899476977593303e-06,0.005631379002774119,0.0005841816063872837,-2.6003664498786e-20,-2.6003666990911672e-20,-2.6003666990911675e-20,0.0,-1.1859133580545458e-20,-4.8834370285786125e-21,2.6490341049134006e-20,5.075456193626292e-17,3.3135576e-21,-7.847657303070875,-7.847658055170573,-7.847658055170574,0.0,-3.57897311956957,-1.473774600622187,7.994531632446651,1.0
face,241.0,20.0,19.0,1.0,0.0,1.8666608645062635e-06,0.005353521693254411,0.0005764810923838229,-2.5995519854204918e-20,-2.5995522301963475e-20,-2.5995522301963463e-20,0.0,-1.2476222862065592e-20,-4.8834370285786125e-21,2.6490341049134006e-20,2.4929938759591434e-17,3.32736409e-21,-7.812646632910232,-7.812647368555172,-7.812647368555169,0.0,-3.7495815079454053,-1.4676593533167008,7.9613593020215605,1.0
face,242.0,20.0,19.0,1.0,0.0,1.8345578754965897e-06,0.005091175221901159,0.0005689176218093658,-2.5987307731939565e-20,-2.5987310136304347e-20,-2.5987310136304335e-20,0.0,-1.3097796891016977e-20,-4.8834370285786125e-21,2.6490341049134006e-20,3.918799607781203e-17,3.34117058e-21,-7.777905111309691,-7.777905830927179,-7.777905830927176,0.0,-3.920122177963442,-1.461594645245144,7.928461123087588,1.0
face,243.0,20.0,19.0,1.0,0.0,1.8031500734736297e-06,0.00484338034544466,0.0005614883506835106,-2.5979028410728692e-20,-2.5979030772648437e-20,-2.5979030772648455e-20,0.0,-1.372140752639168e-20,-4.8834370285786125e-21,2.6490341049134006e-20,5.2942347812539714e-17,3.35497707e-21,-7.743429498529685,-7.74343020253442,-7.743430202534426,0.0,-4.089866261408361,-1.4555798524663575,7.89583371105842,1.0
face,244.0,20.0,19.0,1.0,0.0,1.772420016517457e-06,0.004609242594901883,0.0005541904979109645,-2.5970682173513427e-20,-2.5970684493912978e-20,-2.5970684493912963e-20,0.0,-1.4344452466734413e-20,-4.8834370285786125e-21,2.6490341049134006e-20,6.148040636852506e-17,3.36878356e-21,-7.709216609188578,-7.709217297983067,-7.709217297983063,0.0,-4.258051077266125,-1.4496143612677248,7.863473736832771,1.0
face,245.0,20.0,19.0,1.0,0.0,1.742350743629214e-06,0.004387927550618202,0.0005470213439804683,-2.5962269307304876e-20,-2.5962271587085838e-20,-2.5962271587085857e-20,0.0,-1.4964199657202045e-20,-4.8834370285786125e-21,2.6490341049134006e-20,4.647415528353063e-17,3.38259005e-21,-7.675263311114179,-7.6752639850891295,-7.675263985089135,0.0,-4.423888037275473,-1.4436975679564281,7.831377925662025,1.0
face,246.0,20.0,19.0,1.0,0.0,1.7129257608765755e-06,0.0041786564866251995,0.0005399782296787183,-2.5953790103053647e-20,-2.5953792343095022e-20,-2.595379234309502e-20,0.0,-1.5577819534151616e-20,-4.8834370285786125e-21,2.6490341049134006e-20,6.394296471823167e-17,3.39639654e-21,-7.641566524223831,-7.641567183758532,-7.641567183758531,0.0,-4.586572666262231,-1.4378288786557922,7.799543056045512,1.0
face,247.0,20.0,19.0,1.0,0.0,1.684129027925906e-06,0.003980702353459177,0.000533058554820157,-2.5945244855521287e-20,-2.5945247056680093e-20,-2.59452470566801e-20,0.0,-1.6182425443167135e-20,-4.8834370285786125e-21,2.6490341049134006e-20,3.142323822560111e-17,3.4102030300000005e-21,-7.6081232194322705,-7.608123864894956,-7.608123864894957,0.0,-4.745296775824849,-1.4320077091065782,7.767965958652614,1.0
face,248.0,20.0,19.0,1.0,0.0,1.6559449449525575e-06,0.0037933860715008328,0.00052625977699339,-2.593663386315362e-20,-2.5936636026265507e-20,-2.5936636026265525e-20,0.0,-1.6775122388066637e-20,-4.8834370285786125e-21,2.6490341049134006e-20,4.8536507217875887e-17,3.42400952e-21,-7.574930417586462,-7.574931049334672,-7.574931049334677,0.0,-4.899262776601929,-1.4262334844730842,7.736643515270952,1.0
face,249.0,20.0,19.0,1.0,0.0,1.6283583399207908e-06,0.003616073109288389,0.0005195794103248981,-2.5927957427955967e-20,-2.592795955383581e-20,-2.5927959553835814e-20,0.0,-1.7353063881747583e-20,-4.8834370285786125e-21,2.6490341049134006e-20,3.469951191493421e-17,3.4378160100000005e-21,-7.541985188426638,-7.5419858068075625,-7.541985806807563,0.0,-5.0477000023475895,-1.420505639153915,7.705572657779903,1.0
face,250.0,20.0,19.0,1.0,0.0,1.6013544562247125e-06,0.003448170323494176,0.0005130150242606042,-2.591921585537042e-20,-2.5919217944812863e-20,-2.5919217944812845e-20,0.0,-1.79135159824423e-20,-4.8834370285786125e-21,2.6490341049134006e-20,3.8376721588509113e-17,3.4516225e-21,-7.509284649572894,-7.509285254923695,-7.5092852549236895,0.0,-5.189882723977578,-1.4148236165972994,7.674750367148784,1.0
face,251.0,20.0,19.0,1.0,0.0,1.5749189406817311e-06,0.0032891230392178756,0.0005065642423658022,-2.5910409454154817e-20,-2.5910411507934877e-20,-2.591041150793489e-20,0.0,-1.845392659735367e-20,-4.8834370285786125e-21,2.6490341049134006e-20,5.449980751516072e-17,3.4654289900000005e-21,-7.476825965536467,-7.476826558184611,-7.476826558184614,0.0,-5.325149252979981,-1.409186869120816,7.6441736724589475,1.0
face,252.0,20.0,19.0,1.0,0.0,1.5490378318699685e-06,0.0031384123511317462,0.0005002247411438418,-2.5901538536263907e-20,-2.5901540555137434e-20,-2.5901540555137437e-20,0.0,-1.8971996916196068e-20,-4.8834370285786125e-21,2.6490341049134006e-20,3.70983403801081e-17,3.47923548e-21,-7.444606346755209,-7.444606927018758,-7.444606927018759,0.0,-5.452921202159064,-1.403594857735416,7.613839649949191,1.0
face,253.0,20.0,19.0,1.0,0.0,1.5236975488011728e-06,0.0029955526277751893,0.0004939942488739163,-2.589260341673216e-20,-2.589260540143643e-20,-2.5892605401436447e-20,0.0,-1.946575060512983e-20,-4.8834370285786125e-21,2.6490341049134006e-20,3.242621419314089e-17,3.4930419700000006e-21,-7.412623048652391,-7.412623616840317,-7.412623616840322,0.0,-5.572721648440378,-1.398047051973616,7.583745422083778,1.0
face,254.0,20.0,19.0,1.0,0.0,1.4988848799207609e-06,0.002860089202567803,0.0004878705444682346,-2.5883604413558696e-20,-2.5883606364812895e-20,-2.588360636481292e-20,0.0,-1.9933595429380378e-20,-4.8834370285786125e-21,2.6490341049134006e-20,5.580361644077286e-17,3.50684846e-21,-7.380873370718361,-7.3808739271308275,-7.380873927130834,0.0,-5.68419070762481,-1.3925429297217513,7.553888156642504,1.0
face,255.0,20.0,19.0,1.0,0.0,1.474586972426643e-06,0.00273159623678995,0.0004818514563487896,-2.5874541847594004e-20,-2.5874543766099723e-20,-2.5874543766099723e-20,0.0,-2.0374371578880194e-20,-4.8834370285786125e-21,2.6490341049134006e-20,3.9200891894622084e-17,3.5206549500000006e-21,-7.349354655614291,-7.349355200542933,-7.349355200542933,0.0,-5.787096965830233,-1.3870819770561758,7.52426506583214,1.0
face,256.0,20.0,19.0,1.0,0.0,1.4507913218986208e-06,0.0026096747407736045,0.0004759348613438821,-2.5865416042428607e-20,-2.5865417928870316e-20,-2.5865417928870292e-20,0.0,-2.0787381385107796e-20,-4.8834370285786125e-21,2.6490341049134006e-20,3.855591414893486e-17,3.53446144e-21,-7.3180642882975135,-7.318064822025704,-7.318064822025698,0.0,-5.881343378047377,-1.3816636880833002,7.494873405418734,1.0
face,257.0,20.0,19.0,1.0,0.0,1.4274857622302419e-06,0.002493950740912522,0.00047011868360452173,-2.5856227324283657e-20,-2.5856229179329148e-20,-2.5856229179329172e-20,0.0,-2.1172396445396284e-20,-4.8834370285786125e-21,2.6490341049134006e-20,4.930178667367826e-17,3.54826793e-21,-7.286999695167793,-7.287000217970899,-7.287000217970905,0.0,-5.966966661786525,-1.3762875647833654,7.465710473880141,1.0
face,258.0,20.0,19.0,1.0,0.0,1.4046584558551029e-06,0.002384073580988842,0.00046440089354076114,-2.5846976021903284e-20,-2.5846977846204165e-20,-2.5846977846204183e-20,0.0,-2.152964033228687e-20,-4.8834370285786125e-21,2.6490341049134006e-20,3.7306171203597015e-17,3.56207442e-21,-7.256158343233964,-7.256158855379603,-7.256158855379608,0.0,-6.044129850685958,-1.3709531168578484,7.436773611578279,1.0
face,259.0,20.0,19.0,1.0,0.0,1.38229788425973e-06,0.002279714347325247,0.0004587795067780007,-2.5837662466449007e-20,-2.5837664260641112e-20,-2.5837664260641088e-20,0.0,-2.1859747774624356e-20,-4.8834370285786125e-21,2.6490341049134006e-20,5.1381051275766796e-17,3.57588091e-21,-7.225537739300442,-7.225538241048724,-7.225538241048718,0.0,-6.113108440914034,-1.365659861580405,7.408060199950564,1.0
face,260.0,20.0,19.0,1.0,0.0,1.3603928387752672e-06,0.0021805644081456473,0.0004532525831332399,-2.5828286991395868e-20,-2.5828288756099683e-20,-2.5828288756099683e-20,0.0,-2.216370399920214e-20,-4.8834370285786125e-21,2.6490341049134006e-20,5.0551026785729686e-17,3.5896874e-21,-7.195135429172987,-7.195135920776745,-7.195135920776745,0.0,-6.1742713304791215,-1.3604073236512495,7.379567660719984,1.0
face,261.0,20.0,19.0,1.0,0.0,1.3389324116403761e-06,0.0020863340583414255,0.00044781822561123857,-2.5818849932430485e-20,-2.5818851668251587e-20,-2.5818851668251593e-20,0.0,-2.2442770281778756e-20,-4.8834370285786125e-21,2.6490341049134006e-20,5.329086262744699e-17,3.60349389e-21,-7.164948996883268,-7.16494947858829,-7.164949478588291,0.0,-6.228058369700401,-1.3551950350548847,7.351293455123357,1.0
face,262.0,20.0,19.0,1.0,0.0,1.3179059873278584e-06,0.001996751261473458,0.00044247457942050565,-2.5809351627350947e-20,-2.5809353334880366e-20,-2.5809353334880396e-20,0.0,-2.2698403189342186e-20,-4.8834370285786125e-21,2.6490341049134006e-20,3.845440514512248e-17,3.61730038e-21,-7.134976063931673,-7.134976535976911,-7.13497653597692,0.0,-6.27495668174015,-1.3500225349210873,7.323235083157236,1.0
face,263.0,20.0,19.0,1.0,0.0,1.2973032341276683e-06,0.0019115604816204131,0.0004372198310090094,-2.5799792415968535e-20,-2.579979409578317e-20,-2.579979409578318e-20,0.0,-2.2932175203323327e-20,-4.8834370285786125e-21,2.6490341049134006e-20,3.784166353049113e-17,3.63110687e-21,-7.105214288547925,-7.1052147511657155,-7.105214751165719,0.0,-6.3154779036628375,-1.344889369389068,7.29539008284105,1.0
face,264.0,20.0,19.0,1.0,0.0,1.2771140959791415e-06,0.0018305215982056687,0.0004320522071194836,-2.5790172640011272e-20,-2.5790174292674255e-20,-2.5790174292674246e-20,0.0,-2.3145703381191608e-20,-4.8834370285786125e-21,2.6490341049134006e-20,5.755493989150084e-17,3.64491336e-21,-7.07566136496898,-7.075661818385239,-7.075661818385237,0.0,-6.3501381501127385,-1.3397950914747154,7.2677560294969545,1.0
face,265.0,20.0,19.0,1.0,0.0,1.2573287845453793e-06,0.0017534088975112736,0.00042696997386416517,-2.5780492643029272e-20,-2.5780494269090335e-20,-2.578049426909037e-20,0.0,-2.334059072497664e-20,-4.8834370285786125e-21,2.6490341049134006e-20,5.331404892248022e-17,3.65871985e-21,-7.046315022733777,-7.046315467168205,-7.046315467168215,0.0,-6.379441903696628,-1.3347392609408486,7.240330535046024,1.0
face,266.0,20.0,19.0,1.0,0.0,1.2379377715229462e-06,0.0016800101351136564,0.0004219714358188053,-2.577075277030187e-20,-2.5770754370297738e-20,-2.5770754370297726e-20,0.0,-2.3518382479712206e-20,-4.8834370285786125e-21,2.6490341049134006e-20,3.279754680559035e-17,3.67252634e-21,-7.0171730259943805,-7.017173461660655,-7.017173461660652,0.0,-6.403870334041554,-1.3297214441703942,7.213111247320286,1.0
face,267.0,20.0,19.0,1.0,0.0,1.218931781180093e-06,0.0016101256638966514,0.0004170549351357412,-2.57609533687466e-20,-2.5760954943201287e-20,-2.5760954943201275e-20,0.0,-2.368053724484394e-20,-4.8834370285786125e-21,2.6490341049134006e-20,4.842657993806891e-17,3.68633283e-21,-6.988233172843104,-6.988233599949055,-6.9882335999490515,0.0,-6.423873897692505,-1.3247412140424153,7.186095849390248,1.0
face,268.0,20.0,19.0,1.0,0.0,1.2003017831169826e-06,0.0015435676227615659,0.0004122188506758385,-2.5751094786829828e-20,-2.5751096336255e-20,-2.575109633625501e-20,0.0,-2.3828411002986188e-20,-4.8834370285786125e-21,2.6490341049134006e-20,6.356309590358409e-17,3.7001393200000004e-21,-6.959493294655139,-6.9594937134029315,-6.959493713402934,0.0,-6.439868594727991,-1.3197981498109137,7.159282058907448,1.0
face,269.0,20.0,19.0,1.0,0.0,1.1820389852414607e-06,0.0014801591815211254,0.00040746159715907004,-2.5741177374479256e-20,-2.5741178899374544e-20,-2.5741178899374568e-20,0.0,-2.396325118455057e-20,-4.8834370285786125e-21,2.6490341049134006e-20,4.380429965744043e-17,3.71394581e-21,-6.930951255446362,-6.9309516660326675,-6.930951666032674,0.0,-6.452235011083958,-1.3148918369863378,7.132667627461696,1.0
face,270.0,20.0,19.0,1.0,0.0,1.1641348269541118e-06,0.0014197338378255284,0.00040278162433349864,-2.573120148299804e-20,-2.573120298385137e-20,-2.573120298385136e-20,0.0,-2.4086197675305023e-20,-4.8834370285786125e-21,2.6490341049134006e-20,4.3128204608975936e-17,3.7277523000000004e-21,-6.902604951245832,-6.902605353861995,-6.902605353861993,0.0,-6.461319244657168,-1.3100218672197217,7.106250339952577,1.0
face,271.0,20.0,19.0,1.0,0.0,1.1465809725364768e-06,0.0013621347622782157,0.0003981774161624128,-2.572116746498071e-20,-2.572116894226861e-20,-2.5721168942268627e-20,0.0,-2.419828803255539e-20,-4.8834370285786125e-21,2.6490341049134006e-20,6.673158906497011e-17,3.74155879e-21,-6.8744523094826775,-6.87445270431488,-6.874452704314884,0.0,-6.467434935735806,-1.3051878381893907,7.080028013974894,1.0
face,272.0,20.0,19.0,1.0,0.0,1.129369304736483e-06,0.001307214188237431,0.00039364749002936865,-2.571107567423077e-20,-2.571107712841867e-20,-2.5711077128418674e-20,0.0,-2.4300464825752554e-20,-4.8834370285786125e-21,2.6490341049134006e-20,2.9868599447389684e-17,3.7553652800000004e-21,-6.846491288386936,-6.846491675616352,-6.846491675616352,0.0,-6.470865818345254,-1.300389353490165,7.053998499217632,1.0
face,273.0,20.0,19.0,1.0,0.0,1.1124919185452515e-06,0.0012548328430266303,0.0003891903959608592,-2.570092646567997e-20,-2.5700927897222494e-20,-2.5700927897222512e-20,0.0,-2.4393583711150138e-20,-4.8834370285786125e-21,2.6490341049134006e-20,2.9413817169880055e-17,3.76917177e-21,-6.818719876404033,-6.818720256206974,-6.818720256206979,0.0,-6.471868410271505,-1.2956260225249996,7.028159676876176,1.0
face,274.0,20.0,19.0,1.0,0.0,1.0959411151596322e-06,0.001204859417564931,0.0003848047158663515,-2.5690720195309225e-20,-2.5690721604650447e-20,-2.5690721604650465e-20,0.0,-2.447842143076869e-20,-4.8834370285786125e-21,2.6490341049134006e-20,4.055517107117322e-17,3.7829782600000005e-21,-6.791136091622483,-6.791136464170546,-6.791136464170551,0.0,-6.470674624169976,-1.2908974603989958,7.002509459077357,1.0
face,275.0,20.0,19.0,1.0,0.0,1.079709396124941e-06,0.001157170071637066,0.00038048906279540274,-2.5680457220071232e-20,-2.5680458607645004e-20,-2.5680458607645e-20,0.0,-2.4555683334544706e-20,-4.8834370285786125e-21,2.6490341049134006e-20,4.5649403685402765e-17,3.79678475e-21,-6.763737981214561,-6.763738346674776,-6.763738346674775,0.0,-6.467494196120732,-1.2862032878157268,6.977045788317077,1.0
face,276.0,20.0,19.0,1.0,0.0,1.063789457652542e-06,0.0011116479722491025,0.0003762420802115844,-2.5670137897814686e-20,-2.567013926404485e-20,-2.5670139264044835e-20,0.0,-2.4626010272214564e-20,-4.8834370285786125e-21,2.6490341049134006e-20,4.49636926934109e-17,3.8105912400000005e-21,-6.736523620889519,-6.736523979424476,-6.736523979424471,0.0,-6.462516895990808,-1.2815431309758145,6.95176663691013,1.0
face,277.0,20.0,19.0,1.0,0.0,1.0481741851070237e-06,0.001068182862707083,0.0003720624412829121,-2.5659762587210096e-20,-2.5659763932510774e-20,-2.5659763932510777e-20,0.0,-2.4689984831175716e-20,-4.8834370285786125e-21,2.6490341049134006e-20,4.4291317500406945e-17,3.82439773e-21,-6.709491114359095,-6.709491466127079,-6.70949146612708,0.0,-6.455914518905364,-1.276916621477707,6.926670006451971,1.0
face,278.0,20.0,19.0,1.0,0.0,1.0328566476579128e-06,0.0010266706602229795,0.0003679488481885076,-2.5649331647677204e-20,-2.5649332972453054e-20,-2.5649332972453063e-20,0.0,-2.4748136954059733e-20,-4.8834370285786125e-21,2.6490341049134006e-20,4.363196995486941e-17,3.8382042200000005e-21,-6.68263859281495,-6.682638937970072,-6.682638937970075,0.0,-6.447842672128512,-1.2723233962205929,6.901753927292072,1.0
face,279.0,20.0,19.0,1.0,0.0,1.0178300930909635e-06,0.0009870130800458386,0.00036390003144118885,-2.563884543931401e-20,-2.5638846743960446e-20,-2.5638846743960458e-20,0.0,-2.4800948989545347e-20,-4.8834370285786125e-21,2.6490341049134006e-20,4.298534997690681e-17,3.85201071e-21,-6.655964214417776,-6.655964553110094,-6.655964553110097,0.0,-6.438442376383047,-1.267763097309408,6.877016458018624,1.0
face,280.0,20.0,19.0,1.0,0.0,1.0030879427742102e-06,0.0009491172842320131,0.0003599147492256977,-2.5628304322827285e-20,-2.5628305607730743e-20,-2.5628305607730767e-20,0.0,-2.484886023288938e-20,-4.8834370285786125e-21,2.6490341049134006e-20,6.352674798989676e-17,3.8658172000000005e-21,-6.62946616379773,-6.629466496173368,-6.629466496173374,0.0,-6.427841500857665,-1.2632353719618743,6.852455684954271,1.0
face,281.0,20.0,19.0,1.0,0.0,9.886237867741265e-07,0.0009128955533400838,0.0003559917867522728,-2.5617708659464692e-20,-2.5617709925002846e-20,-2.5617709925002843e-20,0.0,-2.489227100934049e-20,-4.8834370285786125e-21,2.6490341049134006e-20,7.824212133636536e-17,3.87962369e-21,-6.603142651565954,-6.603142977767218,-6.6031429777672175,0.0,-6.416156049748342,-1.2587398724175263,6.82806972166262,1.0
face,282.0,20.0,19.0,1.0,0.0,9.744313791173392e-07,0.0008782649794454993,0.00035212995562527375,-2.5607058810948372e-20,-2.5607060057490336e-20,-2.5607060057490342e-20,0.0,-2.493154634856096e-20,-4.8834370285786125e-21,2.6490341049134006e-20,5.139871363546192e-17,3.8934301800000006e-21,-6.576991913836855,-6.57699223400234,-6.576992234002342,0.0,-6.403491316379778,-1.2542762558486695,6.803856708465234,1.0
face,283.0,20.0,19.0,1.0,0.0,9.605046331934735e-07,0.0008451471789949396,0.00034832809322655144,-2.5596355139410044e-20,-2.5596356367316644e-20,-2.559635636731664e-20,0.0,-2.4967019293074578e-20,-4.8834370285786125e-21,2.6490341049134006e-20,4.558546560722272e-17,3.90723667e-21,-6.551012211760913,-6.551012526025622,-6.551012526025622,0.0,-6.389942919192191,-1.2498441842732326,6.77981481196889,1.0
face,284.0,20.0,19.0,1.0,0.0,9.468376172948694e-07,0.0008134680241280244,0.0003445850621132885,-2.558559800732757e-20,-2.5585599216951513e-20,-2.5585599216951525e-20,0.0,-2.499899387906401e-20,-4.8834370285786125e-21,2.6490341049134006e-20,4.4924846866763344e-17,3.9210431600000006e-21,-6.525201831067722,-6.525202139563164,-6.5252021395631665,0.0,-6.37559773227898,-1.2454433244694536,6.755942224602802,1.0
face,285.0,20.0,19.0,1.0,0.0,9.334245502889819e-07,0.0007831573911989419,0.00034089974942999975,-2.5574787777463025e-20,-2.557478896914912e-20,-2.5574788969149154e-20,0.0,-2.502774782364568e-20,-4.8834370285786125e-21,2.6490341049134006e-20,4.427669774077809e-17,3.93484965e-21,-6.499559081619045,-6.4995593844733355,-6.4995593844733435,0.0,-6.3605347217385235,-1.241073347892368,6.7322371641656,1.0
face,286.0,20.0,19.0,1.0,0.0,9.202597974194416e-07,0.0007541489253166239,0.00033727106633441576,-2.5563924812802124e-20,-2.5563925986887495e-20,-2.5563925986887498e-20,0.0,-2.5053534949026633e-20,-4.8834370285786125e-21,2.6490341049134006e-20,4.848970814912037e-17,3.9486561400000006e-21,-6.474082296971576,-6.4740825943095395,-6.4740825943095395,0.0,-6.3448256978453,-1.2367339305920448,6.708697873381803,1.0
face,287.0,20.0,19.0,1.0,0.0,9.073378662318363e-07,0.000726379819813339,0.0003336979474369494,-2.5553009476495154e-20,-2.5553010633309417e-20,-2.5553010633309435e-20,0.0,-2.5076587370647863e-20,-4.8834370285786125e-21,2.6490341049134006e-20,3.8237059517106715e-17,3.96246263e-21,-6.448769833949236,-6.448770125892497,-6.448770125892501,0.0,-6.32853599193385,-1.2324247531335362,6.685322619467582,1.0
face,288.0,20.0,19.0,1.0,0.0,8.946534026204293e-07,0.0006997906096315342,0.0003301793502534702,-2.554204213179925e-20,-2.554204327166469e-20,-2.5542043271664712e-20,0.0,-2.509711747349195e-20,-4.8834370285786125e-21,2.6490341049134006e-20,2.355794162179897e-17,3.976269120000001e-21,-6.4236200722247006,-6.423620358891776,-6.423620358891782,0.0,-6.311725065905988,-1.228145500518489,6.662109693705541,1.0
face,289.0,20.0,19.0,1.0,0.0,8.822011869920857e-07,0.0006743249776817169,0.00032671425467108986,-2.553102314202204e-20,-2.5531024265253822e-20,-2.5531024265253822e-20,0.0,-2.5115319698136565e-20,-4.8834370285786125e-21,2.6490341049134006e-20,5.1092905522101386e-17,3.99007561e-21,-6.398631413909983,-6.398631695416373,-6.398631695416373,0.0,-6.294447061402067,-1.2238958621083904,6.63905741102836,1.0
face,290.0,20.0,19.0,1.0,0.0,8.699761305438596e-07,0.0006499295733106378,0.0003233016624266923,-2.5519952870466695e-20,-2.551995397737305e-20,-2.551995397737304e-20,0.0,-2.5131372155830897e-20,-4.8834370285786125e-21,2.6490341049134006e-20,3.663414483081352e-17,4.0038821e-21,-6.373802283155814,-6.373802559614093,-6.373802559614091,0.0,-6.276751294907235,-1.2196755315493961,6.616164109611021,1.0
face,291.0,20.0,19.0,1.0,0.0,8.579732716507367e-07,0.0006265538420545931,0.00031994059659792005,-2.550883168037829e-20,-2.5508832771260657e-20,-2.550883277126068e-20,0.0,-2.5145438089823384e-20,-4.8834370285786125e-21,2.6490341049134006e-20,6.320911001666718e-17,4.01768859e-21,-6.349131125759622,-6.349131397279512,-6.3491313972795185,0.0,-6.258682704381372,-1.2154842066987108,6.593428150471464,1.0
face,292.0,20.0,19.0,1.0,0.0,8.461877723601676e-07,0.0006041498659431976,0.0003166301011063466,-2.5497659934891493e-20,-2.5497661010044695e-20,-2.5497661010044677e-20,0.0,-2.5157667198349487e-20,-4.8834370285786125e-21,2.6490341049134006e-20,4.451787837305505e-17,4.03149508e-21,-6.324616408781899,-6.324616675470356,-6.3246166754703514,0.0,-6.240282252396916,-1.2113215895524825,6.570847917079439,1.0
face,293.0,20.0,19.0,1.0,0.0,8.346149149901256e-07,0.0005826722136398567,0.00031336924023256586,-2.5486437996979504e-20,-2.5486439056691942e-20,-2.5486439056691954e-20,0.0,-2.516819683306847e-20,-4.8834370285786125e-21,2.6490341049134006e-20,4.3897962677859395e-17,4.04530157e-21,-6.300256620170718,-6.300256882132014,-6.300256882132016,0.0,-6.221587290232225,-1.20718738617517,6.5484218149733655,1.0
face,294.0,20.0,19.0,1.0,0.0,8.232500988275061e-07,0.0005620777997779603,0.0003101570981429287,-2.5475166229404407e-20,-2.5475167273958193e-20,-2.5475167273958205e-20,0.0,-2.51771530852967e-20,-4.8834370285786125e-21,2.6490341049134006e-20,5.1947235819960875e-17,4.05910806e-21,-6.276050268394285,-6.276050525730077,-6.2760505257300805,0.0,-6.202631886892092,-1.2030813066303567,6.526148271385021,1.0
face,295.0,20.0,19.0,1.0,0.0,8.12088836923794e-07,0.0005423257528853942,0.0003069927784276647,-2.5463844994668596e-20,-2.5463846024339717e-20,-2.546384602433972e-20,0.0,-2.5184651771100893e-20,-4.8834370285786125e-21,2.6490341049134006e-20,4.69610154599221e-17,4.07291455e-21,-6.251995882081197,-6.251996134890606,-6.251996134890607,0.0,-6.183447126603943,-1.1990030649129655,6.504025734871851,1.0
face,296.0,20.0,19.0,1.0,0.0,8.011267529850265e-07,0.0005233772913365654,0.0003038754036501331,-2.5452474654967595e-20,-2.545247567002606e-20,-2.5452475670026068e-20,0.0,-2.519079932517051e-20,-4.8834370285786125e-21,2.6490341049134006e-20,5.4736666896966903e-17,4.08672104e-21,-6.228092009668366,-6.228092258048046,-6.228092258048048,0.0,-6.164061377962444,-1.1949523788828544,6.482052674956743,1.0
face,297.0,20.0,19.0,1.0,0.0,7.903595783531431e-07,0.0005051956068091083,0.0003008041149069438,-2.544105557214402e-20,-2.5441056572854013e-20,-2.544105657285402e-20,0.0,-2.5195693612367793e-20,-4.8834370285786125e-21,2.6490341049134006e-20,4.5681917812781035e-17,4.1005275300000004e-21,-6.204337219056304,-6.204337463100512,-6.204337463100514,0.0,-6.144500537560783,-1.190928970199747,6.4602275817750705,1.0
face,298.0,20.0,19.0,1.0,0.0,7.797831490759282e-07,0.0004877457547597307,0.0002977780713986992,-2.5429588107642762e-20,-2.5429589094262794e-20,-2.542958909426277e-20,0.0,-2.5199424664942937e-20,-4.8834370285786125e-21,2.6490341049134006e-20,3.686693949177542e-17,4.11433402e-21,-6.180730097271675,-6.180730337072339,-6.180730337072334,0.0,-6.124788250649357,-1.1869325642594795,6.438548965728846,1.0
face,299.0,20.0,19.0,1.0,0.0,7.693934030628337e-07,0.0004709945514638098,0.0002947964500111128,-2.5418072622467365e-20,-2.541807359525038e-20,-2.5418073595250397e-20,0.0,-2.5202075352589012e-20,-4.8834370285786125e-21,2.6490341049134006e-20,5.2529950509983226e-17,4.1281405100000004e-21,-6.157269250136876,-6.157269485783655,-6.15726948578366,0.0,-6.104946111097611,-1.1829628901315212,6.417015357147813,1.0
face,300.0,20.0,19.0,1.0,0.0,7.591863773240398e-07,0.0004549104772002032,0.0002918584449062604,-2.5406509477137526e-20,-2.5406510436331082e-20,-2.5406510436331082e-20,0.0,-2.5203721991783872e-20,-4.8834370285786125e-21,2.6490341049134006e-20,5.580674718484391e-17,4.141947e-21,-6.13395330194653,-6.133953533526885,-6.133953533526885,0.0,-6.084993842698584,-1.1790196804977495,6.395625305957321,1.0
tip,200.0,20.0,28.516660498395403,1.0,0.0,4.082952141031122e-06,4.854417126675363e-05,0.00104642206279509,-7.766354826394968e-21,-7.76635843591356e-21,-7.766358435913508e-21,0.0,-2.8373245171873488e-24,-2.453204187515728e-22,7.835240956840563e-21,7.921969790868698e-17,2.7612980000000003e-21,-2.812573951234154,-2.812575258415991,-2.812575258415972,0.0,-0.0010275328911212584,-0.08884242800001042,2.8375209618232304,1.0
tip,201.0,20.0,28.516660498395403,1.0,0.0,3.99898164635452e-06,4.690685084285217e-05,0.0010300257243557134,-7.73268547918383e-21,-7.732688975875891e-21,-7.732688975875844e-21,0.0,-3.2936609302398143e-24,-2.453204187515728e-22,7.835240956840563e-21,1.1638568382111077e-16,2.7751044900000003e-21,-2.786448404753159,-2.786449664774925,-2.7864496647749086,0.0,-0.0011868601496298303,-0.08840042587065715,2.823403942112667,1.0
tip,202.0,20.0,28.516660498395403,1.0,0.0,3.917065764442711e-06,4.533495677253052e-05,0.001013946021091491,-7.699234736180827e-21,-7.699238123978665e-21,-7.69923812397862e-21,0.0,-3.817680573392578e-24,-2.453204187515728e-22,7.835240956840563e-21,5.700080894029845e-17,2.7889109800000003e-21,-2.7606599104073326,-2.760661125145939,-2.7606611251459228,0.0,-0.0013688786055812286,-0.08796280000001032,2.8094266948744853,1.0
tip,203.0,20.0,28.516660498395403,1.0,0.0,3.83715006427453e-06,4.382552197548486e-05,0.000998176692261181,-7.666002751181075e-21,-7.66600603387218e-21,-7.66600603387213e-21,0.0,-4.41855438245984e-24,-2.453204187515728e-22,7.835240956840563e-21,5.583788244513167e-17,2.8027174700000003e-21,-2.735203542004209,-2.7352047132571586,-2.735204713257141,0.0,-0.0015765250795899308,-0.08752948571429599,2.7955871545056454,1.0
tip,204.0,20.0,28.516660498395403,1.0,0.0,3.75918151676907e-06,4.2375728037371105e-05,0.0009827115646105378,-7.632989582236913e-21,-7.632992763469267e-21,-7.632992763469216e-21,0.0,-5.106573546025526e-24,-2.453204187515728e-22,7.835240956840563e-21,1.2764101175083443e-16,2.8165239600000003e-21,-2.7100744359500895,-2.71007556543892,-2.7100755654389017,0.0,-0.0018130765505809956,-0.08710041960785336,2.7818832959051276,1.0
tip,205.0,20.0,28.516660498395403,1.0,0.0,3.683108468787375e-06,4.0982897138457105e-05,0.0009675445545252112,-7.600195195888016e-21,-7.60019827917524e-21,-7.600198279175208e-21,0.0,-5.893270264793059e-24,-2.453204187515728e-22,7.835240956840563e-21,8.93271370064482e-17,2.8303304500000003e-21,-2.685267791217812,-2.6852688805913947,-2.6852688805913836,0.0,-0.002082184525412239,-0.0866755395122053,2.768313133486078,1.0
tip,206.0,20.0,28.516660498395403,1.0,0.0,3.608880616601097e-06,3.964448444965038e-05,0.0009526696698430478,-7.567619471271168e-21,-7.567622459997508e-21,-7.567622459997475e-21,0.0,-6.791549517425187e-24,-2.453204187515728e-22,7.835240956840563e-21,7.002149972008865e-17,2.8441369400000004e-21,-2.66077886927314,-2.6607799201108464,-2.660779920110835,0.0,-0.0023879122773269794,-0.08625478446602954,2.7548747202167285,1.0
tip,207.0,20.0,28.516660498395403,1.0,0.0,3.5364489789478584e-06,3.835807096745036e-05,0.0009380810113527656,-7.535262204110088e-21,-7.535265101535198e-21,-7.535265101535147e-21,0.0,-7.815832578722399e-24,-2.453204187515728e-22,7.835240956840563e-21,6.86161409836843e-17,2.8579434300000004e-21,-2.636602993961321,-2.636604007776038,-2.6366040077760204,0.0,-0.0027347751171976128,-0.08583809468600041,2.7415661466891112,1.0
tip,208.0,20.0,28.516660498395403,1.0,0.0,3.465765869781389e-06,3.7121356761164074e-05,0.000923772774004105,-7.503123110586577e-21,-7.503125919850177e-21,-7.503125919850135e-21,0.0,-8.982213050711016e-24,-2.453204187515728e-22,7.835240956840563e-21,3.3622354082430996e-17,2.8717499200000004e-21,-2.6127355513555917,-2.6127365295966216,-2.612736529596607,0.0,-0.003127783860340811,-0.08542541153847157,2.7283855402146444,1.0
tip,209.0,20.0,28.516660498395403,1.0,0.0,3.3967848708143046e-06,3.593215460741087e-05,0.0009097392478529262,-7.471201831094011e-21,-7.471204555220343e-21,-7.471204555220313e-21,0.0,-1.030862617017503e-23,-2.453204187515728e-22,7.835240956840563e-21,5.766801305150991e-17,2.88555641e-21,-2.589171989569253,-2.589172933625076,-2.5891729336250657,0.0,-0.003572491646481113,-0.08501667751197171,2.7153310639456754,1.0
tip,210.0,20.0,28.516660498395403,1.0,0.0,3.3294608039415905e-06,3.478838398849291e-05,0.0008959748187630963,-7.439497933874373e-21,-7.439500575776545e-21,-7.439500575776502e-21,0.0,-1.1815032151068711e-23,-2.453204187515728e-22,7.835240956840563e-21,9.690006271405324e-17,2.8993629e-21,-2.565907818532952,-2.565908729733882,-2.5659087297338674,0.0,-0.0040750442626787805,-0.08461183619048614,2.7024009160221243,1.0
tip,211.0,20.0,28.516660498395403,1.0,0.0,3.263749703624022e-06,3.3688065432713616e-05,0.0008824739688855123,-7.40801091854032e-21,-7.408013481024453e-21,-7.408013481024393e-21,0.0,-1.352361430203675e-23,-2.453204187515728e-22,7.835240956840563e-21,1.5831269664582118e-16,2.91316939e-21,-2.542938609738832,-2.5429394893595436,-2.542939489359523,0.0,-0.004642234107106538,-0.08421083222749805,2.6895933287423985,1.0
tip,212.0,20.0,28.516660498395403,1.0,0.0,3.199608789302608e-06,3.262931517605785e-05,0.0008692312769332172,-7.376740219484095e-21,-7.376742705253363e-21,-7.376742705253324e-21,0.0,-1.5458992625377158e-23,-2.453204187515728e-22,7.835240956840563e-21,9.312087168760309e-17,2.92697588e-21,-2.520259995953262,-2.52026084521522,-2.5202608452152067,0.0,-0.00528155791477761,-0.08381361132076456,2.6769065677577646,1.0
tip,213.0,20.0,28.516660498395403,1.0,0.0,3.136996437907761e-06,3.161034012599028e-05,0.0008562414182702758,-7.345685209174914e-21,-7.345687620833399e-21,-7.345687620833355e-21,0.0,-1.7648453549987167e-23,-2.453204187515728e-22,7.835240956840563e-21,6.086574161573144e-17,2.94078237e-21,-2.4978676708997387,-2.497868490973509,-2.497868490973494,0.0,-0.0060012783434862495,-0.08342012018780323,2.6643389312894183,1.0
tip,214.0,20.0,28.516660498395403,1.0,0.0,3.0758721565197892e-06,3.062943310926736e-05,0.0008434991648307758,-7.314845201346406e-21,-7.314847541402849e-21,-7.31484754140281e-21,0.0,-2.0122196375071565e-23,-2.453204187515728e-22,7.835240956840563e-21,5.967977446425138e-17,2.95458886e-21,-2.475757388913463,-2.4757581809209315,-2.475758180920918,0.0,-0.006810489488906948,-0.08303030654206583,2.651888749367505,1.0
tip,215.0,20.0,28.516660498395403,1.0,0.0,3.01619655523131e-06,2.968496838685242e-05,0.0008309993848832561,-7.28421945407656e-21,-7.284221724947954e-21,-7.284221724947902e-21,0.0,-2.2913596896040517e-23,-2.453204187515728e-22,7.835240956840563e-21,1.0241335196018074e-16,2.96839535e-21,-2.4539249645693455,-2.4539257295858365,-2.453925729585819,0.0,-0.007719186359741642,-0.08264411906977714,2.6395543830913772,1.0
tip,216.0,20.0,28.516660498395403,1.0,0.0,2.9579313202561624e-06,2.8775397420018035e-05,0.0008187370426547131,-7.25380717276178e-21,-7.253809376776833e-21,-7.253809376776787e-21,0.0,-2.6059488545851355e-23,-2.453204187515728e-22,7.835240956840563e-21,1.147828421102352e-16,2.98220184e-21,-2.4323662722848365,-2.432367011341135,-2.4323670113411193,0.0,-0.00873833829632784,-0.08226150740741707,2.6273342239103985,1.0
tip,217.0,20.0,28.516660498395403,1.0,0.0,2.901039187324292e-06,2.7899244872769565e-05,0.0008067071978273672,-7.223607512987452e-21,-7.223609652389932e-21,-7.22360965238987e-21,0.0,-2.9600461205821535e-23,-2.453204187515728e-22,7.835240956840563e-21,1.4071892097532585e-16,2.99600833e-21,-2.4110772458991967,-2.411077959983486,-2.4110779599834657,0.0,-0.009879966256910084,-0.08188242211982528,2.615226692924636,1.0
tip,218.0,20.0,28.516660498395403,1.0,0.0,2.845483915397124e-06,2.7055104836582674e-05,0.0007949050049204039,-7.19361958329681e-21,-7.193621660248761e-21,-7.193621660248752e-21,0.0,-3.358117761344935e-23,-2.453204187515728e-22,7.835240956840563e-21,5.5209654242137065e-17,3.00981482e-21,-2.390053878230558,-2.3900545682902714,-2.3900545682902683,0.0,-0.011157223823307956,-0.08150681467890866,2.6032302402047987,1.0
tip,219.0,20.0,28.516660498395403,1.0,0.0,2.791230260733629e-06,2.6241637264362287e-05,0.000783325712568036,-7.163842447861073e-21,-7.163844464445918e-21,-7.16384446444589e-21,0.0,-3.805070701206221e-23,-2.453204187515728e-22,7.835240956840563e-21,6.092661914160373e-17,3.02362131e-21,-2.369292220612466,-2.3692928875560537,-2.3692928875560444,0.0,-0.0125844816896274,-0.08113463744293191,2.591343344130804,1.0
tip,220.0,20.0,28.516660498395403,1.0,0.0,2.738243951333194e-06,2.545756460132612e-05,0.0007719646627043969,-7.134275129051845e-21,-7.134277087277342e-21,-7.134277087277311e-21,0.0,-4.3062875337909264e-23,-2.453204187515728e-22,7.835240956840563e-21,5.312892507697228e-17,3.0374278e-21,-2.3487883824108824,-2.3487890271094973,-2.3487890271094876,0.0,-0.014177415291289974,-0.08076584363637312,2.579564510748391,1.0
tip,221.0,20.0,28.516660498395403,1.0,0.0,2.6864916617777424e-06,2.4701668601255035e-05,0.0007608172896649979,-7.10491660991949e-21,-7.104918511720634e-21,-7.104918511720586e-21,0.0,-4.867663081577815e-23,-2.453204187515728e-22,7.835240956840563e-21,7.818719774580595e-17,3.05123429e-21,-2.3285385305234914,-2.328539153812615,-2.328539153812599,0.0,-0.015953095104924948,-0.08040038733032619,2.567892273143195,1.0
tip,222.0,20.0,28.516660498395403,1.0,0.0,2.6359409884922465e-06,2.3972787317293626e-05,0.0007498791192137826,-7.075765836578724e-21,-7.075767683820482e-21,-7.07576768382044e-21,0.0,-5.495642331926705e-23,-2.453204187515728e-22,7.835240956840563e-21,7.671597951164919e-17,3.06504078e-21,-2.308538888862263,-2.3085394915432356,-2.308539491543222,0.0,-0.017930078998579277,-0.08003822342343282,2.556325190831739,1.0
tip,223.0,20.0,28.516660498395403,1.0,0.0,2.586560425439698e-06,2.3269812257126502e-05,0.0007391457675041158,-7.046821720504332e-21,-7.046823514984308e-21,-7.04682351498428e-21,0.0,-6.197259523731786e-23,-2.453204187515728e-22,7.835240956840563e-21,7.527881596658166e-17,3.0788472700000002e-21,-2.2887857378207435,-2.2887863206622483,-2.288786320662239,0.0,-0.020128505834366334,-0.07967930762332774,2.5448618491688166,1.0
tip,224.0,20.0,28.516660498395403,1.0,0.0,2.5383193402637963e-06,2.2591685692979746e-05,0.0007286129399814142,-7.018083140739066e-21,-7.018084884190061e-21,-7.018084884190028e-21,0.0,-6.980178085576163e-23,-2.453204187515728e-22,7.835240956840563e-21,9.84997541221995e-17,3.0926537600000002e-21,-2.2692754137272275,-2.2692759774666986,-2.269275977466688,0.0,-0.022570189317203625,-0.07932359642858074,2.5335008587707413,1.0
tip,225.0,20.0,28.516660498395403,1.0,0.0,2.491187950890228e-06,2.1937398117492457e-05,0.0007182764302345699,-6.989548946016076e-21,-6.989550640108532e-21,-6.989550640108493e-21,0.0,-7.852731040055551e-23,-2.453204187515728e-22,7.835240956840563e-21,1.2083851935726597e-16,3.1064602500000002e-21,-2.2500043082849928,-2.2500048536299575,-2.250004853629945,0.0,-0.02527871084156171,-0.07897104711112038,2.5222408549539828,1.0
tip,226.0,20.0,28.516660498395403,1.0,0.0,2.4451373025949632e-06,2.1305985837039325e-05,0.0007081321188027194,-6.961217956798358e-21,-6.961219603142737e-21,-6.96121960314271e-21,0.0,-8.823961387824332e-23,-2.453204187515728e-22,7.835240956840563e-21,4.744190756085186e-17,3.1202667400000002e-21,-2.2309688680008035,-2.2309693956301753,-2.2309693956301664,0.0,-0.028279509808268287,-0.07862161769912428,2.5110804971886993,1.0
tip,227.0,20.0,28.516660498395403,1.0,0.0,2.4001392455461512e-06,2.0696528694590867e-05,0.0006981759719434602,-6.933088967237531e-21,-6.933090567386585e-21,-6.933090567386528e-21,0.0,-9.903661867588327e-23,-2.453204187515728e-22,7.835240956840563e-21,4.6568830336275484e-17,3.1340732300000002e-21,-2.2121655936027795,-2.2121661041680842,-2.212166104168066,0.0,-0.03159996956289476,-0.07827526696036162,2.5000184685667226,1.0
tip,228.0,20.0,28.516660498395403,1.0,0.0,2.3561664128240984e-06,2.0108147914694407e-05,0.0006884040403680799,-6.905160747053837e-21,-6.905162302504786e-21,-6.905162302504753e-21,0.0,-1.1102413352877488e-22,-2.453204187515728e-22,7.835240956840563e-21,9.143129016201971e-17,3.1478797200000003e-21,-2.1935910394485583,-2.1935915335751095,-2.193591533575099,0.0,-0.03526949674200858,-0.07793195438597406,2.4890534752835354,1.0
tip,229.0,20.0,28.516660498395403,1.0,0.0,2.3131921989223833e-06,1.9540004063589694e-05,0.000678812457948974,-6.877432043340467e-21,-6.877433555537116e-21,-6.877433555537076e-21,0.0,-1.2431620991722066e-22,-2.453204187515728e-22,7.835240956840563e-21,4.488183558024745e-17,3.1616862100000003e-21,-2.1752418129250297,-2.1752422912130536,-2.175242291213041,0.0,-0.03931959140158335,-0.07759164017468159,2.4781842461338255,1.0
tip,230.0,20.0,28.516660498395403,1.0,0.0,2.271190738731455e-06,1.89912951179021e-05,0.0006693974404039705,-6.849901582293532e-21,-6.849903052628273e-21,-6.849903052628219e-21,0.0,-1.3903547019849845e-22,-2.453204187515728e-22,7.835240956840563e-21,1.1016724996192181e-16,3.1754927000000003e-21,-2.1571145738403152,-2.1571150368660184,-2.1571150368660015,0.0,-0.04378390484049875,-0.07725428521740037,2.4674095320202003,1.0
tip,231.0,20.0,28.516660498395403,1.0,0.0,2.230136887004843e-06,1.8461254635750018e-05,0.0006601552839619268,-6.822568070870561e-21,-6.822569500686333e-21,-6.822569500686296e-21,0.0,-1.553133898106735e-22,-2.453204187515728e-22,7.835240956840563e-21,1.298110512376024e-16,3.1892991900000003e-21,-2.1392060338091268,-2.1392064821257275,-2.139206482125716,0.0,-0.04869828152142524,-0.07691985108226011,2.4567281054746584,1.0
tip,232.0,20.0,28.516660498395403,1.0,0.0,2.1900061983068597e-06,1.794915002447294e-05,0.0006510823640135933,-6.795430198379703e-21,-6.795431588971853e-21,-6.795431588971833e-21,0.0,-1.732905186961533e-22,-2.453204187515728e-22,7.835240956840563e-21,8.498342511923644e-17,3.2031056800000003e-21,-2.121512955632392,-2.121513389771096,-2.1215133897710903,0.0,-0.05410078093213374,-0.07658830000000899,2.44613876019244,1.0
tip,233.0,20.0,28.516660498395403,1.0,0.0,2.1507749074395635e-06,1.7454280899525434e-05,0.0006421751337513969,-6.7684866380013915e-21,-6.768487990619471e-21,-6.768487990619445e-21,0.0,-1.9311662469155344e-22,-2.453204187515728e-22,7.835240956840563e-21,4.1730525320442695e-17,3.2169121700000003e-21,-2.1040321526718557,-2.1040325731427942,-2.1040325731427862,0.0,-0.06003167462652654,-0.07625959484979436,2.43564031057788,1.0
tip,234.0,20.0,28.516660498395403,1.0,0.0,2.112419910345835e-06,1.6975977529420304e-05,0.0006334301228015033,-6.741736048244971e-21,-6.7417373640944685e-21,-6.741737364094425e-21,0.0,-2.149507390319876e-22,-2.453204187515728e-22,7.835240956840563e-21,4.09863404172473e-17,3.2307186600000003e-21,-2.08676048822059,-2.0867608955137147,-2.086760895513701,0.0,-0.06653341304314861,-0.07593369914530806,2.4252315913019062,1.0
tip,235.0,20.0,28.516660498395403,1.0,0.0,2.07491874548459e-06,1.6513599361894672e-05,0.0006248439358512238,-6.715177074342355e-21,-6.715178354586345e-21,-6.71517835458631e-21,0.0,-2.3896108135552765e-22,-2.453204187515728e-22,7.835240956840563e-21,1.207761661161638e-16,3.2445251500000003e-21,-2.0696948748701653,-2.0696952694561004,-2.0696952694560897,0.0,-0.07365055603145121,-0.07561057702128547,2.414911456870834,1.0
tip,236.0,20.0,28.516660498395403,1.0,0.0,2.038249575673318e-06,1.6066533626767914e-05,0.0006164132512745559,-6.688808349580772e-21,-6.6888095953415134e-21,-6.688809595341476e-21,0.0,-2.653248387173535e-22,-2.453204187515728e-22,7.835240956840563e-21,1.1864173946310657e-16,3.2583316400000004e-21,-2.052832273875219,-2.05283265620608,-2.0528326562060686,0.0,-0.08142966033910332,-0.07529019322034781,2.4046787812061274,1.0
tip,237.0,20.0,28.516660498395403,1.0,0.0,2.0023911703925744e-06,1.5634194011222957e-05,0.0006081348197584097,-6.662628496576363e-21,-6.6626297089368406e-21,-6.6626297089368075e-21,0.0,-2.9422777021030016e-22,-2.453204187515728e-22,7.835240956840563e-21,1.1655450551351366e-16,3.2721381300000004e-21,-2.0361696945160324,-2.0361700650262096,-2.0361700650261993,0.0,-0.08991911665119716,-0.07497251308017758,2.3945324572347935,1.0
tip,238.0,20.0,28.516660498395403,1.0,0.0,1.967322888546411e-06,1.5216019403496249e-05,0.000600005462931836,-6.636636128491099e-21,-6.636637308496488e-21,-6.6366373084964736e-21,0.0,-3.258636059475494e-22,-2.453204187515728e-22,7.835240956840563e-21,3.817108759909467e-17,3.2859446200000004e-21,-2.0197041934599307,-2.0197045525668313,-2.0197045525668273,0.0,-0.0991689281566618,-0.07465750252101716,2.3844713964901096,1.0
tip,239.0,20.0,28.516660498395403,1.0,0.0,1.933024661672246e-06,1.4811472701195101e-05,0.0005920220720003522,-6.610829850194597e-21,-6.610830998853682e-21,-6.610830998853645e-21,0.0,-3.604332065374228e-22,-2.453204187515728e-22,7.835240956840563e-21,1.3126965037195065e-16,3.2997511100000004e-21,-2.003432874122011,-2.003433222226776,-2.003433222226765,0.0,-0.10923042209005356,-0.07434512803348153,2.3744945287223684,1.0
tip,240.0,20.0,28.516660498395403,1.0,0.0,1.899476977593303e-06,1.4420039680686413e-05,0.0005841816063872837,-6.585208259372629e-21,-6.585209377659166e-21,-6.585209377659161e-21,0.0,-3.9814344696292124e-22,-2.453204187515728e-22,7.835240956840563e-21,7.370940726077504e-17,3.3135576e-21,-1.9873528860257714,-1.9873532235139555,-1.987353223513954,0.0,-0.12015588531278926,-0.07403535666667536,2.3646008015193587,1.0
tip,241.0,20.0,28.516660498395403,1.0,0.0,1.8666608645062635e-06,1.4041227924202656e-05,0.0005764810923838229,-6.559769947584989e-21,-6.5597710364390065e-21,-6.559771036438968e-21,0.0,-4.392057872099114e-22,-2.453204187515728e-22,7.835240956840563e-21,5.432698081919661e-17,3.32736409e-21,-1.971461424164432,-1.9714617514066537,-1.9714617514066421,0.0,-0.13199811482304943,-0.07372815601660618,2.354789179936291,1.0
tip,242.0,20.0,28.516660498395403,1.0,0.0,1.8345578754965897e-06,1.3674565801509397e-05,0.0005689176218093658,-6.534513501273059e-21,-6.534514561602132e-21,-6.5345145616021056e-21,0.0,-4.83834491370783e-22,-2.453204187515728e-22,7.835240956840563e-21,1.0678532166568431e-16,3.34117058e-21,-1.9557557283630396,-1.9557560457156102,-1.9557560457156022,0.0,-0.1448098742000724,-0.07342349421488466,2.3450586461349014,1.0
tip,243.0,20.0,28.516660498395403,1.0,0.0,1.8031500734736297e-06,1.3319601503163505e-05,0.0005614883506835106,-6.509437502720634e-21,-6.5094385354010734e-21,-6.509438535401064e-21,0.0,-5.322444576470894e-22,-2.453204187515728e-22,7.835240956840563e-21,1.399428625289572e-16,3.35497707e-21,-1.9402330826423901,-1.9402333904479034,-1.9402333904479006,0.0,-0.1586432474923262,-0.07312133991770406,2.3354081990314652,1.0
tip,244.0,20.0,28.516660498395403,1.0,0.0,1.772420016517457e-06,1.2975902122558194e-05,0.0005541904979109645,-6.48454053096821e-21,-6.484541536846236e-21,-6.484541536846207e-21,0.0,-5.846486241166813e-22,-2.453204187515728e-22,7.835240956840563e-21,1.2036315909088003e-16,3.36878356e-21,-1.9248908145847785,-1.9248911131726834,-1.924891113172675,0.0,-0.17354888306231264,-0.07282166229509052,2.3258368539534677,1.0
tip,245.0,20.0,28.516660498395403,1.0,0.0,1.742350743629214e-06,1.2643052784114442e-05,0.0005470213439804683,-6.4598211626831286e-21,-6.459822142575985e-21,-6.459822142575952e-21,0.0,-6.412549198054848e-22,-2.453204187515728e-22,7.835240956840563e-21,6.761210663260462e-17,3.38259005e-21,-1.9097262947022293,-1.909726584389375,-1.9097265843893652,0.0,-0.189575121527211,-0.07252443102041668,2.316343642304678,1.0
tip,246.0,20.0,28.516660498395403,1.0,0.0,1.7129257608765755e-06,1.2320655815133909e-05,0.0005399782296787183,-6.435277972987295e-21,-6.4352789276843236e-21,-6.435278927684289e-21,0.0,-7.022627380558723e-22,-2.453204187515728e-22,7.835240956840563e-21,4.154391684844729e-17,3.39639654e-21,-1.8947369358076471,-1.8947372168988028,-1.8947372168987926,0.0,-0.20676700431919304,-0.07222961626017109,2.306927611238399,1.0
tip,247.0,20.0,28.516660498395403,1.0,0.0,1.684129027925906e-06,1.2008329958963661e-05,0.000533058554820157,-6.4109095362436986e-21,-6.4109104665073614e-21,-6.410910466507334e-21,0.0,-7.678589199813154e-22,-2.453204187515728e-22,7.835240956840563e-21,1.1436741151433814e-16,3.4102030300000005e-21,-1.8799201923891604,-1.8799204651775119,-1.8799204651775039,0.0,-0.22516516266813455,-0.07193718866397605,2.297587823338648,1.0
tip,248.0,20.0,28.516660498395403,1.0,0.0,1.6559449449525575e-06,1.1705709627263278e-05,0.00052625977699339,-6.3867144268035014e-21,-6.386715333370382e-21,-6.3867153333703604e-21,0.0,-8.382132505105457e-22,-2.453204187515728e-22,7.835240956840563e-21,6.425912014587252e-17,3.42400952e-21,-1.865273559988087,-1.8652738247557157,-1.8652738247557092,0.0,-0.24480459111297848,-0.07164711935484712,2.288323356309057,1.0
tip,249.0,20.0,28.516660498395403,1.0,0.0,1.6283583399207908e-06,1.1412444189286874e-05,0.0005195794103248981,-6.3626912197151315e-21,-6.362692103296884e-21,-6.362692103296851e-21,0.0,-9.134734886659323e-22,-2.453204187515728e-22,7.835240956840563e-21,9.478292835540837e-17,3.4378160100000005e-21,-1.850794574580834,-1.8507948315991707,-1.8507948315991611,0.0,-0.26571331508399487,-0.07135937991968709,2.279133302669261,1.0
tip,250.0,20.0,28.516660498395403,1.0,0.0,1.6013544562247125e-06,1.1128197296211504e-05,0.0005130150242606042,-6.338838491396748e-21,-6.338839352681013e-21,-6.338839352680995e-21,0.0,-9.937599776786517e-22,-2.453204187515728e-22,7.835240956840563e-21,3.883795638809501e-17,3.4516225e-21,-1.8364808119650244,-1.8364810614952858,-1.8364810614952807,0.0,-0.28791096873387856,-0.07107394240000835,2.2700167694585844,1.0
tip,251.0,20.0,28.516660498395403,1.0,0.0,1.5749189406817311e-06,1.0852646238658588e-05,0.0005065642423658022,-6.315154820273849e-21,-6.315155659925134e-21,-6.315155659925112e-21,0.0,-1.079159909487702e-21,-2.453204187515728e-22,7.835240956840563e-21,9.167234568138126e-17,3.4654289900000005e-21,-1.8223298871502336,-1.8223301294438392,-1.8223301294438328,0.0,-0.31140730703233993,-0.07079077928287683,2.260972877946797,1.0
tip,252.0,20.0,28.516660498395403,1.0,0.0,1.5490378318699685e-06,1.0585481335653348e-05,0.0005002247411438418,-6.291638787382803e-21,-6.291639606043326e-21,-6.291639606043296e-21,0.0,-1.1697213519376827e-21,-2.453204187515728e-22,7.835240956840563e-21,6.011057782883089e-17,3.47923548e-21,-1.8083394537534443,-1.8083396890524137,-1.8083396890524053,0.0,-0.33620068508202344,-0.07050986349207178,2.25200076335177,1.0
tip,253.0,20.0,28.516660498395403,1.0,0.0,1.5236975488011728e-06,1.032640535336811e-05,0.0004939942488739163,-6.268288976942163e-21,-6.268289775232674e-21,-6.26828977523265e-21,0.0,-1.2654471849521642e-21,-2.453204187515728e-22,7.835240956840563e-21,5.912724533276199e-17,3.4930419700000006e-21,-1.7945072033996092,-1.7945074319369465,-1.7945074319369396,0.0,-0.36227654743929805,-0.07023116837945488,2.2430995745638183,1.0
tip,254.0,20.0,28.516660498395403,1.0,0.0,1.4988848799207609e-06,1.0075132952091925e-05,0.0004878705444682346,-6.245103976892826e-21,-6.245104755413381e-21,-6.245104755413357e-21,0.0,-1.3662891328721176e-21,-2.453204187515728e-22,7.835240956840563e-21,1.1632877391340044e-16,3.50684846e-21,-1.7808308651274956,-1.780831087127552,-1.780831087127545,0.0,-0.3896059805424605,-0.06995466771654364,2.2342684738765595,1.0
tip,255.0,20.0,28.516660498395403,1.0,0.0,1.474586972426643e-06,9.831390159949722e-06,0.0004818514563487896,-6.2220823794082036e-21,-6.222083138738915e-21,-6.2220831387388935e-21,0.0,-1.4721421220183758e-21,-2.453204187515728e-22,7.835240956840563e-21,5.722150394605374e-17,3.5206549500000006e-21,-1.7673082048009852,-1.767308420479807,-1.7673084204798009,0.0,-0.41814439157645245,-0.06968033568628268,2.225506636724102,1.0
tip,256.0,20.0,28.516660498395403,1.0,0.0,1.4507913218986208e-06,9.594913871979437e-06,0.0004759348613438821,-6.199222781375812e-21,-6.199223522077581e-21,-6.199223522077554e-21,0.0,-1.582839232499664e-21,-2.453204187515728e-22,7.835240956840563e-21,8.444716659783043e-17,3.53446144e-21,-1.7539370245260935,-1.7539372340917603,-1.7539372340917527,0.0,-0.4478303864307157,-0.06940814687500815,2.216813251424399,1.0
tip,257.0,20.0,28.516660498395403,1.0,0.0,1.4274857622302419e-06,9.365451373253042e-06,0.00047011868360452173,-6.1765237848512636e-21,-6.1765245074664726e-21,-6.1765245074664274e-21,0.0,-1.6981475475608652e-21,-2.453204187515728e-22,7.835240956840563e-21,8.309060431033754e-17,3.54826793e-21,-1.7407151620738133,-1.740715365726757,-1.7407153657267442,0.0,-0.47858492680423526,-0.06913807626459957,2.2081875189285842,1.0
tip,258.0,20.0,28.516660498395403,1.0,0.0,1.4046584558551029e-06,9.142759884799532e-06,0.00046440089354076114,-6.1539839974858326e-21,-6.153984702539009e-21,-6.153984702538983e-21,0.0,-1.817765227692288e-21,-2.453204187515728e-22,7.835240956840563e-21,1.3626980003196098e-16,3.56207442e-21,-1.7276404903089677,-1.7276406882422768,-1.7276406882422695,0.0,-0.5103108507464276,-0.06887009922481428,2.1996286525761475,1.0
tip,259.0,20.0,28.516660498395403,1.0,0.0,1.38229788425973e-06,8.926606131153953e-06,0.0004587795067780007,-6.1316020329289576e-21,-6.131602720927418e-21,-6.131602720927392e-21,0.0,-1.941320144960166e-21,-2.453204187515728e-22,7.835240956840563e-21,1.0728043101098134e-16,3.57588091e-21,-1.714710916625285,-1.7147111090249978,-1.7147111090249905,0.0,-0.542892840623198,-0.06860419150579956,2.1911358778557766,1.0
tip,260.0,20.0,28.516660498395403,1.0,0.0,1.3603928387752672e-06,8.716765928426905e-06,0.0004532525831332399,-6.10937651120606e-21,-6.109377182640529e-21,-6.10937718264053e-21,0.0,-2.0683703999363975e-21,-2.453204187515728e-22,7.835240956840563e-21,3.959264079836175e-17,3.5896874e-21,-1.7019243823866277,-1.7019245694320146,-1.701924569432015,0.0,-0.5761979162688086,-0.06834032923077725,2.1827084321717156,1.0
tip,261.0,20.0,28.516660498395403,1.0,0.0,1.3389324116403761e-06,8.51302379184141e-06,0.00044781822561123857,-6.08730605907364e-21,-6.087306714418846e-21,-6.087306714418815e-21,0.0,-2.198407003872281e-21,-2.453204187515728e-22,7.835240956840563e-21,1.558722402379166e-16,3.60349389e-21,-1.6892788623747714,-1.6892790442386032,-1.6892790442385945,0.0,-0.6100765176744288,-0.0680784888888969,2.1743455646155025,1.0
tip,262.0,20.0,28.516660498395403,1.0,0.0,1.3179059873278584e-06,8.315172561749874e-06,0.00044247457942050565,-6.065389310351478e-21,-6.065389950066722e-21,-6.0653899500666995e-21,0.0,-2.3308589381888815e-21,-2.453204187515728e-22,7.835240956840563e-21,3.835611045975702e-17,3.61730038e-21,-1.6767723642434906,-1.6767725410922942,-1.676772541092288,0.0,-0.6443642200897016,-0.06781864732825224,2.166046535742924,1.0
tip,263.0,20.0,28.516660498395403,1.0,0.0,1.2973032341276683e-06,8.123013047190098e-06,0.0004372198310090094,-6.0436249062342934e-21,-6.0436255307640044e-21,-6.043625530763974e-21,0.0,-2.4651006999100262e-21,-2.453204187515728e-22,7.835240956840563e-21,1.2585497102214246e-16,3.63110687e-21,-1.6644029279794492,-1.6644030999737567,-1.6644030999737482,0.0,-0.6788840946204445,-0.06756078174905737,2.157810617356069,1.0
tip,264.0,20.0,28.516660498395403,1.0,0.0,1.2771140959791415e-06,7.936353686095356e-06,0.0004320522071194836,-6.022011495582322e-21,-6.022012105356578e-21,-6.0220121053565556e-21,0.0,-2.600462306554939e-21,-2.453204187515728e-22,7.835240956840563e-21,9.911709314674856e-17,3.64491336e-21,-1.6521686253695538,-1.6521687926641355,-1.6521687926641293,0.0,-0.7134496899413101,-0.0673048696969776,2.149637092290326,1.0
tip,265.0,20.0,28.516660498395403,1.0,0.0,1.2573287845453793e-06,7.755010221319806e-06,0.00042696997386416517,-6.0005477351928116e-21,-6.0005483306278554e-21,-6.000548330627841e-21,0.0,-2.7362415726929853e-21,-2.453204187515728e-22,7.835240956840563e-21,4.879077526879549e-17,3.65871985e-21,-1.6400675594751568,-1.64006772221925,-1.640067722219246,0.0,-0.7478685673878489,-0.06705088905661165,2.1415252542062118,1.0
tip,266.0,20.0,28.516660498395403,1.0,0.0,1.2379377715229462e-06,7.5788053916835445e-06,0.0004219714358188053,-5.979232290052639e-21,-5.979232871551365e-21,-5.979232871551354e-21,0.0,-2.871718293204436e-21,-2.453204187515728e-22,7.835240956840563e-21,7.20574571219601e-17,3.67252634e-21,-1.6280978641129742,-1.6280980224504977,-1.6280980224504948,0.0,-0.7819462754906846,-0.06679881804512063,2.1334744073858873,1.0
tip,267.0,20.0,28.516660498395403,1.0,0.0,1.218931781180093e-06,7.407568637288401e-06,0.0004170549351357412,-5.9580638335731795e-21,-5.958064401525604e-21,-5.958064401525578e-21,0.0,-3.006169790596782e-21,-2.453204187515728e-22,7.835240956840563e-21,1.4190232519447285e-16,3.68633283e-21,-1.6162577033428585,-1.6162578574126212,-1.616257857412614,0.0,-0.8154906052248088,-0.06654863520600032,2.125483866534255,1.0
tip,268.0,20.0,28.516660498395403,1.0,0.0,1.2003017831169826e-06,7.2411358183907966e-06,0.0004122188506758385,-5.93704104780801e-21,-5.937041602591725e-21,-5.9370416025917065e-21,0.0,-3.1388871249136757e-21,-2.453204187515728e-22,7.835240956840563e-21,5.822229474173443e-17,3.7001393200000004e-21,-1.6045452709623942,-1.6045454208982932,-1.604545420898288,0.0,-0.8483159290644428,-0.06630031940299286,2.1175529565845004,1.0
tip,269.0,20.0,28.516660498395403,1.0,0.0,1.1820389852414607e-06,7.079348947161411e-06,0.00040746159715907004,-5.916162623654516e-21,-5.916163165635128e-21,-5.9161631656351036e-21,0.0,-3.2691911464777252e-21,-2.453204187515728e-22,7.835240956840563e-21,6.880371863287465e-17,3.71394581e-21,-1.59295879000844,-1.5929589359396517,-1.5929589359396452,0.0,-0.880247400938175,-0.06605384981413416,2.109681012507978,1.0
tip,270.0,20.0,28.516660498395403,1.0,0.0,1.1641348269541118e-06,6.922055931690661e-06,0.00040278162433349864,-5.895427261039717e-21,-5.89542779057126e-21,-5.895427790571217e-21,0.0,-3.396447514871805e-21,-2.453204187515728e-22,7.835240956840563e-21,6.77615591326351e-17,3.7277523000000004e-21,-1.5814965122655056,-1.5814966543166669,-1.5814966543166553,0.0,-0.9111247855367979,-0.06580920592593364,2.101867379128319,1.0
tip,271.0,20.0,28.516660498395403,1.0,0.0,1.1465809725364768e-06,6.769110331639132e-06,0.0003981774161624128,-5.874833669091289e-21,-5.8748341865166355e-21,-5.8748341865165956e-21,0.0,-3.520079828764113e-21,-2.453204187515728e-22,7.835240956840563e-21,4.449319332410895e-17,3.74155879e-21,-1.570156717781064,-1.5701568560724488,-1.5701568560724382,0.0,-0.9408056979278717,-0.06556636752768298,2.0941114109396537,1.0
tip,272.0,20.0,28.516660498395403,1.0,0.0,1.129369304736483e-06,6.620371124959393e-06,0.00039364749002936865,-5.8543805662944924e-21,-5.854381071945735e-21,-5.854381071945721e-21,0.0,-3.639580118821427e-21,-2.453204187515728e-22,7.835240956840563e-21,9.860690805999835e-17,3.7553652800000004e-21,-1.5589377143877976,-1.558937849035483,-1.5589378490354793,0.0,-0.9691680695363478,-0.06532531470589002,2.086412471928846,1.0
tip,273.0,20.0,28.516660498395403,1.0,0.0,1.1124919185452515e-06,6.475702485148009e-06,0.0003891903959608592,-5.834066680635572e-21,-5.8340671748344076e-21,-5.8340671748343865e-21,0.0,-3.754516147076051e-21,-2.453204187515728e-22,7.835240956840563e-21,6.47555451615149e-17,3.76917177e-21,-1.5478378372327595,-1.5478379683487886,-1.547837968348783,0.0,-0.9961117126471662,-0.06508602783883548,2.0787699354016342,1.0
tip,274.0,20.0,28.516660498395403,1.0,0.0,1.0959411151596322e-06,6.334973568512745e-06,0.0003848047158663515,-5.813890749731983e-21,-5.813891232790062e-21,-5.8138912327900425e-21,0.0,-3.8645352148072784e-21,-2.453204187515728e-22,7.835240956840563e-21,8.505621496110079e-17,3.7829782600000005e-21,-1.5368554483133567,-1.5368555760058904,-1.5368555760058853,0.0,-1.0215589277024495,-0.06484848759124849,2.0711831838125767,1.0
tip,275.0,20.0,28.516660498395403,1.0,0.0,1.079709396124941e-06,6.198058310971296e-06,0.00038048906279540274,-5.793851520950701e-21,-5.7938519931699795e-21,-5.793851993169958e-21,0.0,-3.969364479115737e-21,-2.453204187515728e-22,7.835240956840563e-21,5.23727920137625e-17,3.79678475e-21,-1.5259889360203265,-1.5259890603937922,-1.5259890603937865,0.0,-1.0454541778055069,-0.0646126749090985,2.063651608598713,1.0
tip,276.0,20.0,28.516660498395403,1.0,0.0,1.063789457652542e-06,6.064835233916073e-06,0.0003762420802115844,-5.77394775151449e-21,-5.77394821318756e-21,-5.773948213187548e-21,0.0,-4.068808078879697e-21,-2.453204187515728e-22,7.835240956840563e-21,8.256091681539091e-17,3.8105912400000005e-21,-1.5152367146874797,-1.5152368358427128,-1.5152368358427097,0.0,-1.0677629329982128,-0.06437857101450031,2.0561746100168334,1.0
tip,277.0,20.0,28.516660498395403,1.0,0.0,1.0481741851070237e-06,5.935187258710699e-06,0.0003720624412829121,-5.754178208597271e-21,-5.754178660007691e-21,-5.7541786600076685e-21,0.0,-4.1627416334840525e-21,-2.453204187515728e-22,7.835240956840563e-21,5.0843132232520465e-17,3.82439773e-21,-1.5045972241483552,-1.5045973421827366,-1.5045973421827306,0.0,-1.0884698526071064,-0.06414615740072956,2.0487515969842818,1.0
tip,278.0,20.0,28.516660498395403,1.0,0.0,1.0328566476579128e-06,5.809001529402527e-06,0.0003679488481885076,-5.734541669408549e-21,-5.734542110831139e-21,-5.734542110831129e-21,0.0,-4.2511048662988326e-21,-2.453204187515728e-22,7.835240956840563e-21,8.016021358788853e-17,3.8382042200000005e-21,-1.4940689292995848,-1.4940690443071678,-1.4940690443071651,0.0,-1.1075765182444701,-0.06391541582734563,2.041381986923187,1.0
tip,279.0,20.0,28.516660498395403,1.0,0.0,1.0178300930909635e-06,5.686169243255813e-06,0.00036390003144118885,-5.715036921268068e-21,-5.7150373529692244e-21,-5.715037352969204e-21,0.0,-4.333893193865432e-21,-2.453204187515728e-22,7.835240956840563e-21,7.899399882132843e-17,3.85201071e-21,-1.4836503196711173,-1.483650431742757,-1.4836504317427517,0.0,-1.1250989470549608,-0.06368632831541966,2.0340652056080506,1.0
tip,280.0,20.0,28.516660498395403,1.0,0.0,1.0030879427742102e-06,5.56658548873562e-06,0.0003599147492256977,-5.695662761670534e-21,-5.6956631839084984e-21,-5.695663183908489e-21,0.0,-4.411149101599968e-21,-2.453204187515728e-22,7.835240956840563e-21,7.78498567024637e-17,3.8658172000000005e-21,-1.4733399090030779,-1.4733400182265466,-1.4733400182265444,0.0,-1.141065103026591,-0.06345887714286459,2.026800687016593,1.0
tip,281.0,20.0,28.516660498395403,1.0,0.0,9.886237867741265e-07,5.4501490905843576e-06,0.0003559917867522728,-5.67641799834142e-21,-5.6764184113665715e-21,-5.676418411366558e-21,0.0,-4.4829540060197575e-21,-2.453204187515728e-22,7.835240956840563e-21,7.672728975411083e-17,3.87962369e-21,-1.4631362348293682,-1.4631363412894747,-1.4631363412894711,0.0,-1.1555125868456992,-0.06323304483986508,2.0195878731837937,1.0
tip,282.0,20.0,28.516660498395403,1.0,0.0,9.744313791173392e-07,5.336762461657765e-06,0.00035212995562527375,-5.657301449283888e-21,-5.657301853338999e-21,-5.657301853338974e-21,0.0,-4.54942110688068e-21,-2.453204187515728e-22,7.835240956840563e-21,3.7812906612026166e-17,3.8934301800000006e-21,-1.4530378580678405,-1.4530379618465377,-1.4530379618465312,0.0,-1.1684866291555482,-0.06300881418440456,2.0124262140590283,1.0
tip,283.0,20.0,28.516660498395403,1.0,0.0,9.605046331934735e-07,5.226331461199856e-06,0.00034832809322655144,-5.63831194281757e-21,-5.6383123381380665e-21,-5.638312338138056e-21,0.0,-4.610689496392961e-21,-2.453204187515728e-22,7.835240956840563e-21,1.3045367077443787e-16,3.90723667e-21,-1.443043362617082,-1.4430434637935732,-1.4430434637935705,0.0,-1.1800384480914898,-0.06278616819788724,2.0053151673662404,1.0
tip,284.0,20.0,28.516660498395403,1.0,0.0,9.468376172948694e-07,5.118765259253778e-06,0.0003445850621132885,-5.619448317609532e-21,-5.619448704423743e-21,-5.6194487044237324e-21,0.0,-4.666919557272139e-21,-2.453204187515728e-22,7.835240956840563e-21,1.4696850780936548e-16,3.9210431600000006e-21,-1.4331513549597172,-1.4331514536105596,-1.433151453610557,0.0,-1.1902239702131048,-0.06256509014085242,1.9982541984670634,1.0
tip,285.0,20.0,28.516660498395403,1.0,0.0,9.334245502889819e-07,5.013976206921298e-06,0.00034089974942999975,-5.600709422697657e-21,-5.60070980122705e-21,-5.6007098012270325e-21,0.0,-4.7182894836805665e-21,-2.453204187515728e-22,7.835240956840563e-21,1.2677570863558704e-16,3.93484965e-21,-1.4233604637721435,-1.4233605599713446,-1.4233605599713401,0.0,-1.1991028637347214,-0.062345563508779255,1.9912427802268284,1.0
tip,286.0,20.0,28.516660498395403,1.0,0.0,9.202597974194416e-07,4.91187971219752e-06,0.00033727106633441576,-5.582094117507069e-21,-5.582094487966477e-21,-5.582094487966469e-21,0.0,-4.764992625948104e-21,-2.453204187515728e-22,7.835240956840563e-21,3.571077096551751e-17,3.9486561400000006e-21,-1.4136693395406843,-1.4136694333597952,-1.4136694333597932,0.0,-1.2067378006604808,-0.06212757202797932,1.9842803928833777,1.0
tip,287.0,20.0,28.516660498395403,1.0,0.0,9.073378662318363e-07,4.812394121121247e-06,0.0003336979474369494,-5.563601271859924e-21,-5.56360163445777e-21,-5.563601634457752e-21,0.0,-4.8072353039777316e-21,-2.453204187515728e-22,7.835240956840563e-21,1.4083733438763923e-16,3.96246263e-21,-1.4040766541840985,-1.4040767456923045,-1.4040767456922998,0.0,-1.2131938526263732,-0.061911099651575215,1.9773665239186275,1.0
tip,288.0,20.0,28.516660498395403,1.0,0.0,8.946534026204293e-07,4.715440603994729e-06,0.0003301793502534702,-5.545229765978689e-21,-5.545230120917203e-21,-5.54523012091719e-21,0.0,-4.8452347529625204e-21,-2.453204187515728e-22,7.835240956840563e-21,4.339638895722036e-17,3.976269120000001e-21,-1.3945811006823121,-1.39458118994652,-1.3945811899465168,0.0,-1.2185379326041492,-0.06169613055556279,1.9705006679327988,1.0
tip,289.0,20.0,28.516660498395403,1.0,0.0,8.822011869920857e-07,4.620943046437806e-06,0.00032671425467108986,-5.526978490483664e-21,-5.526978837959073e-21,-5.5269788379590565e-21,0.0,-4.879216942976354e-21,-2.453204187515728e-22,7.835240956840563e-21,6.846780224948966e-17,3.99007561e-21,-1.3851813927114187,-1.385181479796337,-1.385181479796333,0.0,-1.2228382165861649,-0.06148264913495532,1.9636823265212666,1.0
tip,290.0,20.0,28.516660498395403,1.0,0.0,8.699761305438596e-07,4.5288279450544725e-06,0.0003233016624266923,-5.50884634638458e-21,-5.508846686587332e-21,-5.508846686587316e-21,0.0,-4.909414127163026e-21,-2.453204187515728e-22,7.835240956840563e-21,6.751901200352469e-17,4.0038821e-21,-1.3758762642847502,-1.3758763492529742,-1.3758763492529704,0.0,-1.2261635094507468,-0.0612706400000072,1.9569110081539522,1.0
tip,291.0,20.0,28.516660498395403,1.0,0.0,8.579732716507367e-07,4.439024307500272e-06,0.00031994059659792005,-5.490832245067073e-21,-5.490832578181997e-21,-5.490832578181987e-21,0.0,-4.936062094839927e-21,-2.453204187515728e-22,7.835240956840563e-21,1.1652806640972273e-16,4.01768859e-21,-1.3666644694000718,-1.3666645523121532,-1.3666645523121508,0.0,-1.2285825504559393,-0.06106008797251576,1.950186228057203,1.0
tip,292.0,20.0,28.516660498395403,1.0,0.0,8.461877723601676e-07,4.351463556748003e-06,0.0003166301011063466,-5.472935108273923e-21,-5.472935434480439e-21,-5.472935434480424e-21,0.0,-4.959397211801872e-21,-2.453204187515728e-22,7.835240956840563e-21,6.567279032285426e-17,4.03149508e-21,-1.357544781692732,-1.3575448626072586,-1.357544862607255,0.0,-1.2301632802195734,-0.06085097808219893,1.9435075080981032,1.0
tip,293.0,20.0,28.516660498395403,1.0,0.0,8.346149149901256e-07,4.266079439362094e-06,0.00031336924023256586,-5.4551538680815966e-21,-5.4551541875538785e-21,-5.455154187553866e-21,0.0,-4.9796534033664985e-21,-2.453204187515728e-22,7.835240956840563e-21,6.477461727118155e-17,4.04530157e-21,-1.3485159940947484,-1.3485160730684111,-1.3485160730684078,0.0,-1.2309721085556788,-0.06064329556314705,1.936874376671147,1.0
tip,294.0,20.0,28.516660498395403,1.0,0.0,8.232500988275061e-07,4.1828079375987e-06,0.0003101570981429287,-5.4374874668722786e-21,-5.43748777977943e-21,-5.437487779779418e-21,0.0,-4.997059268276652e-21,-2.453204187515728e-22,7.835240956840563e-21,1.118120330274659e-16,4.05910806e-21,-1.3395769184997453,-1.3395769955874075,-1.3395769955874046,0.0,-1.2310732294908777,-0.060437025850347235,1.9302863685872318,1.0
tip,295.0,20.0,28.516660498395403,1.0,0.0,8.12088836923794e-07,4.101587185158025e-06,0.0003069927784276647,-5.419934857301632e-21,-5.419935163807853e-21,-5.4199351638078574e-21,0.0,-5.011835504562043e-21,-2.453204187515728e-22,7.835240956840563e-21,3.1513180589700286e-17,4.07291455e-21,-1.3307263854336524,-1.330726460688416,-1.330726460688417,0.0,-1.2305280268062688,-0.06023215457627826,1.923743024964902,1.0
tip,296.0,20.0,28.516660498395403,1.0,0.0,8.011267529850265e-07,4.022357386425738e-06,0.0003038754036501331,-5.4024950022626675e-21,-5.402495302527408e-21,-5.402495302527386e-21,0.0,-5.024192790153041e-21,-2.453204187515728e-22,7.835240956840563e-21,1.3989507808258627e-16,4.08672104e-21,-1.3219632437311326,-1.321963317204398,-1.3219633172043928,0.0,-1.2293946029046898,-0.06002866756757462,1.9172438931238045,1.0
tip,297.0,20.0,28.516660498395403,1.0,0.0,7.903595783531431e-07,3.945060739044494e-06,0.0003008041149069438,-5.3851668748455535e-21,-5.385167169023671e-21,-5.385167169023664e-21,0.0,-5.034330203947941e-21,-2.453204187515728e-22,7.835240956840563e-21,4.6004959685542426e-17,4.1005275300000004e-21,-1.3132863602175482,-1.313286431959078,-1.313286431959076,0.0,-1.2277274489967733,-0.059826550841757864,1.9107885264802897,1.0
tip,298.0,20.0,28.516660498395403,1.0,0.0,7.797831490759282e-07,3.869641359668543e-06,0.0002977780713986992,-5.3679494582944255e-21,-5.36794974653633e-21,-5.3679497465363194e-21,0.0,-5.04243421067057e-21,-2.453204187515728e-22,7.835240956840563e-21,9.0778658967625e-17,4.11433402e-21,-1.3046946193966102,-1.304694689454584,-1.3046946894545814,0.0,-1.225577258958321,-0.05962579060403385,1.9043764844451212,1.0
tip,299.0,20.0,28.516660498395403,1.0,0.0,7.693934030628337e-07,3.796045212758227e-06,0.0002947964500111128,-5.350841745960303e-21,-5.3508420284121086e-21,-5.350842028412094e-21,0.0,-5.048678176916607e-21,-2.453204187515728e-22,7.835240956840563e-21,1.1942550838225183e-16,4.1281405100000004e-21,-1.2961869231433458,-1.2961869915644195,-1.296186991564416,0.0,-1.2229908755980319,-0.05942637324415413,1.898007332323231,1.0
tip,300.0,20.0,28.516660498395403,1.0,0.0,7.591863773240398e-07,3.7242200422793226e-06,0.0002918584449062604,-5.3338427412513375e-21,-5.33384301805499e-21,-5.33384301805498e-21,0.0,-5.053222344281927e-21,-2.453204187515728e-22,7.835240956840563e-21,5.89205833158492e-17,4.141947e-21,-1.287762190402566,-1.2877622572319225,-1.28776225723192,0.0,-1.2200113483542707,-0.05922828533334029,1.891680641215487,1.0
