R_nm,E_kcalmol_per_NC_axis,halfwidth_kcalmol
0.038153,12.419355,1.266428
0.057230,12.419355,1.266428
0.076307,12.419355,1.266428
0.095383,12.658303,0.788530
0.114460,12.658303,0.788530
0.133537,12.658303,0.788530
0.152614,12.658303,0.788530
0.171690,13.016726,0.023895
0.190767,13.016726,0.023895
0.209844,13.016726,0.023895
0.228920,10.304659,0.824373
0.247997,10.304659,0.824373
0.267074,10.304659,0.824373
0.286150,9.217443,0.621266
0.305227,9.217443,0.621266
0.324304,9.217443,0.621266
0.343380,9.217443,0.621266
0.362457,8.309438,0.740741
0.381534,8.309438,0.740741
0.400610,8.309438,0.740741
0.419687,7.353644,0.669056
0.438764,7.353644,0.669056
0.457841,7.353644,0.669056
0.476917,6.433692,0.633214
0.495994,6.433692,0.633214
0.515071,6.433692,0.633214
0.534147,6.433692,0.633214
0.553224,5.716846,0.537634
0.572301,5.716846,0.537634
0.591377,5.716846,0.537634
0.610454,5.000000,0.537634
0.629531,5.000000,0.537634
0.648607,5.000000,0.537634
0.667684,4.318996,0.501792
0.686761,4.318996,0.501792
0.705837,4.318996,0.501792
0.724914,4.318996,0.501792
0.743991,3.685783,0.418160
0.763068,3.685783,0.418160
0.782144,3.685783,0.418160
0.801221,3.124253,0.430108
0.820298,3.124253,0.430108
0.839374,3.124253,0.430108
0.858451,2.658303,0.346476
0.877528,2.658303,0.346476
0.896604,2.658303,0.346476
0.915681,2.658303,0.346476
0.934758,2.216249,0.310633
0.953834,2.216249,0.310633
0.972911,2.216249,0.310633
0.991988,1.738351,0.310633
1.011064,1.738351,0.310633
1.030141,1.738351,0.310633
1.049218,1.379928,0.262843
1.068295,1.379928,0.262843
1.087371,1.379928,0.262843
1.106448,1.379928,0.262843
1.125525,0.973716,0.262843
1.144601,0.973716,0.262843
1.163678,0.973716,0.262843
1.182755,0.663082,0.262843
1.201831,0.663082,0.262843
1.220908,0.663082,0.262843
1.239985,0.340502,0.179211
1.259061,0.340502,0.179211
1.278138,0.340502,0.179211
1.297215,0.340502,0.179211
1.316291,0.101553,0.179211
1.335368,0.101553,0.179211
1.354445,0.101553,0.179211
1.373522,-0.137395,0.179211
1.392598,-0.137395,0.179211
1.411675,-0.137395,0.179211
1.430752,-0.376344,0.179211
1.449828,-0.376344,0.179211
1.468905,-0.376344,0.179211
1.487982,-0.376344,0.179211
1.507058,-0.615293,0.179211
1.526135,-0.615293,0.179211
1.545212,-0.615293,0.179211
1.564288,-0.818399,0.143369
1.583365,-0.818399,0.143369
1.602442,-0.818399,0.143369
1.621519,-0.973716,0.155317
1.640595,-0.973716,0.155317
1.659672,-0.973716,0.155317
1.678749,-0.973716,0.155317
1.697825,-1.129032,0.143369
1.716902,-1.129032,0.143369
1.735979,-1.129032,0.143369
1.755055,-1.332139,0.107527
1.774132,-1.332139,0.107527
1.793209,-1.332139,0.107527
1.812285,-1.403823,0.107527
1.831362,-1.403823,0.107527
1.850439,-1.403823,0.107527
1.869515,-1.403823,0.107527
1.888592,-1.535245,0.071685
1.907669,-1.535245,0.071685
1.926746,-1.535245,0.071685
1.945822,-1.571087,0.035842
1.964899,-1.571087,0.035842
1.983976,-1.571087,0.035842
2.193819,-1.893668,0.023895
2.212896,-1.893668,0.023895
2.231973,-1.893668,0.023895
2.251049,-1.893668,0.023895
2.327356,-2.084827,0.071685
2.346433,-2.084827,0.071685
2.365509,-2.084827,0.071685
2.384586,-2.084827,0.071685
2.403663,-2.084827,0.071685
2.422739,-2.084827,0.071685
2.441816,-2.084827,0.071685
2.460893,-2.168459,0.059737
2.479969,-2.168459,0.059737
2.499046,-2.168459,0.059737
2.518123,-2.204301,0.023895
2.537200,-2.204301,0.023895
2.556276,-2.204301,0.023895
2.575353,-2.252091,0.071685
2.594430,-2.252091,0.071685
2.613506,-2.252091,0.071685
2.632583,-2.252091,0.071685
2.651660,-2.252091,0.071685
2.670736,-2.252091,0.071685
2.689813,-2.252091,0.071685
2.708890,-2.252091,0.071685
2.727966,-2.252091,0.071685
2.747043,-2.252091,0.071685
2.766120,-2.287933,0.035842
2.785196,-2.287933,0.035842
2.804273,-2.287933,0.035842
2.823350,-2.287933,0.035842
2.842427,-2.287933,0.035842
2.861503,-2.287933,0.035842
2.880580,-2.287933,0.035842
2.899657,-2.323775,0.071685
2.918733,-2.323775,0.071685
2.937810,-2.323775,0.071685
2.956887,-2.204301,0.023895
2.975963,-2.204301,0.023895
2.995040,-2.204301,0.023895
3.014117,-2.204301,0.023895
3.033193,-2.204301,0.023895
3.052270,-2.204301,0.023895
3.071347,-2.204301,0.023895
3.090424,-2.323775,0.071685
3.109500,-2.323775,0.071685
3.128577,-2.323775,0.071685
3.147654,-2.287933,0.035842
3.166730,-2.287933,0.035842
3.185807,-2.287933,0.035842
3.204884,-2.287933,0.035842
3.223960,-2.287933,0.035842
3.243037,-2.287933,0.035842
3.262114,-2.287933,0.035842
3.281190,-2.287933,0.035842
3.300267,-2.287933,0.035842
3.319344,-2.287933,0.035842
3.338420,-2.287933,0.035842
3.357497,-2.287933,0.035842
3.376574,-2.287933,0.035842
3.395651,-2.287933,0.035842
3.414727,-2.252091,0.071685
3.433804,-2.252091,0.071685
3.452881,-2.252091,0.071685
3.471957,-2.252091,0.071685
3.491034,-2.252091,0.071685
3.510111,-2.252091,0.071685
3.529187,-2.252091,0.071685
3.548264,-2.252091,0.071685
3.567341,-2.252091,0.071685
3.586417,-2.252091,0.071685
3.605494,-2.204301,0.023895
3.624571,-2.204301,0.023895
3.643647,-2.204301,0.023895
3.662724,-2.204301,0.023895
3.681801,-2.204301,0.023895
3.700878,-2.204301,0.023895
3.719954,-2.168459,0.059737
3.739031,-2.168459,0.059737
3.758108,-2.168459,0.059737
3.777184,-2.168459,0.059737
3.796261,-2.168459,0.059737
3.815338,-2.168459,0.059737
3.834414,-2.168459,0.059737
3.853491,-2.132616,0.023895
3.872568,-2.132616,0.023895
3.891644,-2.132616,0.023895
3.910721,-2.132616,0.023895
3.929798,-2.132616,0.023895
3.948874,-2.132616,0.023895
3.967951,-2.132616,0.023895
3.987028,-2.084827,0.071685
4.006105,-2.084827,0.071685
4.025181,-2.084827,0.071685
4.044258,-2.084827,0.071685
4.063335,-2.084827,0.071685
4.082411,-2.084827,0.071685
4.101488,-2.048984,0.035842
4.120565,-2.048984,0.035842
4.139641,-2.048984,0.035842
4.158718,-2.048984,0.035842
4.177795,-2.013142,0.071685
4.196871,-2.013142,0.071685
4.215948,-2.013142,0.071685
4.235025,-2.013142,0.071685
4.254101,-2.013142,0.071685
4.273178,-2.013142,0.071685
4.292255,-2.013142,0.071685
4.311332,-1.965352,0.023895
4.330408,-1.965352,0.023895
4.349485,-1.965352,0.023895
4.368562,-1.965352,0.023895
4.387638,-1.965352,0.023895
4.406715,-1.965352,0.023895
4.425792,-1.929510,0.059737
4.444868,-1.929510,0.059737
4.463945,-1.929510,0.059737
4.483022,-1.929510,0.059737
4.502098,-1.929510,0.059737
4.521175,-1.929510,0.059737
4.540252,-1.929510,0.059737
4.559329,-1.893668,0.023895
4.578405,-1.893668,0.023895
4.597482,-1.893668,0.023895
4.616559,-1.845878,0.071685
4.635635,-1.845878,0.071685
4.654712,-1.845878,0.071685
4.673789,-1.845878,0.071685
4.692865,-1.845878,0.071685
4.711942,-1.845878,0.071685
4.731019,-1.845878,0.071685
4.750095,-1.810036,0.035842
4.769172,-1.810036,0.035842
4.788249,-1.810036,0.035842
4.807325,-1.774194,0.071685
4.826402,-1.774194,0.071685
4.845479,-1.774194,0.071685
4.864556,-1.774194,0.071685
4.883632,-1.774194,0.071685
4.902709,-1.774194,0.071685
4.921786,-1.774194,0.071685
4.940862,-1.726404,0.023895
4.959939,-1.726404,0.023895
4.979016,-1.726404,0.023895
4.998092,-1.726404,0.023895
5.017169,-1.726404,0.023895
5.036246,-1.726404,0.023895
5.055322,-1.726404,0.023895
5.074399,-1.690562,0.059737
5.093476,-1.690562,0.059737
5.112552,-1.690562,0.059737
5.131629,-1.654719,0.023895
5.150706,-1.654719,0.023895
5.169783,-1.654719,0.023895
5.188859,-1.654719,0.023895
5.207936,-1.654719,0.023895
5.227013,-1.654719,0.023895
5.246089,-1.654719,0.023895
5.265166,-1.654719,0.023895
5.284243,-1.654719,0.023895
5.303319,-1.654719,0.023895
5.322396,-1.654719,0.023895
5.341473,-1.654719,0.023895
5.360549,-1.654719,0.023895
5.379626,-1.571087,0.035842
5.398703,-1.571087,0.035842
5.417779,-1.571087,0.035842
5.436856,-1.571087,0.035842
5.455933,-1.535245,0.071685
5.475010,-1.535245,0.071685
5.494086,-1.535245,0.071685
5.513163,-1.535245,0.071685
5.532240,-1.535245,0.071685
5.551316,-1.535245,0.071685
5.570393,-1.487455,0.023895
5.589470,-1.487455,0.023895
5.608546,-1.487455,0.023895
5.627623,-1.487455,0.023895
5.646700,-1.451613,0.059737
5.665776,-1.451613,0.059737
5.684853,-1.451613,0.059737
5.703930,-1.451613,0.059737
5.723006,-1.451613,0.059737
5.742083,-1.451613,0.059737
5.761160,-1.415771,0.023895
5.780237,-1.415771,0.023895
5.799313,-1.415771,0.023895
5.818390,-1.415771,0.023895
5.837467,-1.415771,0.023895
5.856543,-1.415771,0.023895
5.875620,-1.415771,0.023895
5.894697,-1.367981,0.071685
5.913773,-1.367981,0.071685
5.932850,-1.367981,0.071685
5.951927,-1.367981,0.071685
5.971003,-1.367981,0.071685
5.990080,-1.367981,0.071685
6.009157,-1.367981,0.071685
6.028233,-1.332139,0.035842
6.047310,-1.332139,0.035842
6.066387,-1.332139,0.035842
6.085464,-1.332139,0.035842
6.104540,-1.332139,0.035842
6.123617,-1.332139,0.035842
6.142694,-1.296296,0.071685
6.161770,-1.296296,0.071685
6.180847,-1.296296,0.071685
6.199924,-1.296296,0.071685
6.219000,-1.296296,0.071685
6.238077,-1.296296,0.071685
6.257154,-1.296296,0.071685
6.276230,-1.248507,0.023895
6.295307,-1.248507,0.023895
6.314384,-1.248507,0.023895
6.333461,-1.248507,0.023895
6.352537,-1.248507,0.023895
6.371614,-1.248507,0.023895
6.390691,-1.248507,0.023895
6.409767,-1.212664,0.059737
6.428844,-1.212664,0.059737
6.447921,-1.212664,0.059737
6.466997,-1.212664,0.059737
6.486074,-1.212664,0.059737
6.505151,-1.212664,0.059737
6.524227,-1.176822,0.023895
6.543304,-1.176822,0.023895
6.562381,-1.176822,0.023895
6.581457,-1.176822,0.023895
6.600534,-1.176822,0.023895
6.619611,-1.176822,0.023895
6.638688,-1.176822,0.023895
6.657764,-1.129032,0.071685
6.676841,-1.129032,0.071685
6.695918,-1.129032,0.071685
6.714994,-1.129032,0.071685
6.734071,-1.129032,0.071685
6.753148,-1.129032,0.071685
6.772224,-1.129032,0.071685
6.791301,-1.093190,0.035842
6.810378,-1.093190,0.035842
6.829454,-1.093190,0.035842
6.848531,-1.093190,0.035842
6.867608,-1.093190,0.035842
6.886684,-1.093190,0.035842
6.905761,-1.057348,0.071685
6.924838,-1.057348,0.071685
6.943915,-1.057348,0.071685
6.962991,-1.057348,0.071685
6.982068,-1.057348,0.071685
7.001145,-1.057348,0.071685
7.020221,-1.057348,0.071685
7.039298,-1.057348,0.071685
7.058375,-1.057348,0.071685
7.077451,-1.057348,0.071685
7.096528,-1.009558,0.023895
7.115605,-1.009558,0.023895
7.134681,-1.009558,0.023895
7.153758,-1.009558,0.023895
7.172835,-1.009558,0.023895
7.191911,-1.009558,0.023895
7.210988,-1.009558,0.023895
7.230065,-0.973716,0.059737
7.249142,-0.973716,0.059737
7.268218,-0.973716,0.059737
7.287295,-0.973716,0.059737
7.306372,-0.973716,0.059737
7.325448,-0.973716,0.059737
7.344525,-0.973716,0.059737
7.363602,-0.973716,0.059737
7.382678,-0.973716,0.059737
7.401755,-0.973716,0.059737
7.420832,-0.937873,0.023895
7.439908,-0.937873,0.023895
7.458985,-0.937873,0.023895
7.478062,-0.937873,0.023895
7.497138,-0.937873,0.023895
7.516215,-0.937873,0.023895
7.535292,-0.937873,0.023895
7.554369,-0.890084,0.071685
7.573445,-0.890084,0.071685
7.592522,-0.890084,0.071685
7.611599,-0.890084,0.071685
7.630675,-0.890084,0.071685
7.649752,-0.890084,0.071685
7.668829,-0.890084,0.071685
7.687905,-0.890084,0.071685
7.706982,-0.890084,0.071685
7.726059,-0.890084,0.071685
7.745135,-0.854241,0.035842
7.764212,-0.854241,0.035842
7.783289,-0.854241,0.035842
7.802366,-0.854241,0.035842
7.821442,-0.854241,0.035842
7.840519,-0.854241,0.035842
7.859596,-0.854241,0.035842
7.878672,-0.854241,0.035842
7.897749,-0.854241,0.035842
7.916826,-0.854241,0.035842
7.935902,-0.818399,0.071685
7.954979,-0.818399,0.071685
7.974056,-0.818399,0.071685
7.993132,-0.818399,0.071685
8.012209,-0.818399,0.071685
8.031286,-0.818399,0.071685
8.050362,-0.818399,0.071685
8.069439,-0.818399,0.071685
8.088516,-0.818399,0.071685
8.107593,-0.818399,0.071685
8.126669,-0.770609,0.023895
8.145746,-0.770609,0.023895
8.164823,-0.770609,0.023895
8.183899,-0.770609,0.023895
8.202976,-0.770609,0.023895
8.222053,-0.770609,0.023895
8.241129,-0.770609,0.023895
8.260206,-0.770609,0.023895
8.279283,-0.770609,0.023895
8.298359,-0.770609,0.023895
8.317436,-0.734767,0.059737
8.336513,-0.734767,0.059737
8.355589,-0.734767,0.059737
8.374666,-0.734767,0.059737
8.393743,-0.734767,0.059737
8.412820,-0.734767,0.059737
8.431896,-0.734767,0.059737
8.450973,-0.734767,0.059737
8.470050,-0.734767,0.059737
8.489126,-0.734767,0.059737
8.508203,-0.698925,0.023895
8.527280,-0.698925,0.023895
8.546356,-0.698925,0.023895
8.565433,-0.698925,0.023895
8.584510,-0.698925,0.023895
8.603586,-0.698925,0.023895
8.622663,-0.698925,0.023895
8.641740,-0.698925,0.023895
8.660816,-0.698925,0.023895
8.679893,-0.698925,0.023895
8.698970,-0.698925,0.023895
8.718047,-0.698925,0.023895
8.737123,-0.698925,0.023895
8.756200,-0.651135,0.071685
8.775277,-0.651135,0.071685
8.794353,-0.651135,0.071685
8.813430,-0.651135,0.071685
8.832507,-0.651135,0.071685
8.851583,-0.651135,0.071685
8.870660,-0.651135,0.071685
8.889737,-0.651135,0.071685
8.908813,-0.651135,0.071685
8.927890,-0.651135,0.071685
8.946967,-0.651135,0.071685
8.966043,-0.651135,0.071685
8.985120,-0.651135,0.071685
9.004197,-0.651135,0.071685
9.023274,-0.651135,0.071685
9.042350,-0.651135,0.071685
9.061427,-0.651135,0.071685
9.080504,-0.615293,0.035842
9.099580,-0.615293,0.035842
9.118657,-0.615293,0.035842
9.137734,-0.615293,0.035842
9.156810,-0.615293,0.035842
9.175887,-0.615293,0.035842
9.194964,-0.615293,0.035842
9.214040,-0.615293,0.035842
9.233117,-0.615293,0.035842
9.252194,-0.615293,0.035842
9.271271,-0.615293,0.035842
9.290347,-0.615293,0.035842
9.309424,-0.615293,0.035842
9.328501,-0.579450,0.071685
9.347577,-0.579450,0.071685
9.366654,-0.579450,0.071685
9.385731,-0.579450,0.071685
9.404807,-0.579450,0.071685
9.423884,-0.579450,0.071685
9.442961,-0.579450,0.071685
9.462037,-0.579450,0.071685
9.481114,-0.579450,0.071685
9.500191,-0.579450,0.071685
9.519267,-0.579450,0.071685
9.538344,-0.579450,0.071685
9.557421,-0.579450,0.071685
9.576498,-0.531661,0.023895
9.595574,-0.531661,0.023895
9.614651,-0.531661,0.023895
9.633728,-0.531661,0.023895
9.652804,-0.531661,0.023895
9.671881,-0.531661,0.023895
9.690958,-0.531661,0.023895
9.710034,-0.531661,0.023895
9.729111,-0.531661,0.023895
9.748188,-0.531661,0.023895
9.767264,-0.531661,0.023895
9.786341,-0.531661,0.023895
9.805418,-0.531661,0.023895
9.824494,-0.531661,0.023895
9.843571,-0.495818,0.059737
9.862648,-0.495818,0.059737
9.881725,-0.495818,0.059737
9.900801,-0.495818,0.059737
9.919878,-0.495818,0.059737
9.938955,-0.495818,0.059737
9.958031,-0.495818,0.059737
9.977108,-0.495818,0.059737
9.996185,-0.495818,0.059737
10.015261,-0.495818,0.059737
10.034338,-0.495818,0.059737
10.053415,-0.495818,0.059737
10.072491,-0.495818,0.059737
10.091568,-0.495818,0.059737
10.110645,-0.495818,0.059737
10.129721,-0.495818,0.059737
10.148798,-0.495818,0.059737
10.167875,-0.495818,0.059737
10.186952,-0.495818,0.059737
10.206028,-0.495818,0.059737
10.225105,-0.459976,0.023895
10.244182,-0.459976,0.023895
10.263258,-0.459976,0.023895
10.282335,-0.459976,0.023895
10.301412,-0.459976,0.023895
10.320488,-0.459976,0.023895
10.339565,-0.459976,0.023895
10.358642,-0.459976,0.023895
10.377718,-0.459976,0.023895
10.396795,-0.459976,0.023895
10.415872,-0.459976,0.023895
10.434948,-0.459976,0.023895
10.454025,-0.459976,0.023895
10.473102,-0.459976,0.023895
10.492179,-0.459976,0.023895
10.511255,-0.459976,0.023895
10.530332,-0.412186,0.071685
10.549409,-0.412186,0.071685
10.568485,-0.412186,0.071685
10.587562,-0.412186,0.071685
10.606639,-0.412186,0.071685
10.625715,-0.412186,0.071685
10.644792,-0.412186,0.071685
10.663869,-0.412186,0.071685
10.682945,-0.412186,0.071685
10.702022,-0.412186,0.071685
10.721099,-0.412186,0.071685
10.740176,-0.412186,0.071685
10.759252,-0.412186,0.071685
10.778329,-0.412186,0.071685
10.797406,-0.412186,0.071685
10.816482,-0.412186,0.071685
10.835559,-0.412186,0.071685
10.854636,-0.412186,0.071685
10.873712,-0.412186,0.071685
10.892789,-0.412186,0.071685
10.911866,-0.376344,0.035842
10.930942,-0.376344,0.035842
10.950019,-0.376344,0.035842
10.969096,-0.376344,0.035842
10.988172,-0.376344,0.035842
11.007249,-0.376344,0.035842
11.026326,-0.376344,0.035842
11.045403,-0.376344,0.035842
11.064479,-0.376344,0.035842
11.083556,-0.376344,0.035842
11.102633,-0.376344,0.035842
11.121709,-0.376344,0.035842
11.140786,-0.376344,0.035842
11.159863,-0.376344,0.035842
11.178939,-0.376344,0.035842
11.198016,-0.376344,0.035842
11.217093,-0.376344,0.035842
11.236169,-0.376344,0.035842
11.255246,-0.376344,0.035842
11.274323,-0.376344,0.035842
11.293399,-0.376344,0.035842
11.312476,-0.376344,0.035842
11.331553,-0.376344,0.035842
11.350630,-0.376344,0.035842
11.369706,-0.376344,0.035842
11.388783,-0.376344,0.035842
11.407860,-0.376344,0.035842
11.426936,-0.376344,0.035842
11.446013,-0.376344,0.035842
11.465090,-0.376344,0.035842
11.484166,-0.340502,0.071685
11.503243,-0.340502,0.071685
11.522320,-0.340502,0.071685
11.541396,-0.340502,0.071685
11.560473,-0.340502,0.071685
11.579550,-0.340502,0.071685
11.598626,-0.340502,0.071685
11.617703,-0.340502,0.071685
11.636780,-0.340502,0.071685
11.655857,-0.340502,0.071685
11.674933,-0.340502,0.071685
11.694010,-0.340502,0.071685
11.713087,-0.340502,0.071685
11.732163,-0.340502,0.071685
11.751240,-0.340502,0.071685
11.770317,-0.340502,0.071685
11.789393,-0.340502,0.071685
11.808470,-0.340502,0.071685
11.827547,-0.340502,0.071685
11.846623,-0.340502,0.071685
11.865700,-0.340502,0.071685
11.884777,-0.340502,0.071685
11.903853,-0.340502,0.071685
11.922930,-0.340502,0.071685
11.942007,-0.340502,0.071685
11.961084,-0.340502,0.071685
11.980160,-0.340502,0.071685
11.999237,-0.292712,0.023895
12.018314,-0.292712,0.023895
12.037390,-0.292712,0.023895
12.056467,-0.292712,0.023895
12.075544,-0.292712,0.023895
12.094620,-0.292712,0.023895
12.113697,-0.292712,0.023895
12.132774,-0.292712,0.023895
12.151850,-0.292712,0.023895
12.170927,-0.292712,0.023895
12.190004,-0.292712,0.023895
12.209081,-0.292712,0.023895
12.228157,-0.292712,0.023895
12.247234,-0.292712,0.023895
12.266311,-0.292712,0.023895
12.285387,-0.292712,0.023895
12.304464,-0.292712,0.023895
12.323541,-0.292712,0.023895
12.342617,-0.292712,0.023895
12.361694,-0.292712,0.023895
12.380771,-0.292712,0.023895
12.399847,-0.292712,0.023895
12.418924,-0.292712,0.023895
12.438001,-0.292712,0.023895
12.457077,-0.292712,0.023895
12.476154,-0.292712,0.023895
12.495231,-0.292712,0.023895
12.514308,-0.256870,0.059737
12.533384,-0.256870,0.059737
12.552461,-0.256870,0.059737
12.571538,-0.256870,0.059737
12.590614,-0.256870,0.059737
12.609691,-0.256870,0.059737
12.628768,-0.256870,0.059737
12.647844,-0.256870,0.059737
12.666921,-0.256870,0.059737
12.685998,-0.256870,0.059737
12.705074,-0.256870,0.059737
12.724151,-0.256870,0.059737
12.743228,-0.256870,0.059737
12.762304,-0.256870,0.059737
12.781381,-0.256870,0.059737
12.800458,-0.256870,0.059737
12.819535,-0.256870,0.059737
12.838611,-0.256870,0.059737
12.857688,-0.256870,0.059737
12.876765,-0.256870,0.059737
12.895841,-0.256870,0.059737
12.914918,-0.256870,0.059737
12.933995,-0.256870,0.059737
12.953071,-0.256870,0.059737
12.972148,-0.256870,0.059737
12.991225,-0.256870,0.059737
13.010301,-0.256870,0.059737
13.029378,-0.256870,0.059737
13.048455,-0.256870,0.059737
13.067531,-0.256870,0.059737
13.086608,-0.221027,0.023895
13.105685,-0.221027,0.023895
13.124762,-0.221027,0.023895
13.143838,-0.221027,0.023895
13.162915,-0.221027,0.023895
13.181992,-0.221027,0.023895
13.201068,-0.221027,0.023895
13.220145,-0.221027,0.023895
13.239222,-0.221027,0.023895
13.258298,-0.221027,0.023895
13.277375,-0.221027,0.023895
13.296452,-0.221027,0.023895
13.315528,-0.221027,0.023895
13.334605,-0.221027,0.023895
13.353682,-0.221027,0.023895
13.372758,-0.221027,0.023895
13.391835,-0.221027,0.023895
13.410912,-0.221027,0.023895
13.429989,-0.221027,0.023895
13.449065,-0.221027,0.023895
13.468142,-0.221027,0.023895
13.487219,-0.221027,0.023895
13.506295,-0.221027,0.023895
13.525372,-0.221027,0.023895
13.544449,-0.221027,0.023895
13.563525,-0.221027,0.023895
13.582602,-0.221027,0.023895
13.601679,-0.221027,0.023895
13.620755,-0.221027,0.023895
13.639832,-0.221027,0.023895
13.658909,-0.221027,0.023895
13.677986,-0.221027,0.023895
13.697062,-0.221027,0.023895
13.716139,-0.221027,0.023895
13.735216,-0.221027,0.023895
13.754292,-0.221027,0.023895
13.773369,-0.221027,0.023895
13.792446,-0.221027,0.023895
13.811522,-0.221027,0.023895
13.830599,-0.221027,0.023895
13.849676,-0.221027,0.023895
13.868752,-0.221027,0.023895
13.887829,-0.221027,0.023895
13.906906,-0.173238,0.071685
13.925982,-0.173238,0.071685
13.945059,-0.173238,0.071685
13.964136,-0.173238,0.071685
13.983213,-0.173238,0.071685
14.002289,-0.173238,0.071685
14.021366,-0.173238,0.071685
14.040443,-0.173238,0.071685
14.059519,-0.173238,0.071685
14.078596,-0.173238,0.071685
14.097673,-0.173238,0.071685
14.116749,-0.173238,0.071685
14.135826,-0.173238,0.071685
14.154903,-0.173238,0.071685
14.173979,-0.173238,0.071685
14.193056,-0.173238,0.071685
14.212133,-0.173238,0.071685
14.231209,-0.173238,0.071685
14.250286,-0.173238,0.071685
14.269363,-0.173238,0.071685
14.288440,-0.173238,0.071685
14.307516,-0.173238,0.071685
14.326593,-0.173238,0.071685
14.345670,-0.173238,0.071685
14.364746,-0.173238,0.071685
14.383823,-0.173238,0.071685
14.402900,-0.173238,0.071685
14.421976,-0.173238,0.071685
14.441053,-0.173238,0.071685
14.460130,-0.173238,0.071685
14.479206,-0.173238,0.071685
14.498283,-0.173238,0.071685
14.517360,-0.173238,0.071685
14.536436,-0.173238,0.071685
14.555513,-0.173238,0.071685
14.574590,-0.173238,0.071685
14.593667,-0.173238,0.071685
14.612743,-0.173238,0.071685
14.631820,-0.173238,0.071685
14.650897,-0.173238,0.071685
14.669973,-0.173238,0.071685
14.689050,-0.173238,0.071685
14.708127,-0.173238,0.071685
14.727203,-0.173238,0.071685
14.746280,-0.173238,0.071685
14.765357,-0.173238,0.071685
14.784433,-0.173238,0.071685
14.803510,-0.173238,0.071685
14.822587,-0.173238,0.071685
14.841663,-0.173238,0.071685
14.860740,-0.173238,0.071685
14.879817,-0.173238,0.071685
14.898894,-0.173238,0.071685
14.917970,-0.137395,0.035842
14.937047,-0.137395,0.035842
14.956124,-0.137395,0.035842
14.975200,-0.137395,0.035842
14.994277,-0.137395,0.035842
15.013354,-0.137395,0.035842
15.032430,-0.137395,0.035842
15.051507,-0.137395,0.035842
15.070584,-0.137395,0.035842
15.089660,-0.137395,0.035842
15.108737,-0.137395,0.035842
15.127814,-0.137395,0.035842
15.146890,-0.137395,0.035842
15.165967,-0.137395,0.035842
15.185044,-0.137395,0.035842
15.204121,-0.137395,0.035842
15.223197,-0.137395,0.035842
15.242274,-0.137395,0.035842
15.261351,-0.137395,0.035842
15.280427,-0.137395,0.035842
15.299504,-0.137395,0.035842
15.318581,-0.137395,0.035842
15.337657,-0.137395,0.035842
15.356734,-0.137395,0.035842
15.375811,-0.137395,0.035842
15.394887,-0.137395,0.035842
15.413964,-0.137395,0.035842
15.433041,-0.137395,0.035842
15.452118,-0.137395,0.035842
15.471194,-0.137395,0.035842
15.490271,-0.137395,0.035842
15.509348,-0.137395,0.035842
15.528424,-0.137395,0.035842
15.547501,-0.137395,0.035842
15.566578,-0.137395,0.035842
15.585654,-0.137395,0.035842
15.604731,-0.137395,0.035842
15.623808,-0.137395,0.035842
15.642884,-0.137395,0.035842
15.661961,-0.137395,0.035842
15.681038,-0.137395,0.035842
15.700114,-0.137395,0.035842
15.719191,-0.137395,0.035842
15.738268,-0.137395,0.035842
15.757345,-0.137395,0.035842
15.776421,-0.137395,0.035842
15.795498,-0.137395,0.035842
15.814575,-0.137395,0.035842
15.833651,-0.137395,0.035842
15.852728,-0.137395,0.035842
15.871805,-0.137395,0.035842
15.890881,-0.137395,0.035842
15.909958,-0.137395,0.035842
15.929035,-0.137395,0.035842
15.948111,-0.137395,0.035842
15.967188,-0.137395,0.035842
15.986265,-0.137395,0.035842
16.005341,-0.137395,0.035842
16.024418,-0.137395,0.035842
16.043495,-0.137395,0.035842
16.062572,-0.101553,0.071685
16.081648,-0.101553,0.071685
16.100725,-0.101553,0.071685
16.119802,-0.101553,0.071685
16.138878,-0.101553,0.071685
16.157955,-0.101553,0.071685
16.177032,-0.101553,0.071685
16.196108,-0.101553,0.071685
16.215185,-0.101553,0.071685
16.234262,-0.101553,0.071685
16.253338,-0.101553,0.071685
16.272415,-0.101553,0.071685
16.291492,-0.101553,0.071685
16.310568,-0.101553,0.071685
16.329645,-0.101553,0.071685
16.348722,-0.101553,0.071685
16.367799,-0.101553,0.071685
16.386875,-0.101553,0.071685
16.405952,-0.101553,0.071685
16.425029,-0.101553,0.071685
16.444105,-0.101553,0.071685
16.463182,-0.101553,0.071685
16.482259,-0.101553,0.071685
16.501335,-0.101553,0.071685
16.520412,-0.101553,0.071685
16.539489,-0.101553,0.071685
16.558565,-0.101553,0.071685
16.577642,-0.101553,0.071685
16.596719,-0.101553,0.071685
16.615795,-0.101553,0.071685
16.634872,-0.101553,0.071685
16.653949,-0.101553,0.071685
16.673026,-0.101553,0.071685
16.692102,-0.101553,0.071685
16.711179,-0.101553,0.071685
16.730256,-0.101553,0.071685
16.749332,-0.101553,0.071685
16.768409,-0.101553,0.071685
16.787486,-0.101553,0.071685
16.806562,-0.101553,0.071685
16.825639,-0.101553,0.071685
16.844716,-0.101553,0.071685
16.863792,-0.101553,0.071685
16.882869,-0.101553,0.071685
16.901946,-0.101553,0.071685
16.921023,-0.101553,0.071685
16.940099,-0.101553,0.071685
16.959176,-0.101553,0.071685
16.978253,-0.101553,0.071685
16.997329,-0.101553,0.071685
17.016406,-0.101553,0.071685
17.035483,-0.101553,0.071685
17.054559,-0.101553,0.071685
17.073636,-0.101553,0.071685
17.092713,-0.101553,0.071685
17.111789,-0.101553,0.071685
17.130866,-0.101553,0.071685
17.149943,-0.101553,0.071685
17.169019,-0.101553,0.071685
17.188096,-0.101553,0.071685
17.207173,-0.101553,0.071685
17.226250,-0.101553,0.071685
17.245326,-0.101553,0.071685
17.264403,-0.101553,0.071685
17.283480,-0.101553,0.071685
17.302556,-0.101553,0.071685
17.321633,-0.101553,0.071685
17.340710,-0.101553,0.071685
17.359786,-0.101553,0.071685
17.378863,-0.101553,0.071685
17.397940,-0.101553,0.071685
17.417016,-0.101553,0.071685
17.436093,-0.101553,0.071685
17.455170,-0.101553,0.071685
17.474246,-0.053763,0.023895
17.493323,-0.053763,0.023895
17.512400,-0.053763,0.023895
17.531477,-0.053763,0.023895
17.550553,-0.053763,0.023895
17.569630,-0.053763,0.023895
17.588707,-0.053763,0.023895
17.607783,-0.053763,0.023895
17.626860,-0.053763,0.023895
17.645937,-0.053763,0.023895
17.665013,-0.053763,0.023895
17.684090,-0.053763,0.023895
17.703167,-0.053763,0.023895
17.722243,-0.053763,0.023895
17.741320,-0.053763,0.023895
17.760397,-0.053763,0.023895
17.779473,-0.053763,0.023895
17.798550,-0.053763,0.023895
17.817627,-0.053763,0.023895
17.836704,-0.053763,0.023895
17.855780,-0.053763,0.023895
17.874857,-0.053763,0.023895
17.893934,-0.053763,0.023895
17.913010,-0.053763,0.023895
17.932087,-0.053763,0.023895
17.951164,-0.053763,0.023895
17.970240,-0.053763,0.023895
17.989317,-0.053763,0.023895
18.008394,-0.053763,0.023895
18.027470,-0.053763,0.023895
18.046547,-0.053763,0.023895
18.065624,-0.053763,0.023895
18.084700,-0.053763,0.023895
18.103777,-0.053763,0.023895
18.122854,-0.053763,0.023895
18.141931,-0.053763,0.023895
18.161007,-0.053763,0.023895
18.180084,-0.053763,0.023895
18.199161,-0.053763,0.023895
18.218237,-0.053763,0.023895
18.237314,-0.053763,0.023895
18.256391,-0.053763,0.023895
18.275467,-0.053763,0.023895
18.294544,-0.053763,0.023895
18.313621,-0.053763,0.023895
18.332697,-0.053763,0.023895
18.351774,-0.053763,0.023895
18.370851,-0.053763,0.023895
18.389928,-0.053763,0.023895
18.409004,-0.053763,0.023895
18.428081,-0.053763,0.023895
18.447158,-0.053763,0.023895
18.466234,-0.053763,0.023895
18.485311,-0.053763,0.023895
18.504388,-0.053763,0.023895
18.523464,-0.053763,0.023895
18.542541,-0.053763,0.023895
18.561618,-0.053763,0.023895
18.580694,-0.053763,0.023895
18.599771,-0.053763,0.023895
18.618848,-0.053763,0.023895
18.637924,-0.053763,0.023895
18.657001,-0.053763,0.023895
18.676078,-0.053763,0.023895
18.695155,-0.053763,0.023895
18.714231,-0.053763,0.023895
18.733308,-0.053763,0.023895
18.752385,-0.053763,0.023895
18.771461,-0.053763,0.023895
18.790538,-0.053763,0.023895
18.809615,-0.017921,0.059737
18.828691,-0.017921,0.059737
18.847768,-0.017921,0.059737
18.866845,-0.017921,0.059737
18.885921,-0.017921,0.059737
18.904998,-0.017921,0.059737
18.924075,-0.017921,0.059737
18.943151,-0.017921,0.059737
18.962228,-0.017921,0.059737
18.981305,-0.017921,0.059737
19.000382,-0.017921,0.059737
19.019458,-0.017921,0.059737
19.038535,-0.017921,0.059737
19.057612,-0.017921,0.059737
19.076688,-0.017921,0.059737
19.095765,-0.017921,0.059737
19.114842,-0.017921,0.059737
19.133918,-0.017921,0.059737
19.152995,-0.017921,0.059737
19.172072,-0.017921,0.059737
19.191148,-0.017921,0.059737
19.210225,-0.017921,0.059737
19.229302,-0.017921,0.059737
19.248378,-0.017921,0.059737
19.267455,-0.017921,0.059737
19.286532,-0.017921,0.059737
19.305609,-0.017921,0.059737
19.324685,-0.017921,0.059737
19.343762,-0.017921,0.059737
19.362839,-0.017921,0.059737
19.381915,-0.017921,0.059737
19.400992,-0.017921,0.059737
19.420069,-0.017921,0.059737
19.439145,-0.017921,0.059737
19.458222,-0.017921,0.059737
19.477299,-0.017921,0.059737
19.496375,-0.017921,0.059737
19.515452,-0.017921,0.059737
19.534529,-0.017921,0.059737
19.553605,-0.017921,0.059737
19.572682,-0.017921,0.059737
19.591759,-0.017921,0.059737
19.610836,-0.017921,0.059737
19.629912,-0.017921,0.059737
19.648989,-0.017921,0.059737
19.668066,-0.017921,0.059737
19.687142,-0.017921,0.059737
19.706219,-0.017921,0.059737
19.725296,-0.017921,0.059737
19.744372,-0.017921,0.059737
19.763449,-0.017921,0.059737
19.782526,-0.017921,0.059737
19.801602,-0.017921,0.059737
19.820679,-0.017921,0.059737
19.839756,-0.017921,0.059737
19.858833,-0.017921,0.059737
19.877909,-0.017921,0.059737
19.896986,-0.017921,0.059737
19.916063,-0.017921,0.059737
19.935139,-0.017921,0.059737
19.954216,-0.017921,0.059737
19.973293,-0.017921,0.059737
19.992369,-0.017921,0.059737
20.011446,-0.017921,0.059737
20.030523,-0.017921,0.059737
20.049599,-0.017921,0.059737
20.068676,-0.017921,0.059737
20.087753,-0.017921,0.059737
20.106829,-0.017921,0.059737
20.125906,-0.017921,0.059737
20.144983,-0.017921,0.059737
20.164060,-0.017921,0.059737
20.183136,-0.017921,0.059737
20.202213,-0.017921,0.059737
20.221290,-0.017921,0.059737
20.240366,-0.017921,0.059737
20.259443,-0.017921,0.059737
20.278520,-0.017921,0.059737
20.297596,-0.017921,0.059737
20.316673,-0.017921,0.059737
20.335750,-0.017921,0.059737
20.354826,-0.017921,0.059737
20.373903,-0.017921,0.059737
20.392980,-0.017921,0.059737
20.412056,-0.017921,0.059737
20.431133,-0.017921,0.059737
20.450210,-0.017921,0.059737
20.469287,-0.017921,0.059737
20.488363,-0.017921,0.059737
20.507440,-0.017921,0.059737
20.526517,-0.017921,0.059737
20.545593,-0.017921,0.059737
20.564670,-0.017921,0.059737
20.583747,-0.017921,0.059737
20.602823,-0.017921,0.059737
20.621900,-0.017921,0.059737
20.640977,-0.017921,0.059737
20.660053,-0.017921,0.059737
20.679130,-0.017921,0.059737
20.698207,-0.017921,0.059737
20.717283,-0.017921,0.059737
20.736360,-0.017921,0.059737
20.755437,-0.017921,0.059737
20.774514,-0.017921,0.059737
20.793590,-0.017921,0.059737
20.812667,-0.017921,0.059737
20.831744,-0.017921,0.059737
20.850820,-0.017921,0.059737
20.869897,-0.017921,0.059737
20.888974,-0.017921,0.059737
20.908050,-0.017921,0.059737
20.927127,-0.017921,0.059737
20.946204,-0.017921,0.059737
20.965280,-0.017921,0.059737
20.984357,-0.017921,0.059737
21.003434,-0.017921,0.059737
21.022510,-0.017921,0.059737
21.041587,-0.017921,0.059737
21.060664,-0.017921,0.059737
21.079741,-0.017921,0.059737
21.098817,-0.017921,0.059737
21.117894,-0.017921,0.059737
21.136971,-0.017921,0.059737
21.156047,-0.017921,0.059737
21.175124,-0.017921,0.059737
21.194201,-0.017921,0.059737
21.213277,-0.017921,0.059737
21.232354,-0.017921,0.059737
21.251431,-0.017921,0.059737
21.270507,-0.017921,0.059737
21.289584,-0.017921,0.059737
21.308661,-0.017921,0.059737
21.327738,-0.017921,0.059737
21.346814,-0.017921,0.059737
21.365891,-0.017921,0.059737
21.384968,-0.017921,0.059737
21.404044,-0.017921,0.059737
21.423121,-0.017921,0.059737
21.442198,-0.017921,0.059737
21.461274,-0.017921,0.059737
21.480351,-0.017921,0.059737
21.499428,-0.017921,0.059737
21.518504,-0.017921,0.059737
21.537581,-0.017921,0.059737
21.556658,-0.017921,0.059737
21.575734,-0.017921,0.059737
21.594811,-0.017921,0.059737
21.613888,-0.017921,0.059737
21.632965,-0.017921,0.059737
21.652041,-0.017921,0.059737
21.671118,-0.017921,0.059737
21.690195,-0.017921,0.059737
21.709271,-0.017921,0.059737
21.728348,-0.017921,0.059737
21.747425,-0.017921,0.059737
21.766501,-0.017921,0.059737
21.785578,-0.017921,0.059737
21.804655,-0.017921,0.059737
21.823731,-0.017921,0.059737
21.842808,-0.017921,0.059737
21.861885,-0.017921,0.059737
21.880961,-0.017921,0.059737
21.900038,-0.017921,0.059737
21.919115,-0.017921,0.059737
21.938192,-0.017921,0.059737
21.957268,-0.017921,0.059737
21.976345,-0.017921,0.059737
21.995422,-0.017921,0.059737
22.014498,-0.017921,0.059737
22.033575,-0.017921,0.059737
22.052652,-0.017921,0.059737
22.071728,-0.017921,0.059737
22.090805,-0.017921,0.059737
22.109882,-0.017921,0.059737
22.128958,-0.017921,0.059737
22.148035,-0.017921,0.059737
22.167112,-0.017921,0.059737
22.186188,-0.017921,0.059737
22.205265,-0.017921,0.059737
22.224342,-0.017921,0.059737
22.243419,-0.017921,0.059737
22.262495,-0.017921,0.059737
22.281572,-0.017921,0.059737
22.300649,-0.017921,0.059737
22.319725,-0.017921,0.059737
22.338802,-0.017921,0.059737
22.357879,-0.017921,0.059737
22.376955,-0.017921,0.059737
22.396032,-0.017921,0.059737
22.415109,-0.017921,0.059737
22.434185,-0.017921,0.059737
22.453262,-0.017921,0.059737
22.472339,-0.017921,0.059737
22.491415,-0.017921,0.059737
22.510492,-0.017921,0.059737
22.529569,-0.017921,0.059737
22.548646,-0.017921,0.059737
22.567722,-0.017921,0.059737
22.586799,-0.017921,0.059737
22.605876,-0.017921,0.059737
22.624952,-0.017921,0.059737
22.644029,-0.017921,0.059737
22.663106,-0.017921,0.059737
22.682182,-0.017921,0.059737
22.701259,-0.017921,0.059737
22.720336,-0.017921,0.059737
22.739412,-0.017921,0.059737
22.758489,-0.017921,0.059737
22.777566,-0.017921,0.059737
22.796643,-0.017921,0.059737
22.815719,-0.017921,0.059737
22.834796,-0.017921,0.059737
22.853873,-0.017921,0.059737
22.872949,-0.017921,0.059737
22.892026,-0.017921,0.059737
22.911103,-0.017921,0.059737
22.930179,-0.017921,0.059737
22.949256,-0.017921,0.059737
22.968333,-0.017921,0.059737
22.987409,-0.017921,0.059737
23.006486,-0.017921,0.059737
23.025563,-0.017921,0.059737
23.044639,-0.017921,0.059737
23.063716,-0.017921,0.059737
23.082793,-0.017921,0.059737
23.101870,-0.017921,0.059737
23.120946,-0.017921,0.059737
23.140023,-0.017921,0.059737
23.159100,-0.017921,0.059737
23.178176,-0.017921,0.059737
23.197253,-0.017921,0.059737
23.216330,-0.017921,0.059737
23.235406,-0.017921,0.059737
23.254483,-0.017921,0.059737
23.273560,-0.017921,0.059737
23.292636,-0.017921,0.059737
23.311713,-0.017921,0.059737
23.330790,-0.017921,0.059737
23.349866,-0.017921,0.059737
23.368943,-0.017921,0.059737
23.388020,-0.017921,0.059737
23.407097,-0.017921,0.059737
23.426173,-0.017921,0.059737
23.445250,-0.017921,0.059737
23.464327,-0.017921,0.059737
23.483403,-0.017921,0.059737
23.502480,-0.017921,0.059737
23.521557,-0.017921,0.059737
23.540633,-0.017921,0.059737
23.559710,-0.017921,0.059737
23.578787,-0.017921,0.059737
23.597863,-0.017921,0.059737
23.616940,-0.017921,0.059737
23.636017,-0.017921,0.059737
23.655093,-0.017921,0.059737
23.674170,-0.017921,0.059737
23.693247,-0.017921,0.059737
23.712324,-0.017921,0.059737
23.731400,-0.017921,0.059737
23.750477,-0.017921,0.059737
23.769554,-0.017921,0.059737
23.788630,-0.017921,0.059737
23.807707,-0.017921,0.059737
23.826784,-0.017921,0.059737
23.845860,-0.017921,0.059737
23.864937,-0.017921,0.059737
23.884014,-0.017921,0.059737
23.903090,-0.017921,0.059737
23.922167,-0.017921,0.059737
23.941244,-0.017921,0.059737
23.960320,-0.017921,0.059737
23.979397,-0.017921,0.059737
23.998474,-0.017921,0.059737
24.017551,-0.017921,0.059737
24.036627,-0.017921,0.059737
24.055704,-0.017921,0.059737
24.074781,-0.017921,0.059737
24.093857,-0.017921,0.059737
24.112934,-0.017921,0.059737
24.132011,-0.017921,0.059737
24.151087,-0.017921,0.059737
24.170164,-0.017921,0.059737
24.189241,-0.017921,0.059737
24.208317,-0.017921,0.059737
24.227394,-0.017921,0.059737
24.246471,-0.017921,0.059737
24.265548,-0.017921,0.059737
24.284624,-0.017921,0.059737
24.303701,-0.017921,0.059737
24.322778,-0.017921,0.059737
24.341854,-0.017921,0.059737
24.360931,-0.017921,0.059737
24.380008,-0.017921,0.059737
24.399084,-0.017921,0.059737
24.418161,-0.017921,0.059737
24.437238,-0.017921,0.059737
24.456314,-0.017921,0.059737
24.475391,-0.017921,0.059737
24.494468,-0.017921,0.059737
24.513544,-0.017921,0.059737
24.532621,-0.017921,0.059737
24.551698,-0.017921,0.059737
24.570775,-0.017921,0.059737
24.589851,-0.017921,0.059737
24.608928,-0.017921,0.059737
24.628005,-0.017921,0.059737
24.647081,-0.017921,0.059737
24.666158,-0.017921,0.059737
24.685235,-0.017921,0.059737
24.704311,-0.017921,0.059737
