scheme,n_per_axis,volume_nodes,configuration,gap_nm,U_attr_kcalmol,rel_error_vs_reference,rel_change_vs_previous,abs_error_kBT,wall_seconds,peak_pair_memory_MB
cartesian,3,27,face_to_face_100,1.00,-1.31759929e+02,3.903e-01,nan,1.4150e+02,0.001,152.6
cartesian,3,27,face_to_face_100,2.99,-1.95631840e+01,4.383e-02,nan,1.5043e+00,0.001,152.6
cartesian,3,27,face_to_face_100,8.00,-1.44003409e+00,5.199e-02,nan,1.1939e-01,0.001,152.6
cartesian,3,27,face_edge_110,1.00,-5.78479373e+01,6.208e-01,nan,3.7166e+01,0.001,152.6
cartesian,3,27,face_edge_110,2.99,-6.67367986e+00,3.835e-01,nan,3.1030e+00,0.001,152.6
cartesian,3,27,face_edge_110,8.00,-5.33898112e-01,1.037e-01,nan,8.4122e-02,0.001,152.6
cartesian,3,27,corner_111,1.00,-2.57357484e+01,2.013e+00,nan,2.8843e+01,0.001,152.6
cartesian,3,27,corner_111,2.99,-2.58539241e+00,5.242e-01,nan,1.4914e+00,0.001,152.6
cartesian,3,27,corner_111,8.00,-2.60418992e-01,8.156e-02,nan,3.2941e-02,0.001,152.6
cartesian,3,27,face_to_face_twist45,1.00,-1.03632794e+02,5.067e-01,nan,1.7853e+02,0.001,152.6
cartesian,3,27,face_to_face_twist45,2.99,-1.86954303e+01,7.809e-02,nan,2.6565e+00,0.001,152.6
cartesian,3,27,face_to_face_twist45,8.00,-1.43853192e+00,5.168e-02,nan,1.1857e-01,0.001,152.6
cartesian,4,64,face_to_face_100,1.00,-2.22020901e+02,2.733e-02,6.850e-01,9.9064e+00,0.001,152.6
cartesian,4,64,face_to_face_100,2.99,-2.22697925e+01,8.846e-02,1.384e-01,3.0357e+00,0.001,152.6
cartesian,4,64,face_to_face_100,8.00,-1.43411155e+00,4.767e-02,4.113e-03,1.0945e-01,0.001,152.6
cartesian,4,64,face_edge_110,1.00,-6.74868363e+01,8.909e-01,1.666e-01,5.3334e+01,0.001,152.6
cartesian,4,64,face_edge_110,2.99,-5.74672795e+00,1.913e-01,1.389e-01,1.5481e+00,0.001,152.6
cartesian,4,64,face_edge_110,8.00,-5.02616691e-01,3.901e-02,5.859e-02,3.1651e-02,0.001,152.6
cartesian,4,64,corner_111,1.00,-1.11443534e+01,3.049e-01,5.670e-01,4.3676e+00,0.001,152.6
cartesian,4,64,corner_111,2.99,-1.83151316e+00,7.974e-02,2.916e-01,2.2688e-01,0.001,152.6
cartesian,4,64,corner_111,8.00,-2.45450185e-01,1.939e-02,5.748e-02,7.8323e-03,0.001,152.6
cartesian,4,64,face_to_face_twist45,1.00,-1.57446565e+02,2.505e-01,5.193e-01,8.8264e+01,0.001,152.6
cartesian,4,64,face_to_face_twist45,2.99,-2.14461712e+01,5.755e-02,1.471e-01,1.9576e+00,0.001,152.6
cartesian,4,64,face_to_face_twist45,8.00,-1.43245728e+00,4.723e-02,4.223e-03,1.0838e-01,0.001,152.6
cartesian,6,216,face_to_face_100,1.00,-2.78901483e+02,2.905e-01,2.562e-01,1.0532e+02,0.002,152.6
cartesian,6,216,face_to_face_100,2.99,-2.16482958e+01,5.808e-02,2.791e-02,1.9932e+00,0.002,152.6
cartesian,6,216,face_to_face_100,8.00,-1.39253652e+00,1.730e-02,2.899e-02,3.9714e-02,0.002,152.6
cartesian,6,216,face_edge_110,1.00,-3.19349105e+01,1.052e-01,5.268e-01,6.3004e+00,0.002,152.6
cartesian,6,216,face_edge_110,2.99,-4.86746381e+00,9.056e-03,1.530e-01,7.3272e-02,0.002,152.6
cartesian,6,216,face_edge_110,8.00,-4.87903594e-01,8.591e-03,2.927e-02,6.9713e-03,0.002,152.6
cartesian,6,216,corner_111,1.00,-7.31800893e+00,1.431e-01,3.433e-01,2.0507e+00,0.002,152.6
cartesian,6,216,corner_111,2.99,-1.68787242e+00,4.942e-03,7.843e-02,1.4060e-02,0.002,152.6
cartesian,6,216,corner_111,8.00,-2.41538404e-01,3.146e-03,1.594e-02,1.2707e-03,0.002,152.6
cartesian,6,216,face_to_face_twist45,1.00,-2.22590629e+02,5.962e-02,4.138e-01,2.1009e+01,0.003,152.6
cartesian,6,216,face_to_face_twist45,2.99,-2.13670464e+01,5.365e-02,3.689e-03,1.8249e+00,0.003,152.6
cartesian,6,216,face_to_face_twist45,8.00,-1.39142298e+00,1.724e-02,2.865e-02,3.9545e-02,0.003,152.6
cartesian,8,512,face_to_face_100,1.00,-2.56422490e+02,1.865e-01,8.060e-02,6.7612e+01,0.010,152.6
cartesian,8,512,face_to_face_100,2.99,-2.10296814e+01,2.784e-02,2.858e-02,9.5558e-01,0.010,152.6
cartesian,8,512,face_to_face_100,8.00,-1.37985337e+00,8.031e-03,9.108e-03,1.8439e-02,0.008,152.6
cartesian,8,512,face_edge_110,1.00,-3.39970734e+01,4.746e-02,6.457e-02,2.8413e+00,0.009,152.6
cartesian,8,512,face_edge_110,2.99,-4.85445316e+00,6.358e-03,2.673e-03,5.1448e-02,0.012,152.6
cartesian,8,512,face_edge_110,8.00,-4.85650687e-01,3.934e-03,4.618e-03,3.1922e-03,0.010,152.6
cartesian,8,512,corner_111,1.00,-8.75248129e+00,2.482e-02,1.960e-01,3.5551e-01,0.009,152.6
cartesian,8,512,corner_111,2.99,-1.69918390e+00,1.727e-03,6.702e-03,4.9136e-03,0.012,152.6
cartesian,8,512,corner_111,8.00,-2.41085262e-01,1.264e-03,1.876e-03,5.1062e-04,0.012,152.6
cartesian,8,512,face_to_face_twist45,1.00,-2.27711418e+02,8.400e-02,2.301e-02,2.9598e+01,0.011,152.6
cartesian,8,512,face_to_face_twist45,2.99,-2.08253628e+01,2.694e-02,2.535e-02,9.1629e-01,0.010,152.6
cartesian,8,512,face_to_face_twist45,8.00,-1.37881363e+00,8.017e-03,9.062e-03,1.8395e-02,0.010,152.6
cartesian,12,1728,face_to_face_100,1.00,-2.25958395e+02,4.555e-02,1.188e-01,1.6511e+01,0.100,152.5
cartesian,12,1728,face_to_face_100,2.99,-2.06350741e+01,8.557e-03,1.876e-02,2.9366e-01,0.097,152.5
cartesian,12,1728,face_to_face_100,8.00,-1.37240241e+00,2.588e-03,5.400e-03,5.9412e-03,0.123,152.5
cartesian,12,1728,face_edge_110,1.00,-3.59805398e+01,8.114e-03,5.834e-02,4.8577e-01,0.103,152.5
cartesian,12,1728,face_edge_110,2.99,-4.83812740e+00,2.974e-03,3.363e-03,2.4063e-02,0.109,152.5
cartesian,12,1728,face_edge_110,8.00,-4.84373792e-01,1.294e-03,2.629e-03,1.0504e-03,0.098,152.5
cartesian,12,1728,corner_111,1.00,-8.48649670e+00,6.328e-03,3.039e-02,9.0656e-02,0.107,152.5
cartesian,12,1728,corner_111,2.99,-1.69666892e+00,2.443e-04,1.480e-03,6.9498e-04,0.101,152.5
cartesian,12,1728,corner_111,8.00,-2.40859623e-01,3.272e-04,9.359e-04,1.3213e-04,0.105,152.5
cartesian,12,1728,face_to_face_twist45,1.00,-2.17260789e+02,3.425e-02,4.589e-02,1.2068e+01,0.121,152.5
cartesian,12,1728,face_to_face_twist45,2.99,-2.04515271e+01,8.502e-03,1.795e-02,2.8922e-01,0.110,152.5
cartesian,12,1728,face_to_face_twist45,8.00,-1.37138632e+00,2.587e-03,5.387e-03,5.9360e-03,0.088,152.5
cartesian,16,4096,face_to_face_100,1.00,-2.19180859e+02,1.419e-02,2.999e-02,5.1425e+00,0.546,152.5
cartesian,16,4096,face_to_face_100,2.99,-2.05274961e+01,3.299e-03,5.213e-03,1.1321e-01,0.526,152.5
cartesian,16,4096,face_to_face_100,8.00,-1.37026536e+00,1.026e-03,1.557e-03,2.3565e-03,0.521,152.5
cartesian,16,4096,face_edge_110,1.00,-3.58394152e+01,4.160e-03,3.922e-03,2.4905e-01,0.553,152.5
cartesian,16,4096,face_edge_110,2.99,-4.82977015e+00,1.241e-03,1.727e-03,1.0045e-02,0.570,152.5
cartesian,16,4096,face_edge_110,8.00,-4.84002084e-01,5.261e-04,7.674e-04,4.2687e-04,0.504,152.5
cartesian,16,4096,corner_111,1.00,-8.53861041e+00,2.262e-04,6.141e-03,3.2404e-03,0.482,152.5
cartesian,16,4096,corner_111,2.99,-1.69636787e+00,6.678e-05,1.774e-04,1.9000e-04,0.519,152.5
cartesian,16,4096,corner_111,8.00,-2.40808197e-01,1.136e-04,2.135e-04,4.5870e-05,0.522,152.5
cartesian,16,4096,face_to_face_twist45,1.00,-2.12827867e+02,1.315e-02,2.040e-02,4.6326e+00,0.489,152.5
cartesian,16,4096,face_to_face_twist45,2.99,-2.03462482e+01,3.311e-03,5.148e-03,1.1263e-01,0.533,152.5
cartesian,16,4096,face_to_face_twist45,8.00,-1.36925209e+00,1.027e-03,1.556e-03,2.3560e-03,0.508,152.5
cartesian,20,8000,face_to_face_100,1.00,-2.17190118e+02,4.974e-03,9.083e-03,1.8032e+00,1.990,152.6
cartesian,20,8000,face_to_face_100,2.99,-2.04858699e+01,1.264e-03,2.028e-03,4.3389e-02,2.046,152.6
cartesian,20,8000,face_to_face_100,8.00,-1.36940679e+00,3.991e-04,6.266e-04,9.1637e-04,1.961,152.6
cartesian,20,8000,face_edge_110,1.00,-3.57495020e+01,1.641e-03,2.509e-03,9.8232e-02,1.987,152.6
cartesian,20,8000,face_edge_110,2.99,-4.82620236e+00,5.018e-04,7.387e-04,4.0604e-03,2.007,152.6
cartesian,20,8000,face_edge_110,8.00,-4.83848690e-01,2.090e-04,3.169e-04,1.6957e-04,1.988,152.6
cartesian,20,8000,corner_111,1.00,-8.53915599e+00,1.623e-04,6.390e-05,2.3253e-03,1.986,152.6
cartesian,20,8000,corner_111,2.99,-1.69628419e+00,1.745e-05,4.933e-05,4.9638e-05,1.998,152.6
cartesian,20,8000,corner_111,8.00,-2.40790598e-01,4.048e-05,7.308e-05,1.6350e-05,2.153,152.6
cartesian,20,8000,face_to_face_twist45,1.00,-2.11093862e+02,4.893e-03,8.147e-03,1.7240e+00,2.077,152.6
cartesian,20,8000,face_to_face_twist45,2.99,-2.03049386e+01,1.274e-03,2.030e-03,4.3333e-02,2.038,152.6
cartesian,20,8000,face_to_face_twist45,8.00,-1.36839391e+00,3.995e-04,6.268e-04,9.1651e-04,1.932,152.6
cartesian,24,13824,face_to_face_100,1.00,-2.16358234e+02,1.125e-03,3.830e-03,4.0784e-01,5.870,152.4
cartesian,24,13824,face_to_face_100,2.99,-2.04660975e+01,2.979e-04,9.652e-04,1.0223e-02,5.390,152.4
cartesian,24,13824,face_to_face_100,8.00,-1.36899026e+00,9.481e-05,3.042e-04,2.1769e-04,5.823,152.4
cartesian,24,13824,face_edge_110,1.00,-3.57055062e+01,4.081e-04,1.231e-03,2.4434e-02,5.901,152.4
cartesian,24,13824,face_edge_110,2.99,-4.82437326e+00,1.226e-04,3.790e-04,9.9222e-04,5.756,152.4
cartesian,24,13824,face_edge_110,8.00,-4.83772041e-01,5.052e-05,1.584e-04,4.0994e-05,5.806,152.4
cartesian,24,13824,corner_111,1.00,-8.54042896e+00,1.326e-05,1.491e-04,1.9001e-04,5.795,152.4
cartesian,24,13824,corner_111,2.99,-1.69625929e+00,2.765e-06,1.468e-05,7.8670e-06,5.826,152.4
cartesian,24,13824,corner_111,8.00,-2.40783032e-01,9.058e-06,3.142e-05,3.6586e-06,6.071,152.4
cartesian,24,13824,face_to_face_twist45,1.00,-2.10302499e+02,1.125e-03,3.749e-03,3.9658e-01,5.926,152.4
cartesian,24,13824,face_to_face_twist45,2.99,-2.02852032e+01,3.007e-04,9.720e-04,1.0228e-02,5.833,152.4
cartesian,24,13824,face_to_face_twist45,8.00,-1.36797735e+00,9.491e-05,3.044e-04,2.1777e-04,6.064,152.4
radial,3,54,face_to_face_100,1.00,-6.38527659e+02,1.955e+00,nan,7.0855e+02,0.001,152.6
radial,3,54,face_to_face_100,2.99,-2.92637881e+01,4.303e-01,nan,1.4767e+01,0.001,152.6
radial,3,54,face_to_face_100,8.00,-1.35222957e+00,1.215e-02,nan,2.7897e-02,0.001,152.6
radial,3,54,face_edge_110,1.00,-7.08504893e+00,8.015e-01,nan,4.7983e+01,0.001,152.6
radial,3,54,face_edge_110,2.99,-2.44497054e+00,4.931e-01,nan,3.9902e+00,0.001,152.6
radial,3,54,face_edge_110,8.00,-3.74643332e-01,2.255e-01,nan,1.8301e-01,0.001,152.6
radial,3,54,corner_111,1.00,-2.80335636e+00,6.718e-01,nan,9.6235e+00,0.001,152.6
radial,3,54,corner_111,2.99,-1.16758406e+00,3.117e-01,nan,8.8679e-01,0.001,152.6
radial,3,54,corner_111,8.00,-2.21121397e-01,8.165e-02,nan,3.2977e-02,0.001,152.6
radial,3,54,face_to_face_twist45,1.00,-1.11327885e+02,4.700e-01,nan,1.6562e+02,0.001,152.6
radial,3,54,face_to_face_twist45,2.99,-1.92230798e+01,5.207e-02,nan,1.7714e+00,0.001,152.6
radial,3,54,face_to_face_twist45,8.00,-1.33479375e+00,2.416e-02,nan,5.5444e-02,0.001,152.6
radial,4,128,face_to_face_100,1.00,-1.24844011e+03,4.777e+00,9.552e-01,1.7316e+03,0.002,152.6
radial,4,128,face_to_face_100,2.99,-3.22353540e+01,5.755e-01,1.015e-01,1.9752e+01,0.002,152.6
radial,4,128,face_to_face_100,8.00,-1.39219729e+00,1.705e-02,2.956e-02,3.9145e-02,0.002,152.6
radial,4,128,face_edge_110,1.00,-8.78325566e+00,7.539e-01,2.397e-01,4.5135e+01,0.002,152.6
radial,4,128,face_edge_110,2.99,-2.77053635e+00,4.257e-01,1.332e-01,3.4441e+00,0.002,152.6
radial,4,128,face_edge_110,8.00,-4.05102581e-01,1.626e-01,8.130e-02,1.3192e-01,0.002,152.6
radial,4,128,corner_111,1.00,-2.28606369e+00,7.323e-01,1.845e-01,1.0491e+01,0.002,152.6
radial,4,128,corner_111,2.99,-9.90805312e-01,4.159e-01,1.514e-01,1.1833e+00,0.002,152.6
radial,4,128,corner_111,8.00,-2.02154274e-01,1.604e-01,8.578e-02,6.4792e-02,0.002,152.6
radial,4,128,face_to_face_twist45,1.00,-1.54698825e+02,2.636e-01,3.896e-01,9.2873e+01,0.002,152.6
radial,4,128,face_to_face_twist45,2.99,-2.41266932e+01,1.897e-01,2.551e-01,6.4539e+00,0.002,152.6
radial,4,128,face_to_face_twist45,8.00,-1.38911690e+00,1.555e-02,4.070e-02,3.5677e-02,0.002,152.6
radial,6,432,face_to_face_100,1.00,-3.51245328e+02,6.253e-01,7.187e-01,2.2667e+02,0.009,152.6
radial,6,432,face_to_face_100,2.99,-1.91671273e+01,6.319e-02,4.054e-01,2.1687e+00,0.009,152.6
radial,6,432,face_to_face_100,8.00,-1.35316438e+00,1.147e-02,2.804e-02,2.6329e-02,0.009,152.6
radial,6,432,face_edge_110,1.00,-2.51776293e+02,6.054e+00,2.767e+01,3.6246e+02,0.009,152.6
radial,6,432,face_edge_110,2.99,-6.80429749e+00,4.106e-01,1.456e+00,3.3221e+00,0.009,152.6
radial,6,432,face_edge_110,8.00,-5.06594819e-01,4.723e-02,2.505e-01,3.8324e-02,0.009,152.6
radial,6,432,corner_111,1.00,-9.59950495e+00,1.240e-01,3.199e+00,1.7763e+00,0.009,152.6
radial,6,432,corner_111,2.99,-1.97511235e+00,1.644e-01,9.934e-01,4.6776e-01,0.008,152.6
radial,6,432,corner_111,8.00,-2.52806649e-01,4.994e-02,2.506e-01,2.0172e-02,0.009,152.6
radial,6,432,face_to_face_twist45,1.00,-1.37801711e+02,3.440e-01,1.092e-01,1.2122e+02,0.009,152.6
radial,6,432,face_to_face_twist45,2.99,-1.86919819e+01,7.826e-02,2.253e-01,2.6622e+00,0.009,152.6
radial,6,432,face_to_face_twist45,8.00,-1.35276207e+00,1.103e-02,2.617e-02,2.5304e-02,0.009,152.6
radial,8,1024,face_to_face_100,1.00,-4.09739526e+02,8.959e-01,1.665e-01,3.2479e+02,0.045,152.6
radial,8,1024,face_to_face_100,2.99,-2.16000238e+01,5.572e-02,1.269e-01,1.9123e+00,0.042,152.6
radial,8,1024,face_to_face_100,8.00,-1.37690479e+00,5.877e-03,1.754e-02,1.3494e-02,0.036,152.6
radial,8,1024,face_edge_110,1.00,-2.16799098e+01,3.926e-01,9.139e-01,2.3502e+01,0.037,152.6
radial,8,1024,face_edge_110,2.99,-4.30757034e+00,1.070e-01,3.669e-01,8.6589e-01,0.039,152.6
radial,8,1024,face_edge_110,8.00,-4.75265009e-01,1.754e-02,6.184e-02,1.4229e-02,0.042,152.6
radial,8,1024,corner_111,1.00,-6.29637729e+00,2.628e-01,3.441e-01,3.7644e+00,0.042,152.6
radial,8,1024,corner_111,2.99,-1.58389868e+00,6.624e-02,1.981e-01,1.8847e-01,0.035,152.6
radial,8,1024,corner_111,8.00,-2.36859818e-01,1.628e-02,6.308e-02,6.5771e-03,0.032,152.6
radial,8,1024,face_to_face_twist45,1.00,-2.38944492e+02,1.375e-01,7.340e-01,4.8441e+01,0.039,152.6
radial,8,1024,face_to_face_twist45,2.99,-2.09157108e+01,3.139e-02,1.190e-01,1.0678e+00,0.043,152.6
radial,8,1024,face_to_face_twist45,8.00,-1.37515039e+00,5.339e-03,1.655e-02,1.2250e-02,0.041,152.6
radial,12,3456,face_to_face_100,1.00,-2.53988332e+02,1.752e-01,3.801e-01,6.3529e+01,0.364,152.5
radial,12,3456,face_to_face_100,2.99,-2.05326773e+01,3.552e-03,4.941e-02,1.2190e-01,0.392,152.5
radial,12,3456,face_to_face_100,8.00,-1.36925176e+00,2.858e-04,5.558e-03,6.5633e-04,0.365,152.5
radial,12,3456,face_edge_110,1.00,-2.99049949e+01,1.621e-01,3.794e-01,9.7053e+00,0.411,152.5
radial,12,3456,face_edge_110,2.99,-4.68863416e+00,2.802e-02,8.846e-02,2.2670e-01,0.361,152.5
radial,12,3456,face_edge_110,8.00,-4.82381317e-01,2.824e-03,1.497e-02,2.2918e-03,0.356,152.5
radial,12,3456,corner_111,1.00,-9.62764520e+00,1.273e-01,5.291e-01,1.8235e+00,0.391,152.5
radial,12,3456,corner_111,2.99,-1.70937001e+00,7.732e-03,7.922e-02,2.2000e-02,0.359,152.5
radial,12,3456,corner_111,8.00,-2.40731051e-01,2.068e-04,1.634e-02,8.3535e-05,0.354,152.5
radial,12,3456,face_to_face_twist45,1.00,-2.10020092e+02,2.189e-04,1.211e-01,7.7133e-02,0.369,152.5
radial,12,3456,face_to_face_twist45,2.99,-2.03300521e+01,2.512e-03,2.800e-02,8.5458e-02,0.427,152.5
radial,12,3456,face_to_face_twist45,8.00,-1.36815338e+00,2.236e-04,5.088e-03,5.1305e-04,0.368,152.5
radial,16,8192,face_to_face_100,1.00,-2.26604851e+02,4.854e-02,1.078e-01,1.7595e+01,2.038,152.5
radial,16,8192,face_to_face_100,2.99,-2.04411393e+01,9.220e-04,4.458e-03,3.1642e-02,2.054,152.5
radial,16,8192,face_to_face_100,8.00,-1.36836271e+00,3.636e-04,6.493e-04,8.3496e-04,1.977,152.5
radial,16,8192,face_edge_110,1.00,-3.39164172e+01,4.972e-02,1.341e-01,2.9766e+00,2.145,152.5
radial,16,8192,face_edge_110,2.99,-4.79431873e+00,6.108e-03,2.254e-02,4.9421e-02,2.238,152.5
radial,16,8192,face_edge_110,8.00,-4.83421397e-01,6.743e-04,2.156e-03,5.4717e-04,2.362,152.5
radial,16,8192,corner_111,1.00,-8.19202711e+00,4.081e-02,1.491e-01,5.8460e-01,2.377,152.5
radial,16,8192,corner_111,2.99,-1.69645285e+00,1.169e-04,7.557e-03,3.3254e-04,2.413,152.5
radial,16,8192,corner_111,8.00,-2.40775103e-01,2.387e-05,1.830e-04,9.6419e-06,2.586,152.5
radial,16,8192,face_to_face_twist45,1.00,-2.08924311e+02,5.435e-03,5.218e-03,1.9152e+00,2.407,152.5
radial,16,8192,face_to_face_twist45,2.99,-2.02612203e+01,8.819e-04,3.386e-03,3.0000e-02,2.428,152.5
radial,16,8192,face_to_face_twist45,8.00,-1.36734454e+00,3.677e-04,5.912e-04,8.4370e-04,2.469,152.5
