level,volume_nodes,surface_nodes,configuration,gap_nm,U_attr_kcalmol,U_rep_kcalmol,U_pair_kcalmol,rel_change_attr,rel_change_rep,rel_change_pair,abs_change_pair_kBT,wall_seconds
cartesian4+facegl6,64,216,face_to_face_100,1.00,-2.22020901e+02,4.73680871e+01,-1.74652814e+02,nan,nan,nan,nan,0.003
cartesian4+facegl6,64,216,face_to_face_100,2.99,-2.22697925e+01,9.20019664e+00,-1.30695959e+01,nan,nan,nan,nan,0.002
cartesian4+facegl6,64,216,face_to_face_100,8.00,-1.43411155e+00,4.58754559e-01,-9.75356992e-01,nan,nan,nan,nan,0.002
cartesian4+facegl6,64,216,face_edge_110,1.00,-6.74868363e+01,1.46492622e+01,-5.28375741e+01,nan,nan,nan,nan,0.002
cartesian4+facegl6,64,216,face_edge_110,2.99,-5.74672795e+00,3.34010912e+00,-2.40661883e+00,nan,nan,nan,nan,0.002
cartesian4+facegl6,64,216,face_edge_110,8.00,-5.02616691e-01,2.12796443e-01,-2.89820248e-01,nan,nan,nan,nan,0.002
cartesian4+facegl6,64,216,corner_111,1.00,-1.11443534e+01,5.57990034e+00,-5.56445309e+00,nan,nan,nan,nan,0.002
cartesian4+facegl6,64,216,corner_111,2.99,-1.83151316e+00,1.46150107e+00,-3.70012090e-01,nan,nan,nan,nan,0.002
cartesian4+facegl6,64,216,corner_111,8.00,-2.45450185e-01,1.16658262e-01,-1.28791922e-01,nan,nan,nan,nan,0.002
cartesian4+facegl6,64,216,face_to_face_twist45,1.00,-1.57446565e+02,4.56875775e+01,-1.11758987e+02,nan,nan,nan,nan,0.002
cartesian4+facegl6,64,216,face_to_face_twist45,2.99,-2.14461712e+01,8.96912604e+00,-1.24770451e+01,nan,nan,nan,nan,0.003
cartesian4+facegl6,64,216,face_to_face_twist45,8.00,-1.43245728e+00,4.52861766e-01,-9.79595510e-01,nan,nan,nan,nan,0.002
cartesian6+facegl8,216,384,face_to_face_100,1.00,-2.78901483e+02,4.73239634e+01,-2.31577519e+02,2.562e-01,9.315e-04,3.259e-01,9.549e+01,0.005
cartesian6+facegl8,216,384,face_to_face_100,2.99,-2.16482958e+01,9.19109864e+00,-1.24571972e+01,2.791e-02,9.889e-04,4.686e-02,1.027e+00,0.004
cartesian6+facegl8,216,384,face_to_face_100,8.00,-1.39253652e+00,4.58117560e-01,-9.34418958e-01,2.899e-02,1.389e-03,4.197e-02,6.867e-02,0.004
cartesian6+facegl8,216,384,face_edge_110,1.00,-3.19349105e+01,1.46695632e+01,-1.72653472e+01,5.268e-01,1.386e-03,6.732e-01,5.967e+01,0.004
cartesian6+facegl8,216,384,face_edge_110,2.99,-4.86746381e+00,3.33190715e+00,-1.53555666e+00,1.530e-01,2.456e-03,3.619e-01,1.461e+00,0.004
cartesian6+facegl8,216,384,face_edge_110,8.00,-4.87903594e-01,2.12126516e-01,-2.75777079e-01,2.927e-02,3.148e-03,4.845e-02,2.356e-02,0.004
cartesian6+facegl8,216,384,corner_111,1.00,-7.31800893e+00,5.54842777e+00,-1.76958116e+00,3.433e-01,5.640e-03,6.820e-01,6.366e+00,0.004
cartesian6+facegl8,216,384,corner_111,2.99,-1.68787242e+00,1.45188601e+00,-2.35986402e-01,7.843e-02,6.579e-03,3.622e-01,2.248e-01,0.004
cartesian6+facegl8,216,384,corner_111,8.00,-2.41538404e-01,1.16176847e-01,-1.25361557e-01,1.594e-02,4.127e-03,2.663e-02,5.754e-03,0.004
cartesian6+facegl8,216,384,face_to_face_twist45,1.00,-2.22590629e+02,4.57036882e+01,-1.76886941e+02,4.138e-01,3.526e-04,5.828e-01,1.092e+02,0.004
cartesian6+facegl8,216,384,face_to_face_twist45,2.99,-2.13670464e+01,8.96411760e+00,-1.24029288e+01,3.689e-03,5.584e-04,5.940e-03,1.243e-01,0.004
cartesian6+facegl8,216,384,face_to_face_twist45,8.00,-1.39142298e+00,4.52243027e-01,-9.39179954e-01,2.865e-02,1.366e-03,4.126e-02,6.779e-02,0.004
cartesian8+facegl12,512,864,face_to_face_100,1.00,-2.56422490e+02,4.73233619e+01,-2.09099128e+02,8.060e-02,1.271e-05,9.707e-02,3.771e+01,0.014
cartesian8+facegl12,512,864,face_to_face_100,2.99,-2.10296814e+01,9.19132914e+00,-1.18383523e+01,2.858e-02,2.508e-05,4.968e-02,1.038e+00,0.013
cartesian8+facegl12,512,864,face_to_face_100,8.00,-1.37985337e+00,4.58169714e-01,-9.21683658e-01,9.108e-03,1.138e-04,1.363e-02,2.136e-02,0.012
cartesian8+facegl12,512,864,face_edge_110,1.00,-3.39970734e+01,1.46662225e+01,-1.93308509e+01,6.457e-02,2.277e-04,1.196e-01,3.465e+00,0.013
cartesian8+facegl12,512,864,face_edge_110,2.99,-4.85445316e+00,3.33260798e+00,-1.52184518e+00,2.673e-03,2.103e-04,8.929e-03,2.300e-02,0.012
cartesian8+facegl12,512,864,face_edge_110,8.00,-4.85650687e-01,2.12189798e-01,-2.73460889e-01,4.618e-03,2.983e-04,8.399e-03,3.885e-03,0.012
cartesian8+facegl12,512,864,corner_111,1.00,-8.75248129e+00,5.55095579e+00,-3.20152550e+00,1.960e-01,4.556e-04,8.092e-01,2.402e+00,0.012
cartesian8+facegl12,512,864,corner_111,2.99,-1.69918390e+00,1.45280917e+00,-2.46374730e-01,6.702e-03,6.358e-04,4.402e-02,1.743e-02,0.012
cartesian8+facegl12,512,864,corner_111,8.00,-2.41085262e-01,1.16220591e-01,-1.24864670e-01,1.876e-03,3.765e-04,3.964e-03,8.335e-04,0.011
cartesian8+facegl12,512,864,face_to_face_twist45,1.00,-2.27711418e+02,4.57004140e+01,-1.82011004e+02,2.301e-02,7.164e-05,2.897e-02,8.595e+00,0.013
cartesian8+facegl12,512,864,face_to_face_twist45,2.99,-2.08253628e+01,8.96438964e+00,-1.18609732e+01,2.535e-02,3.035e-05,4.370e-02,9.091e-01,0.013
cartesian8+facegl12,512,864,face_to_face_twist45,8.00,-1.37881363e+00,4.52295909e-01,-9.26517721e-01,9.062e-03,1.169e-04,1.348e-02,2.124e-02,0.012
cartesian12+facegl16,1728,1536,face_to_face_100,1.00,-2.25958395e+02,4.73232091e+01,-1.78635186e+02,1.188e-01,3.230e-06,1.457e-01,5.110e+01,0.091
cartesian12+facegl16,1728,1536,face_to_face_100,2.99,-2.06350741e+01,9.19131779e+00,-1.14437563e+01,1.876e-02,1.235e-06,3.333e-02,6.619e-01,0.092
cartesian12+facegl16,1728,1536,face_to_face_100,8.00,-1.37240241e+00,4.58169980e-01,-9.14232428e-01,5.400e-03,5.818e-07,8.084e-03,1.250e-02,0.090
cartesian12+facegl16,1728,1536,face_edge_110,1.00,-3.59805398e+01,1.46661450e+01,-2.13143948e+01,5.834e-02,5.284e-06,1.026e-01,3.327e+00,0.089
cartesian12+facegl16,1728,1536,face_edge_110,2.99,-4.83812740e+00,3.33260948e+00,-1.50551792e+00,3.363e-03,4.491e-07,1.073e-02,2.739e-02,0.088
cartesian12+facegl16,1728,1536,face_edge_110,8.00,-4.84373792e-01,2.12190266e-01,-2.72183526e-01,2.629e-03,2.204e-06,4.671e-03,2.143e-03,0.088
cartesian12+facegl16,1728,1536,corner_111,1.00,-8.48649670e+00,5.55097197e+00,-2.93552474e+00,3.039e-02,2.914e-06,8.309e-02,4.462e-01,0.088
cartesian12+facegl16,1728,1536,corner_111,2.99,-1.69666892e+00,1.45281737e+00,-2.43851548e-01,1.480e-03,5.648e-06,1.024e-02,4.232e-03,0.088
cartesian12+facegl16,1728,1536,corner_111,8.00,-2.40859623e-01,1.16220936e-01,-1.24638687e-01,9.359e-04,2.962e-06,1.810e-03,3.791e-04,0.086
cartesian12+facegl16,1728,1536,face_to_face_twist45,1.00,-2.17260789e+02,4.57003651e+01,-1.71560424e+02,4.589e-02,1.070e-06,5.742e-02,1.753e+01,0.090
cartesian12+facegl16,1728,1536,face_to_face_twist45,2.99,-2.04515271e+01,8.96438773e+00,-1.14871393e+01,1.795e-02,2.120e-07,3.152e-02,6.271e-01,0.091
cartesian12+facegl16,1728,1536,face_to_face_twist45,8.00,-1.37138632e+00,4.52296212e-01,-9.19090111e-01,5.387e-03,6.699e-07,8.017e-03,1.246e-02,0.087
cartesian16+facegl24,4096,3456,face_to_face_100,1.00,-2.19180859e+02,4.73232056e+01,-1.71857653e+02,2.999e-02,7.271e-08,3.794e-02,1.137e+01,0.436
cartesian16+facegl24,4096,3456,face_to_face_100,2.99,-2.05274961e+01,9.19131756e+00,-1.13361786e+01,5.213e-03,2.478e-08,9.401e-03,1.805e-01,0.510
cartesian16+facegl24,4096,3456,face_to_face_100,8.00,-1.37026536e+00,4.58169982e-01,-9.12095379e-01,1.557e-03,3.489e-09,2.338e-03,3.585e-03,0.549
cartesian16+facegl24,4096,3456,face_edge_110,1.00,-3.58394152e+01,1.46661439e+01,-2.11732713e+01,3.922e-03,7.694e-08,6.621e-03,2.367e-01,0.506
cartesian16+facegl24,4096,3456,face_edge_110,2.99,-4.82977015e+00,3.33260940e+00,-1.49716074e+00,1.727e-03,2.145e-08,5.551e-03,1.402e-02,0.491
cartesian16+facegl24,4096,3456,face_edge_110,8.00,-4.84002084e-01,2.12190269e-01,-2.71811814e-01,7.674e-04,1.698e-08,1.366e-03,6.235e-04,0.579
cartesian16+facegl24,4096,3456,corner_111,1.00,-8.53861041e+00,5.55097196e+00,-2.98763845e+00,6.141e-03,7.583e-10,1.775e-02,8.742e-02,0.578
cartesian16+facegl24,4096,3456,corner_111,2.99,-1.69636787e+00,1.45281742e+00,-2.43550448e-01,1.774e-04,3.479e-08,1.235e-03,5.051e-04,0.537
cartesian16+facegl24,4096,3456,corner_111,8.00,-2.40808197e-01,1.16220938e-01,-1.24587259e-01,2.135e-04,1.604e-08,4.126e-04,8.627e-05,0.595
cartesian16+facegl24,4096,3456,face_to_face_twist45,1.00,-2.12827867e+02,4.57003646e+01,-1.67127502e+02,2.040e-02,1.172e-08,2.584e-02,7.436e+00,0.573
cartesian16+facegl24,4096,3456,face_to_face_twist45,2.99,-2.03462482e+01,8.96438769e+00,-1.13818605e+01,5.148e-03,5.277e-09,9.165e-03,1.766e-01,0.563
cartesian16+facegl24,4096,3456,face_to_face_twist45,8.00,-1.36925209e+00,4.52296213e-01,-9.16955881e-01,1.556e-03,1.157e-09,2.322e-03,3.580e-03,0.497
cartesian20+facegl32,8000,6144,face_to_face_100,1.00,-2.17190118e+02,4.73232056e+01,-1.69866912e+02,9.083e-03,2.361e-11,1.158e-02,3.339e+00,1.931
cartesian20+facegl32,8000,6144,face_to_face_100,2.99,-2.04858699e+01,9.19131756e+00,-1.12945523e+01,2.028e-03,2.150e-12,3.672e-03,6.982e-02,1.995
cartesian20+facegl32,8000,6144,face_to_face_100,8.00,-1.36940679e+00,4.58169982e-01,-9.11236805e-01,6.266e-04,4.153e-12,9.413e-04,1.440e-03,1.924
cartesian20+facegl32,8000,6144,face_edge_110,1.00,-3.57495020e+01,1.46661439e+01,-2.10833581e+01,2.509e-03,2.837e-12,4.247e-03,1.508e-01,1.998
cartesian20+facegl32,8000,6144,face_edge_110,2.99,-4.82620236e+00,3.33260940e+00,-1.49359295e+00,7.387e-04,1.896e-12,2.383e-03,5.985e-03,2.010
cartesian20+facegl32,8000,6144,face_edge_110,8.00,-4.83848690e-01,2.12190269e-01,-2.71658421e-01,3.169e-04,2.207e-12,5.643e-04,2.573e-04,1.951
cartesian20+facegl32,8000,6144,corner_111,1.00,-8.53915599e+00,5.55097196e+00,-2.98818403e+00,6.390e-05,1.443e-12,1.826e-04,9.152e-04,1.967
cartesian20+facegl32,8000,6144,corner_111,2.99,-1.69628419e+00,1.45281742e+00,-2.43466770e-01,4.933e-05,1.806e-12,3.436e-04,1.404e-04,1.913
cartesian20+facegl32,8000,6144,corner_111,8.00,-2.40790598e-01,1.16220938e-01,-1.24569660e-01,7.308e-05,9.130e-13,1.413e-04,2.952e-05,1.849
cartesian20+facegl32,8000,6144,face_to_face_twist45,1.00,-2.11093862e+02,4.57003646e+01,-1.65393497e+02,8.147e-03,6.295e-13,1.038e-02,2.909e+00,1.979
cartesian20+facegl32,8000,6144,face_to_face_twist45,2.99,-2.03049386e+01,8.96438769e+00,-1.13405509e+01,2.030e-03,2.078e-13,3.629e-03,6.929e-02,1.958
cartesian20+facegl32,8000,6144,face_to_face_twist45,8.00,-1.36839391e+00,4.52296213e-01,-9.16097700e-01,6.268e-04,1.823e-13,9.359e-04,1.440e-03,1.937
cartesian24+facegl40,13824,9600,face_to_face_100,1.00,-2.16358234e+02,4.73232056e+01,-1.69035029e+02,3.830e-03,1.321e-14,4.897e-03,1.395e+00,5.774
cartesian24+facegl40,13824,9600,face_to_face_100,2.99,-2.04660975e+01,9.19131756e+00,-1.12747799e+01,9.652e-04,2.331e-15,1.751e-03,3.317e-02,5.705
cartesian24+facegl40,13824,9600,face_to_face_100,8.00,-1.36899026e+00,4.58169982e-01,-9.10820276e-01,3.042e-04,4.552e-15,4.571e-04,6.987e-04,5.834
cartesian24+facegl40,13824,9600,face_edge_110,1.00,-3.57055062e+01,1.46661439e+01,-2.10393623e+01,1.231e-03,1.110e-15,2.087e-03,7.380e-02,5.712
cartesian24+facegl40,13824,9600,face_edge_110,2.99,-4.82437326e+00,3.33260940e+00,-1.49176385e+00,3.790e-04,6.661e-16,1.225e-03,3.068e-03,5.677
cartesian24+facegl40,13824,9600,face_edge_110,8.00,-4.83772041e-01,2.12190269e-01,-2.71581771e-01,1.584e-04,1.343e-14,2.822e-04,1.286e-04,5.958
cartesian24+facegl40,13824,9600,corner_111,1.00,-8.54042896e+00,5.55097196e+00,-2.98945700e+00,1.491e-04,2.887e-15,4.260e-04,2.135e-03,5.957
cartesian24+facegl40,13824,9600,corner_111,2.99,-1.69625929e+00,1.45281742e+00,-2.43441868e-01,1.468e-05,1.554e-15,1.023e-04,4.177e-05,5.812
cartesian24+facegl40,13824,9600,corner_111,8.00,-2.40783032e-01,1.16220938e-01,-1.24562094e-01,3.142e-05,0.000e+00,6.074e-05,1.269e-05,5.712
cartesian24+facegl40,13824,9600,face_to_face_twist45,1.00,-2.10302499e+02,4.57003646e+01,-1.64602134e+02,3.749e-03,2.442e-15,4.785e-03,1.327e+00,5.874
cartesian24+facegl40,13824,9600,face_to_face_twist45,2.99,-2.02852032e+01,8.96438769e+00,-1.13208155e+01,9.720e-04,2.331e-15,1.740e-03,3.310e-02,5.652
cartesian24+facegl40,13824,9600,face_to_face_twist45,8.00,-1.36797735e+00,4.52296213e-01,-9.15681138e-01,3.044e-04,1.665e-15,4.547e-04,6.987e-04,5.955
radial16+facegl40 (cross-rule),8192,9600,face_to_face_100,1.00,-2.26604851e+02,4.73232056e+01,-1.79281645e+02,4.736e-02,0.000e+00,6.062e-02,1.719e+01,2.072
radial16+facegl40 (cross-rule),8192,9600,face_to_face_100,2.99,-2.04411393e+01,9.19131756e+00,-1.12498217e+01,1.219e-03,0.000e+00,2.214e-03,4.186e-02,2.034
radial16+facegl40 (cross-rule),8192,9600,face_to_face_100,8.00,-1.36836271e+00,4.58169982e-01,-9.10192727e-01,4.584e-04,0.000e+00,6.890e-04,1.053e-03,2.061
radial16+facegl40 (cross-rule),8192,9600,face_edge_110,1.00,-3.39164172e+01,1.46661439e+01,-1.92502733e+01,5.011e-02,0.000e+00,8.504e-02,3.001e+00,2.024
radial16+facegl40 (cross-rule),8192,9600,face_edge_110,2.99,-4.79431873e+00,3.33260940e+00,-1.46170933e+00,6.230e-03,0.000e+00,2.015e-02,5.041e-02,2.127
radial16+facegl40 (cross-rule),8192,9600,face_edge_110,8.00,-4.83421397e-01,2.12190269e-01,-2.71231128e-01,7.248e-04,0.000e+00,1.291e-03,5.882e-04,2.051
radial16+facegl40 (cross-rule),8192,9600,corner_111,1.00,-8.19202711e+00,5.55097196e+00,-2.64105514e+00,4.079e-02,0.000e+00,1.165e-01,5.844e-01,2.072
radial16+facegl40 (cross-rule),8192,9600,corner_111,2.99,-1.69645285e+00,1.45281742e+00,-2.43635428e-01,1.141e-04,0.000e+00,7.951e-04,3.247e-04,1.999
radial16+facegl40 (cross-rule),8192,9600,corner_111,8.00,-2.40775103e-01,1.16220938e-01,-1.24554165e-01,3.293e-05,0.000e+00,6.366e-05,1.330e-05,2.095
radial16+facegl40 (cross-rule),8192,9600,face_to_face_twist45,1.00,-2.08924311e+02,4.57003646e+01,-1.63223947e+02,6.553e-03,0.000e+00,8.373e-03,2.312e+00,2.025
radial16+facegl40 (cross-rule),8192,9600,face_to_face_twist45,2.99,-2.02612203e+01,8.96438769e+00,-1.12968327e+01,1.182e-03,0.000e+00,2.118e-03,4.023e-02,2.176
radial16+facegl40 (cross-rule),8192,9600,face_to_face_twist45,8.00,-1.36734454e+00,4.52296213e-01,-9.15048328e-01,4.626e-04,0.000e+00,6.911e-04,1.061e-03,2.062
