scheme,n_per_axis,volume_nodes,gap_nm,U_attr_kcalmol,U_rep_kcalmol,U_pair_kcalmol
midpoint,3,27,0.3000,-8.46314540e+01,9.28835297e+01,8.25207567e+00
midpoint,3,27,0.4500,-7.31750771e+01,7.99700940e+01,6.79501689e+00
midpoint,3,27,0.6000,-6.36339418e+01,6.90536669e+01,5.41972504e+00
midpoint,3,27,0.7500,-5.56294563e+01,5.97956436e+01,4.16618734e+00
midpoint,3,27,0.9000,-4.88683159e+01,5.19196451e+01,3.05132920e+00
midpoint,3,27,1.0500,-4.31212203e+01,4.51992419e+01,2.07802159e+00
midpoint,3,27,1.2000,-3.82073543e+01,3.94482567e+01,1.24090240e+00
midpoint,3,27,1.3500,-3.39829634e+01,3.45130734e+01,5.30110039e-01
midpoint,3,27,1.5000,-3.03328648e+01,3.02665127e+01,-6.63520469e-02
midpoint,3,27,1.6500,-2.71640849e+01,2.66029371e+01,-5.61147791e-01
midpoint,3,27,1.8000,-2.44010493e+01,2.34343231e+01,-9.66726253e-01
midpoint,3,27,1.9500,-2.19819174e+01,2.06870984e+01,-1.29481894e+00
midpoint,3,27,2.1000,-1.98557670e+01,1.82995864e+01,-1.55618057e+00
midpoint,3,27,2.2500,-1.79804164e+01,1.62199329e+01,-1.76048345e+00
midpoint,3,27,2.4000,-1.63207262e+01,1.44044201e+01,-1.91630617e+00
midpoint,3,27,2.5500,-1.48472674e+01,1.28160895e+01,-2.03117798e+00
midpoint,3,27,2.7000,-1.35352684e+01,1.14236147e+01,-2.11165362e+00
midpoint,3,27,2.8500,-1.23637781e+01,1.02003755e+01,-2.16340259e+00
midpoint,3,27,3.0000,-1.13149969e+01,9.12369416e+00,-2.19130270e+00
midpoint,3,27,3.1500,-1.03737375e+01,8.17420553e+00,-2.19953195e+00
midpoint,3,27,3.3000,-9.52698931e+00,7.33533426e+00,-2.19165505e+00
midpoint,3,27,3.4500,-8.76356360e+00,6.59286068e+00,-2.17070292e+00
midpoint,3,27,3.6000,-8.07380343e+00,5.93455905e+00,-2.13924437e+00
midpoint,3,27,3.7500,-7.44934527e+00,5.34989543e+00,-2.09944984e+00
midpoint,3,27,3.9000,-6.88292212e+00,4.82977458e+00,-2.05314754e+00
midpoint,3,27,4.0500,-6.36820012e+00,4.36632748e+00,-2.00187264e+00
midpoint,3,27,4.2000,-5.89964249e+00,3.95273259e+00,-1.94690990e+00
midpoint,3,27,4.3500,-5.47239562e+00,3.58306501e+00,-1.88933061e+00
midpoint,3,27,4.5000,-5.08219344e+00,3.25216895e+00,-1.83002449e+00
midpoint,3,27,4.6500,-4.72527673e+00,2.95554973e+00,-1.76972700e+00
midpoint,3,27,4.8000,-4.39832487e+00,2.68928200e+00,-1.70904287e+00
midpoint,3,27,4.9500,-4.09839784e+00,2.44993167e+00,-1.64846617e+00
midpoint,3,27,5.1000,-3.82288684e+00,2.23448938e+00,-1.58839746e+00
midpoint,3,27,5.2500,-3.56947206e+00,2.04031359e+00,-1.52915847e+00
midpoint,3,27,5.4000,-3.33608644e+00,1.86508187e+00,-1.47100458e+00
midpoint,3,27,5.5500,-3.12088457e+00,1.70674917e+00,-1.41413540e+00
midpoint,3,27,5.7000,-2.92221580e+00,1.56351193e+00,-1.35870386e+00
midpoint,3,27,5.8500,-2.73860103e+00,1.43377715e+00,-1.30482388e+00
midpoint,3,27,6.0000,-2.56871261e+00,1.31613577e+00,-1.25257683e+00
midpoint,3,27,6.5000,-2.08708821e+00,9.96335174e-01,-1.09075304e+00
midpoint,3,27,7.0000,-1.70998669e+00,7.61955186e-01,-9.48031502e-01
midpoint,3,27,7.5000,-1.41174110e+00,5.88251091e-01,-8.23490014e-01
midpoint,3,27,8.0000,-1.17369324e+00,4.58169982e-01,-7.15523261e-01
midpoint,3,27,8.5000,-9.82094659e-01,3.59806847e-01,-6.22287812e-01
midpoint,3,27,9.0000,-8.26689421e-01,2.84749616e-01,-5.41939805e-01
midpoint,3,27,9.5000,-6.99740643e-01,2.26986839e-01,-4.72753804e-01
midpoint,3,27,10.0000,-5.95351459e-01,1.82176887e-01,-4.13174571e-01
midpoint,3,27,10.5000,-5.08984666e-01,1.47152793e-01,-3.61831874e-01
midpoint,3,27,11.0000,-4.37118529e-01,1.19582716e-01,-3.17535813e-01
midpoint,3,27,11.5000,-3.76997210e-01,9.77345125e-02,-2.79262697e-01
midpoint,3,27,12.0000,-3.26447831e-01,8.03107422e-02,-2.46137088e-01
midpoint,3,27,12.5000,-2.83745014e-01,6.63318895e-02,-2.17413125e-01
midpoint,3,27,13.0000,-2.47509633e-01,5.50529199e-02,-1.92456713e-01
midpoint,3,27,13.5000,-2.16632456e-01,4.59031250e-02,-1.70729331e-01
midpoint,3,27,14.0000,-1.90216110e-01,3.84423838e-02,-1.51773726e-01
midpoint,4,64,0.3000,-1.48127933e+02,9.28835297e+01,-5.52444031e+01
midpoint,4,64,0.4500,-1.23771097e+02,7.99700940e+01,-4.38010033e+01
midpoint,4,64,0.6000,-1.04391207e+02,6.90536669e+01,-3.53375401e+01
midpoint,4,64,0.7500,-8.87835614e+01,5.97956436e+01,-2.89879178e+01
midpoint,4,64,0.9000,-7.60757243e+01,5.19196451e+01,-2.41560792e+01
midpoint,4,64,1.0500,-6.56261573e+01,4.51992419e+01,-2.04269153e+01
midpoint,4,64,1.2000,-5.69563335e+01,3.94482567e+01,-1.75080768e+01
midpoint,4,64,1.3500,-4.97045388e+01,3.45130734e+01,-1.51914654e+01
midpoint,4,64,1.5000,-4.35939508e+01,3.02665127e+01,-1.33274380e+01
midpoint,4,64,1.6500,-3.84102624e+01,2.66029371e+01,-1.18073253e+01
midpoint,4,64,1.8000,-3.39857822e+01,2.34343231e+01,-1.05514591e+01
midpoint,4,64,1.9500,-3.01879873e+01,2.06870984e+01,-9.50088890e+00
midpoint,4,64,2.1000,-2.69111816e+01,1.82995864e+01,-8.61159523e+00
midpoint,4,64,2.2500,-2.40703442e+01,1.62199329e+01,-7.85041130e+00
midpoint,4,64,2.4000,-2.15965434e+01,1.44044201e+01,-7.19212334e+00
midpoint,4,64,2.5500,-1.94334817e+01,1.28160895e+01,-6.61739222e+00
midpoint,4,64,2.7000,-1.75348666e+01,1.14236147e+01,-6.11125182e+00
midpoint,4,64,2.8500,-1.58623916e+01,1.02003755e+01,-5.66201615e+00
midpoint,4,64,3.0000,-1.43841720e+01,9.12369416e+00,-5.26047785e+00
midpoint,4,64,3.1500,-1.30735221e+01,8.17420553e+00,-4.89931658e+00
midpoint,4,64,3.3000,-1.19079934e+01,7.33533426e+00,-4.57265911e+00
midpoint,4,64,3.4500,-1.08686109e+01,6.59286068e+00,-4.27575018e+00
midpoint,4,64,3.6000,-9.93926360e+00,5.93455905e+00,-4.00470455e+00
midpoint,4,64,3.7500,-9.10621456e+00,5.34989543e+00,-3.75631913e+00
midpoint,4,64,3.9000,-8.35770418e+00,4.82977458e+00,-3.52792961e+00
midpoint,4,64,4.0500,-7.68362797e+00,4.36632748e+00,-3.31730049e+00
midpoint,4,64,4.2000,-7.07527271e+00,3.95273259e+00,-3.12254012e+00
midpoint,4,64,4.3500,-6.52509969e+00,3.58306501e+00,-2.94203468e+00
midpoint,4,64,4.5000,-6.02656554e+00,3.25216895e+00,-2.77439659e+00
midpoint,4,64,4.6500,-5.57397364e+00,2.95554973e+00,-2.61842391e+00
midpoint,4,64,4.8000,-5.16235020e+00,2.68928200e+00,-2.47306820e+00
midpoint,4,64,4.9500,-4.78734060e+00,2.44993167e+00,-2.33740893e+00
midpoint,4,64,5.1000,-4.44512229e+00,2.23448938e+00,-2.21063291e+00
midpoint,4,64,5.2500,-4.13233136e+00,2.04031359e+00,-2.09201777e+00
midpoint,4,64,5.4000,-3.84600034e+00,1.86508187e+00,-1.98091847e+00
midpoint,4,64,5.5500,-3.58350548e+00,1.70674917e+00,-1.87675631e+00
midpoint,4,64,5.7000,-3.34252178e+00,1.56351193e+00,-1.77900985e+00
midpoint,4,64,5.8500,-3.12098460e+00,1.43377715e+00,-1.68720744e+00
midpoint,4,64,6.0000,-2.91705671e+00,1.31613577e+00,-1.60092094e+00
midpoint,4,64,6.5000,-2.34471124e+00,9.96335174e-01,-1.34837607e+00
midpoint,4,64,7.0000,-1.90300777e+00,7.61955186e-01,-1.14105259e+00
midpoint,4,64,7.5000,-1.55808475e+00,5.88251091e-01,-9.69833656e-01
midpoint,4,64,8.0000,-1.28585893e+00,4.58169982e-01,-8.27688951e-01
midpoint,4,64,8.5000,-1.06892750e+00,3.59806847e-01,-7.09120655e-01
midpoint,4,64,9.0000,-8.94533379e-01,2.84749616e-01,-6.09783762e-01
midpoint,4,64,9.5000,-7.53202605e-01,2.26986839e-01,-5.26215767e-01
midpoint,4,64,10.0000,-6.37815483e-01,1.82176887e-01,-4.55638596e-01
midpoint,4,64,10.5000,-5.42963145e-01,1.47152793e-01,-3.95810353e-01
midpoint,4,64,11.0000,-4.64495254e-01,1.19582716e-01,-3.44912538e-01
midpoint,4,64,11.5000,-3.99197725e-01,9.77345125e-02,-3.01463213e-01
midpoint,4,64,12.0000,-3.44560240e-01,8.03107422e-02,-2.64249497e-01
midpoint,4,64,12.5000,-2.98606580e-01,6.63318895e-02,-2.32274690e-01
midpoint,4,64,13.0000,-2.59769498e-01,5.50529199e-02,-2.04716578e-01
midpoint,4,64,13.5000,-2.26797511e-01,4.59031250e-02,-1.80894386e-01
midpoint,4,64,14.0000,-1.98684827e-01,3.84423838e-02,-1.60242443e-01
midpoint,6,208,0.3000,-2.93967561e+02,9.28835297e+01,-2.01084031e+02
midpoint,6,208,0.4500,-2.31404557e+02,7.99700940e+01,-1.51434463e+02
midpoint,6,208,0.6000,-1.85411758e+02,6.90536669e+01,-1.16358091e+02
midpoint,6,208,0.7500,-1.50808525e+02,5.97956436e+01,-9.10128816e+01
midpoint,6,208,0.9000,-1.24252002e+02,5.19196451e+01,-7.23323565e+01
midpoint,6,208,1.0500,-1.03518923e+02,4.51992419e+01,-5.83196813e+01
midpoint,6,208,1.2000,-8.70900039e+01,3.94482567e+01,-4.76417471e+01
midpoint,6,208,1.3500,-7.39015830e+01,3.45130734e+01,-3.93885096e+01
midpoint,6,208,1.5000,-6.31927506e+01,3.02665127e+01,-3.29262379e+01
midpoint,6,208,1.6500,-5.44086272e+01,2.66029371e+01,-2.78056900e+01
midpoint,6,208,1.8000,-4.71376040e+01,2.34343231e+01,-2.37032809e+01
midpoint,6,208,1.9500,-4.10696615e+01,2.06870984e+01,-2.03825630e+01
midpoint,6,208,2.1000,-3.59680903e+01,1.82995864e+01,-1.76685039e+01
midpoint,6,208,2.2500,-3.16499288e+01,1.62199329e+01,-1.54299959e+01
midpoint,6,208,2.4000,-2.79721878e+01,1.44044201e+01,-1.35677677e+01
midpoint,6,208,2.5500,-2.48219921e+01,1.28160895e+01,-1.20059027e+01
midpoint,6,208,2.7000,-2.21094215e+01,1.14236147e+01,-1.06858068e+01
midpoint,6,208,2.8500,-1.97622411e+01,1.02003755e+01,-9.56186559e+00
midpoint,6,208,3.0000,-1.77219747e+01,9.12369416e+00,-8.59828053e+00
midpoint,6,208,3.1500,-1.59409468e+01,8.17420553e+00,-7.76674130e+00
midpoint,6,208,3.3000,-1.43800305e+01,7.33533426e+00,-7.04469622e+00
midpoint,6,208,3.4500,-1.30069164e+01,6.59286068e+00,-6.41405574e+00
midpoint,6,208,3.6000,-1.17947716e+01,5.93455905e+00,-5.86021258e+00
midpoint,6,208,3.7500,-1.07211910e+01,5.34989543e+00,-5.37129556e+00
midpoint,6,208,3.9000,-9.76737166e+00,4.82977458e+00,-4.93759709e+00
midpoint,6,208,4.0500,-8.91745859e+00,4.36632748e+00,-4.55113112e+00
midpoint,6,208,4.2000,-8.15802212e+00,3.95273259e+00,-4.20528953e+00
midpoint,6,208,4.3500,-7.47763843e+00,3.58306501e+00,-3.89457342e+00
midpoint,6,208,4.5000,-6.86655072e+00,3.25216895e+00,-3.61438176e+00
midpoint,6,208,4.6500,-6.31639395e+00,2.95554973e+00,-3.36084422e+00
midpoint,6,208,4.8000,-5.81997022e+00,2.68928200e+00,-3.13068822e+00
midpoint,6,208,4.9500,-5.37106439e+00,2.44993167e+00,-2.92113272e+00
midpoint,6,208,5.1000,-4.96429221e+00,2.23448938e+00,-2.72980283e+00
midpoint,6,208,5.2500,-4.59497449e+00,2.04031359e+00,-2.55466090e+00
midpoint,6,208,5.4000,-4.25903255e+00,1.86508187e+00,-2.39395069e+00
midpoint,6,208,5.5500,-3.95290093e+00,1.70674917e+00,-2.24615176e+00
midpoint,6,208,5.7000,-3.67345420e+00,1.56351193e+00,-2.10994227e+00
midpoint,6,208,5.8500,-3.41794545e+00,1.43377715e+00,-1.98416829e+00
midpoint,6,208,6.0000,-3.18395431e+00,1.31613577e+00,-1.86781854e+00
midpoint,6,208,6.5000,-2.53371409e+00,9.96335174e-01,-1.53737891e+00
midpoint,6,208,7.0000,-2.03887404e+00,7.61955186e-01,-1.27691886e+00
midpoint,6,208,7.5000,-1.65707118e+00,5.88251091e-01,-1.06882009e+00
midpoint,6,208,8.0000,-1.35884985e+00,4.58169982e-01,-9.00679870e-01
midpoint,6,208,8.5000,-1.12333853e+00,3.59806847e-01,-7.63531683e-01
midpoint,6,208,9.0000,-9.35496918e-01,2.84749616e-01,-6.50747302e-01
midpoint,6,208,9.5000,-7.84321707e-01,2.26986839e-01,-5.57334869e-01
midpoint,6,208,10.0000,-6.61652463e-01,1.82176887e-01,-4.79475576e-01
midpoint,6,208,10.5000,-5.61361813e-01,1.47152793e-01,-4.14209021e-01
midpoint,6,208,11.0000,-4.78796804e-01,1.19582716e-01,-3.59214088e-01
midpoint,6,208,11.5000,-4.10387487e-01,9.77345125e-02,-3.12652975e-01
midpoint,6,208,12.0000,-3.53368768e-01,8.03107422e-02,-2.73058026e-01
midpoint,6,208,12.5000,-3.05580151e-01,6.63318895e-02,-2.39248261e-01
midpoint,6,208,13.0000,-2.65319828e-01,5.50529199e-02,-2.10266908e-01
midpoint,6,208,13.5000,-2.31237190e-01,4.59031250e-02,-1.85334065e-01
midpoint,6,208,14.0000,-2.02252821e-01,3.84423838e-02,-1.63810437e-01
midpoint,8,504,0.3000,-4.74026464e+02,9.28835297e+01,-3.81142934e+02
midpoint,8,504,0.4500,-3.54305592e+02,7.99700940e+01,-2.74335498e+02
midpoint,8,504,0.6000,-2.71958286e+02,6.90536669e+01,-2.02904619e+02
midpoint,8,504,0.7500,-2.13324548e+02,5.97956436e+01,-1.53528904e+02
midpoint,8,504,0.9000,-1.70373531e+02,5.19196451e+01,-1.18453886e+02
midpoint,8,504,1.0500,-1.38159116e+02,4.51992419e+01,-9.29598745e+01
midpoint,8,504,1.2000,-1.13511485e+02,3.94482567e+01,-7.40632286e+01
midpoint,8,504,1.3500,-9.43291218e+01,3.45130734e+01,-5.98160484e+01
midpoint,8,504,1.5000,-7.91778150e+01,3.02665127e+01,-4.89113022e+01
midpoint,8,504,1.6500,-6.70541205e+01,2.66029371e+01,-4.04511833e+01
midpoint,8,504,1.8000,-5.72407199e+01,2.34343231e+01,-3.38063968e+01
midpoint,8,504,1.9500,-4.92151242e+01,2.06870984e+01,-2.85280258e+01
midpoint,8,504,2.1000,-4.25904183e+01,1.82995864e+01,-2.42908319e+01
midpoint,8,504,2.2500,-3.70758448e+01,1.62199329e+01,-2.08559119e+01
midpoint,8,504,2.4000,-3.24500112e+01,1.44044201e+01,-1.80455911e+01
midpoint,8,504,2.5500,-2.85423246e+01,1.28160895e+01,-1.57262351e+01
midpoint,8,504,2.7000,-2.52199041e+01,1.14236147e+01,-1.37962894e+01
midpoint,8,504,2.8500,-2.23782138e+01,1.02003755e+01,-1.21778383e+01
midpoint,8,504,3.0000,-1.99342621e+01,9.12369416e+00,-1.08105679e+01
midpoint,8,504,3.1500,-1.78216043e+01,8.17420553e+00,-9.64739878e+00
midpoint,8,504,3.3000,-1.59866257e+01,7.33533426e+00,-8.65129141e+00
midpoint,8,504,3.4500,-1.43857477e+01,6.59286068e+00,-7.79288701e+00
midpoint,8,504,3.6000,-1.29833079e+01,5.93455905e+00,-7.04874888e+00
midpoint,8,504,3.7500,-1.17499359e+01,5.34989543e+00,-6.40004046e+00
midpoint,8,504,3.9000,-1.06612981e+01,4.82977458e+00,-5.83152357e+00
midpoint,8,504,4.0500,-9.69712115e+00,4.36632748e+00,-5.33079367e+00
midpoint,8,504,4.2000,-8.84042449e+00,3.95273259e+00,-4.88769190e+00
midpoint,8,504,4.3500,-8.07691502e+00,3.58306501e+00,-4.49385001e+00
midpoint,8,504,4.5000,-7.39450490e+00,3.25216895e+00,-4.14233594e+00
midpoint,8,504,4.6500,-6.78292577e+00,2.95554973e+00,-3.82737604e+00
midpoint,8,504,4.8000,-6.23341811e+00,2.68928200e+00,-3.54413611e+00
midpoint,8,504,4.9500,-5.73847959e+00,2.44993167e+00,-3.28854792e+00
midpoint,8,504,5.1000,-5.29166028e+00,2.23448938e+00,-3.05717090e+00
midpoint,8,504,5.2500,-4.88739498e+00,2.04031359e+00,-2.84708139e+00
midpoint,8,504,5.4000,-4.52086536e+00,1.86508187e+00,-2.65578349e+00
midpoint,8,504,5.5500,-4.18788611e+00,1.70674917e+00,-2.48113694e+00
midpoint,8,504,5.7000,-3.88481043e+00,1.56351193e+00,-2.32129850e+00
midpoint,8,504,5.8500,-3.60845127e+00,1.43377715e+00,-2.17467412e+00
midpoint,8,504,6.0000,-3.35601545e+00,1.31613577e+00,-2.03987968e+00
midpoint,8,504,6.5000,-2.65793428e+00,9.96335174e-01,-1.66159911e+00
midpoint,8,504,7.0000,-2.13027730e+00,7.61955186e-01,-1.36832212e+00
midpoint,8,504,7.5000,-1.72546589e+00,5.88251091e-01,-1.13721479e+00
midpoint,8,504,8.0000,-1.41079658e+00,4.58169982e-01,-9.52626593e-01
midpoint,8,504,8.5000,-1.16332154e+00,3.59806847e-01,-8.03514688e-01
midpoint,8,504,9.0000,-9.66641434e-01,2.84749616e-01,-6.81891818e-01
midpoint,8,504,9.5000,-8.08844323e-01,2.26986839e-01,-5.81857485e-01
midpoint,8,504,10.0000,-6.81150471e-01,1.82176887e-01,-4.98973584e-01
midpoint,8,504,10.5000,-5.77002970e-01,1.47152793e-01,-4.29850177e-01
midpoint,8,504,11.0000,-4.91446154e-01,1.19582716e-01,-3.71863438e-01
midpoint,8,504,11.5000,-4.20693606e-01,9.77345125e-02,-3.22959093e-01
midpoint,8,504,12.0000,-3.61823339e-01,8.03107422e-02,-2.81512597e-01
midpoint,8,504,12.5000,-3.12559734e-01,6.63318895e-02,-2.46227845e-01
midpoint,8,504,13.0000,-2.71115538e-01,5.50529199e-02,-2.16062618e-01
midpoint,8,504,13.5000,-2.36076049e-01,4.59031250e-02,-1.90172924e-01
midpoint,8,504,14.0000,-2.06313304e-01,3.84423838e-02,-1.67870920e-01
midpoint,12,1600,0.3000,-7.21304205e+02,9.28835297e+01,-6.28420675e+02
midpoint,12,1600,0.4500,-4.97463356e+02,7.99700940e+01,-4.17493262e+02
midpoint,12,1600,0.6000,-3.58745175e+02,6.90536669e+01,-2.89691508e+02
midpoint,12,1600,0.7500,-2.67765980e+02,5.97956436e+01,-2.07970336e+02
midpoint,12,1600,0.9000,-2.05424666e+02,5.19196451e+01,-1.53505021e+02
midpoint,12,1600,1.0500,-1.61185908e+02,4.51992419e+01,-1.15986666e+02
midpoint,12,1600,1.2000,-1.28878047e+02,3.94482567e+01,-8.94297901e+01
midpoint,12,1600,1.3500,-1.04707147e+02,3.45130734e+01,-7.01940739e+01
midpoint,12,1600,1.5000,-8.62472397e+01,3.02665127e+01,-5.59807270e+01
midpoint,12,1600,1.6500,-7.18951780e+01,2.66029371e+01,-4.52922408e+01
midpoint,12,1600,1.8000,-6.05614213e+01,2.34343231e+01,-3.71270983e+01
midpoint,12,1600,1.9500,-5.14872629e+01,2.06870984e+01,-3.08001645e+01
midpoint,12,1600,2.1000,-4.41329658e+01,1.82995864e+01,-2.58333794e+01
midpoint,12,1600,2.2500,-3.81072147e+01,1.62199329e+01,-2.18872817e+01
midpoint,12,1600,2.4000,-3.31214437e+01,1.44044201e+01,-1.87170237e+01
midpoint,12,1600,2.5500,-2.89595766e+01,1.28160895e+01,-1.61434871e+01
midpoint,12,1600,2.7000,-2.54575581e+01,1.14236147e+01,-1.40339433e+01
midpoint,12,1600,2.8500,-2.24892488e+01,1.02003755e+01,-1.22888733e+01
midpoint,12,1600,3.0000,-1.99565376e+01,9.12369416e+00,-1.08328434e+01
midpoint,12,1600,3.1500,-1.77823029e+01,8.17420553e+00,-9.60809742e+00
midpoint,12,1600,3.3000,-1.59053301e+01,7.33533426e+00,-8.56999579e+00
midpoint,12,1600,3.4500,-1.42765923e+01,6.59286068e+00,-7.68373167e+00
midpoint,12,1600,3.6000,-1.28564976e+01,5.93455905e+00,-6.92193856e+00
midpoint,12,1600,3.7500,-1.16128256e+01,5.34989543e+00,-6.26293015e+00
midpoint,12,1600,3.9000,-1.05191671e+01,4.82977458e+00,-5.68939255e+00
midpoint,12,1600,4.0500,-9.55373150e+00,4.36632748e+00,-5.18740402e+00
midpoint,12,1600,4.2000,-8.69842657e+00,3.95273259e+00,-4.74569398e+00
midpoint,12,1600,4.3500,-7.93814338e+00,3.58306501e+00,-4.35507837e+00
midpoint,12,1600,4.5000,-7.26019534e+00,3.25216895e+00,-4.00802639e+00
midpoint,12,1600,4.6500,-6.65387519e+00,2.95554973e+00,-3.69832545e+00
midpoint,12,1600,4.8000,-6.11010259e+00,2.68928200e+00,-3.42082059e+00
midpoint,12,1600,4.9500,-5.62114198e+00,2.44993167e+00,-3.17121031e+00
midpoint,12,1600,5.1000,-5.18037517e+00,2.23448938e+00,-2.94588578e+00
midpoint,12,1600,5.2500,-4.78211699e+00,2.04031359e+00,-2.74180340e+00
midpoint,12,1600,5.4000,-4.42146510e+00,1.86508187e+00,-2.55638324e+00
midpoint,12,1600,5.5500,-4.09417688e+00,1.70674917e+00,-2.38742770e+00
midpoint,12,1600,5.7000,-3.79656794e+00,1.56351193e+00,-2.23305601e+00
midpoint,12,1600,5.8500,-3.52542831e+00,1.43377715e+00,-2.09165115e+00
midpoint,12,1600,6.0000,-3.27795260e+00,1.31613577e+00,-1.96181683e+00
midpoint,12,1600,6.5000,-2.59451403e+00,9.96335174e-01,-1.59817885e+00
midpoint,12,1600,7.0000,-2.07877799e+00,7.61955186e-01,-1.31682280e+00
midpoint,12,1600,7.5000,-1.68356263e+00,5.88251091e-01,-1.09531154e+00
midpoint,12,1600,8.0000,-1.37658787e+00,4.58169982e-01,-9.18417883e-01
midpoint,12,1600,8.5000,-1.13528286e+00,3.59806847e-01,-7.75476014e-01
midpoint,12,1600,9.0000,-9.43561146e-01,2.84749616e-01,-6.58811530e-01
midpoint,12,1600,9.5000,-7.89762130e-01,2.26986839e-01,-5.62775291e-01
midpoint,12,1600,10.0000,-6.65304938e-01,1.82176887e-01,-4.83128050e-01
midpoint,12,1600,10.5000,-5.63788932e-01,1.47152793e-01,-4.16636139e-01
midpoint,12,1600,11.0000,-4.80381012e-01,1.19582716e-01,-3.60798296e-01
midpoint,12,1600,11.5000,-4.11390972e-01,9.77345125e-02,-3.13656460e-01
midpoint,12,1600,12.0000,-3.53972537e-01,8.03107422e-02,-2.73661794e-01
midpoint,12,1600,12.5000,-3.05909864e-01,6.63318895e-02,-2.39577975e-01
midpoint,12,1600,13.0000,-2.65463091e-01,5.50529199e-02,-2.10410171e-01
midpoint,12,1600,13.5000,-2.31255238e-01,4.59031250e-02,-1.85352113e-01
midpoint,12,1600,14.0000,-2.02188504e-01,3.84423838e-02,-1.63746120e-01
midpoint,16,3848,0.3000,-1.03866289e+03,9.28835297e+01,-9.45779358e+02
midpoint,16,3848,0.4500,-6.70925989e+02,7.99700940e+01,-5.90955895e+02
midpoint,16,3848,0.6000,-4.60810388e+02,6.90536669e+01,-3.91756721e+02
midpoint,16,3848,0.7500,-3.31293130e+02,5.97956436e+01,-2.71497486e+02
midpoint,16,3848,0.9000,-2.46797758e+02,5.19196451e+01,-1.94878113e+02
midpoint,16,3848,1.0500,-1.89168792e+02,4.51992419e+01,-1.43969550e+02
midpoint,16,3848,1.2000,-1.48423042e+02,3.94482567e+01,-1.08974785e+02
midpoint,16,3848,1.3500,-1.18741888e+02,3.45130734e+01,-8.42288148e+01
midpoint,16,3848,1.5000,-9.65702578e+01,3.02665127e+01,-6.63037450e+01
midpoint,16,3848,1.6500,-7.96489907e+01,2.66029371e+01,-5.30460536e+01
midpoint,16,3848,1.8000,-6.64935964e+01,2.34343231e+01,-4.30592733e+01
midpoint,16,3848,1.9500,-5.60999946e+01,2.06870984e+01,-3.54128962e+01
midpoint,16,3848,2.1000,-4.77716586e+01,1.82995864e+01,-2.94720722e+01
midpoint,16,3848,2.2500,-4.10145193e+01,1.62199329e+01,-2.47945864e+01
midpoint,16,3848,2.4000,-3.54711119e+01,1.44044201e+01,-2.10666918e+01
midpoint,16,3848,2.5500,-3.08781926e+01,1.28160895e+01,-1.80621031e+01
midpoint,16,3848,2.7000,-2.70387999e+01,1.14236147e+01,-1.56151851e+01
midpoint,16,3848,2.8500,-2.38034381e+01,1.02003755e+01,-1.36030626e+01
midpoint,16,3848,3.0000,-2.10571548e+01,9.12369416e+00,-1.19334607e+01
midpoint,16,3848,3.1500,-1.87105077e+01,8.17420553e+00,-1.05363022e+01
midpoint,16,3848,3.3000,-1.66931479e+01,7.33533426e+00,-9.35781359e+00
midpoint,16,3848,3.4500,-1.49491934e+01,6.59286068e+00,-8.35633269e+00
midpoint,16,3848,3.6000,-1.34338485e+01,5.93455905e+00,-7.49928941e+00
midpoint,16,3848,3.7500,-1.21109014e+01,5.34989543e+00,-6.76100599e+00
midpoint,16,3848,3.9000,-1.09508516e+01,4.82977458e+00,-6.12107698e+00
midpoint,16,3848,4.0500,-9.92949178e+00,4.36632748e+00,-5.56316430e+00
midpoint,16,3848,4.2000,-9.02682542e+00,3.95273259e+00,-5.07409283e+00
midpoint,16,3848,4.3500,-8.22623054e+00,3.58306501e+00,-4.64316553e+00
midpoint,16,3848,4.5000,-7.51380974e+00,3.25216895e+00,-4.26164079e+00
midpoint,16,3848,4.6500,-6.87788009e+00,2.95554973e+00,-3.92233036e+00
midpoint,16,3848,4.8000,-6.30856999e+00,2.68928200e+00,-3.61928800e+00
midpoint,16,3848,4.9500,-5.79749822e+00,2.44993167e+00,-3.34756655e+00
midpoint,16,3848,5.1000,-5.33751675e+00,2.23448938e+00,-3.10302737e+00
midpoint,16,3848,5.2500,-4.92250328e+00,2.04031359e+00,-2.88218969e+00
midpoint,16,3848,5.4000,-4.54719296e+00,1.86508187e+00,-2.68211109e+00
midpoint,16,3848,5.5500,-4.20704110e+00,1.70674917e+00,-2.50029192e+00
midpoint,16,3848,5.7000,-3.89811048e+00,1.56351193e+00,-2.33459855e+00
midpoint,16,3848,5.8500,-3.61697857e+00,1.43377715e+00,-2.18320142e+00
midpoint,16,3848,6.0000,-3.36066057e+00,1.31613577e+00,-2.04452480e+00
midpoint,16,3848,6.5000,-2.65426367e+00,9.96335174e-01,-1.65792850e+00
midpoint,16,3848,7.0000,-2.12274643e+00,7.61955186e-01,-1.36079124e+00
midpoint,16,3848,7.5000,-1.71644268e+00,5.88251091e-01,-1.12819159e+00
midpoint,16,3848,8.0000,-1.40152655e+00,4.58169982e-01,-9.43356573e-01
midpoint,16,3848,8.5000,-1.15443764e+00,3.59806847e-01,-7.94630794e-01
midpoint,16,3848,9.0000,-9.58440072e-01,2.84749616e-01,-6.73690456e-01
midpoint,16,3848,9.5000,-8.01437646e-01,2.26986839e-01,-5.74450807e-01
midpoint,16,3848,10.0000,-6.74551541e-01,1.82176887e-01,-4.92374653e-01
midpoint,16,3848,10.5000,-5.71173753e-01,1.47152793e-01,-4.24020960e-01
midpoint,16,3848,11.0000,-4.86324578e-01,1.19582716e-01,-3.66741862e-01
midpoint,16,3848,11.5000,-4.16208678e-01,9.77345125e-02,-3.18474166e-01
midpoint,16,3848,12.0000,-3.57903411e-01,8.03107422e-02,-2.77592669e-01
midpoint,16,3848,12.5000,-3.09136802e-01,6.63318895e-02,-2.42804913e-01
midpoint,16,3848,13.0000,-2.68127275e-01,5.50529199e-02,-2.13074355e-01
midpoint,16,3848,13.5000,-2.33466548e-01,4.59031250e-02,-1.87563423e-01
midpoint,16,3848,14.0000,-2.04033107e-01,3.84423838e-02,-1.65590723e-01
midpoint,24,12512,0.3000,-1.33233108e+03,9.28835297e+01,-1.23944755e+03
midpoint,24,12512,0.4500,-7.87105307e+02,7.99700940e+01,-7.07135213e+02
midpoint,24,12512,0.6000,-5.09627491e+02,6.90536669e+01,-4.40573824e+02
midpoint,24,12512,0.7500,-3.52014519e+02,5.97956436e+01,-2.92218875e+02
midpoint,24,12512,0.9000,-2.55094313e+02,5.19196451e+01,-2.03174668e+02
midpoint,24,12512,1.0500,-1.91790516e+02,4.51992419e+01,-1.46591275e+02
midpoint,24,12512,1.2000,-1.48439550e+02,3.94482567e+01,-1.08991294e+02
midpoint,24,12512,1.3500,-1.17602737e+02,3.45130734e+01,-8.30896641e+01
midpoint,24,12512,1.5000,-9.49753607e+01,3.02665127e+01,-6.47088480e+01
midpoint,24,12512,1.6500,-7.79378291e+01,2.66029371e+01,-5.13348919e+01
midpoint,24,12512,1.8000,-6.48274574e+01,2.34343231e+01,-4.13931343e+01
midpoint,24,12512,1.9500,-5.45505409e+01,2.06870984e+01,-3.38634424e+01
midpoint,24,12512,2.1000,-4.63652652e+01,1.82995864e+01,-2.80656788e+01
midpoint,24,12512,2.2500,-3.97549638e+01,1.62199329e+01,-2.35350309e+01
midpoint,24,12512,2.4000,-3.43513512e+01,1.44044201e+01,-1.99469311e+01
midpoint,24,12512,2.5500,-2.98865048e+01,1.28160895e+01,-1.70704153e+01
midpoint,24,12512,2.7000,-2.61619642e+01,1.14236147e+01,-1.47383495e+01
midpoint,24,12512,2.8500,-2.30283377e+01,1.02003755e+01,-1.28279622e+01
midpoint,24,12512,3.0000,-2.03715361e+01,9.12369416e+00,-1.12478420e+01
midpoint,24,12512,3.1500,-1.81032912e+01,8.17420553e+00,-9.92908563e+00
midpoint,24,12512,3.3000,-1.61545030e+01,7.33533426e+00,-8.81916870e+00
midpoint,24,12512,3.4500,-1.44704958e+01,6.59286068e+00,-7.87763516e+00
midpoint,24,12512,3.6000,-1.30075827e+01,5.93455905e+00,-7.07302360e+00
midpoint,24,12512,3.7500,-1.17305427e+01,5.34989543e+00,-6.38064724e+00
midpoint,24,12512,3.9000,-1.06107461e+01,4.82977458e+00,-5.78097157e+00
midpoint,24,12512,4.0500,-9.62474366e+00,4.36632748e+00,-5.25841618e+00
midpoint,24,12512,4.2000,-8.75319347e+00,3.95273259e+00,-4.80046089e+00
midpoint,24,12512,4.3500,-7.98003773e+00,3.58306501e+00,-4.39697272e+00
midpoint,24,12512,4.5000,-7.29186390e+00,3.25216895e+00,-4.03969494e+00
midpoint,24,12512,4.6500,-6.67740555e+00,2.95554973e+00,-3.72185582e+00
midpoint,24,12512,4.8000,-6.12714891e+00,2.68928200e+00,-3.43786692e+00
midpoint,24,12512,4.9500,-5.63302037e+00,2.44993167e+00,-3.18308870e+00
midpoint,24,12512,5.1000,-5.18813666e+00,2.23448938e+00,-2.95364728e+00
midpoint,24,12512,5.2500,-4.78660371e+00,2.04031359e+00,-2.74629012e+00
midpoint,24,12512,5.4000,-4.42335371e+00,1.86508187e+00,-2.55827185e+00
midpoint,24,12512,5.5500,-4.09401241e+00,1.70674917e+00,-2.38726323e+00
midpoint,24,12512,5.7000,-3.79479030e+00,1.56351193e+00,-2.23127837e+00
midpoint,24,12512,5.8500,-3.52239312e+00,1.43377715e+00,-2.08861597e+00
midpoint,24,12512,6.0000,-3.27394766e+00,1.31613577e+00,-1.95781189e+00
midpoint,24,12512,6.5000,-2.58872631e+00,9.96335174e-01,-1.59239113e+00
midpoint,24,12512,7.0000,-2.07253347e+00,7.61955186e-01,-1.31057829e+00
midpoint,24,12512,7.5000,-1.67749992e+00,5.88251091e-01,-1.08924883e+00
midpoint,24,12512,8.0000,-1.37099327e+00,4.58169982e-01,-9.12823290e-01
midpoint,24,12512,8.5000,-1.13026162e+00,3.59806847e-01,-7.70454769e-01
midpoint,24,12512,9.0000,-9.39126813e-01,2.84749616e-01,-6.54377197e-01
midpoint,24,12512,9.5000,-7.85883871e-01,2.26986839e-01,-5.58897033e-01
midpoint,24,12512,10.0000,-6.61932604e-01,1.82176887e-01,-4.79755717e-01
midpoint,24,12512,10.5000,-5.60866256e-01,1.47152793e-01,-4.13713463e-01
midpoint,24,12512,11.0000,-4.77852358e-01,1.19582716e-01,-3.58269642e-01
midpoint,24,12512,11.5000,-4.09204568e-01,9.77345125e-02,-3.11470055e-01
midpoint,24,12512,12.0000,-3.52081805e-01,8.03107422e-02,-2.71771063e-01
midpoint,24,12512,12.5000,-3.04273748e-01,6.63318895e-02,-2.37941859e-01
midpoint,24,12512,13.0000,-2.64045851e-01,5.50529199e-02,-2.08992931e-01
midpoint,24,12512,13.5000,-2.30026017e-01,4.59031250e-02,-1.84122892e-01
midpoint,24,12512,14.0000,-2.01120795e-01,3.84423838e-02,-1.62678411e-01
cartesian,3,27,0.3000,-3.65024483e+02,9.28835297e+01,-2.72140953e+02
cartesian,3,27,0.4500,-2.86707048e+02,7.99700940e+01,-2.06736954e+02
cartesian,3,27,0.6000,-2.28258468e+02,6.90536669e+01,-1.59204801e+02
cartesian,3,27,0.7500,-1.84008149e+02,5.97956436e+01,-1.24212505e+02
cartesian,3,27,0.9000,-1.50055521e+02,5.19196451e+01,-9.81358762e+01
cartesian,3,27,1.0500,-1.23675732e+02,4.51992419e+01,-7.84764897e+01
cartesian,3,27,1.2000,-1.02937690e+02,3.94482567e+01,-6.34894334e+01
cartesian,3,27,1.3500,-8.64543480e+01,3.45130734e+01,-5.19412746e+01
cartesian,3,27,1.5000,-7.32168061e+01,3.02665127e+01,-4.29502933e+01
cartesian,3,27,1.6500,-6.24824743e+01,2.66029371e+01,-3.58795372e+01
cartesian,3,27,1.8000,-5.36986273e+01,2.34343231e+01,-3.02643042e+01
cartesian,3,27,1.9500,-4.64494771e+01,2.06870984e+01,-2.57623787e+01
cartesian,3,27,2.1000,-4.04190841e+01,1.82995864e+01,-2.21194977e+01
cartesian,3,27,2.2500,-3.53650693e+01,1.62199329e+01,-1.91451364e+01
cartesian,3,27,2.4000,-3.10997830e+01,1.44044201e+01,-1.66953629e+01
cartesian,3,27,2.5500,-2.74766762e+01,1.28160895e+01,-1.46605867e+01
cartesian,3,27,2.7000,-2.43803429e+01,1.14236147e+01,-1.29567281e+01
cartesian,3,27,2.8500,-2.17191768e+01,1.02003755e+01,-1.15188013e+01
cartesian,3,27,3.0000,-1.94199096e+01,9.12369416e+00,-1.02962154e+01
cartesian,3,27,3.1500,-1.74235128e+01,8.17420553e+00,-9.24930725e+00
cartesian,3,27,3.3000,-1.56821001e+01,7.33533426e+00,-8.34676586e+00
cartesian,3,27,3.4500,-1.41565663e+01,6.59286068e+00,-7.56370562e+00
cartesian,3,27,3.6000,-1.28147747e+01,5.93455905e+00,-6.88021568e+00
cartesian,3,27,3.7500,-1.16301563e+01,5.34989543e+00,-6.28026091e+00
cartesian,3,27,3.9000,-1.05806187e+01,4.82977458e+00,-5.75084417e+00
cartesian,3,27,4.0500,-9.64769140e+00,4.36632748e+00,-5.28136393e+00
cartesian,3,27,4.2000,-8.81585148e+00,3.95273259e+00,-4.86311889e+00
cartesian,3,27,4.3500,-8.07198884e+00,3.58306501e+00,-4.48892383e+00
cartesian,3,27,4.5000,-7.40497894e+00,3.25216895e+00,-4.15280999e+00
cartesian,3,27,4.6500,-6.80533994e+00,2.95554973e+00,-3.84979021e+00
cartesian,3,27,4.8000,-6.26495583e+00,2.68928200e+00,-3.57567383e+00
cartesian,3,27,4.9500,-5.77685167e+00,2.44993167e+00,-3.32692000e+00
cartesian,3,27,5.1000,-5.33501029e+00,2.23448938e+00,-3.10052090e+00
cartesian,3,27,5.2500,-4.93422183e+00,2.04031359e+00,-2.89390825e+00
cartesian,3,27,5.4000,-4.56995997e+00,1.86508187e+00,-2.70487811e+00
cartesian,3,27,5.5500,-4.23827927e+00,1.70674917e+00,-2.53153010e+00
cartesian,3,27,5.7000,-3.93572998e+00,1.56351193e+00,-2.37221805e+00
cartesian,3,27,5.8500,-3.65928680e+00,1.43377715e+00,-2.22550965e+00
cartesian,3,27,6.0000,-3.40628920e+00,1.31613577e+00,-2.09015343e+00
cartesian,3,27,6.5000,-2.70413770e+00,9.96335174e-01,-1.70780253e+00
cartesian,3,27,7.0000,-2.17084282e+00,7.61955186e-01,-1.40888764e+00
cartesian,3,27,7.5000,-1.76016982e+00,5.88251091e-01,-1.17191873e+00
cartesian,3,27,8.0000,-1.44003409e+00,4.58169982e-01,-9.81864112e-01
cartesian,3,27,8.5000,-1.18773074e+00,3.59806847e-01,-8.27923893e-01
cartesian,3,27,9.0000,-9.86914528e-01,2.84749616e-01,-7.02164912e-01
cartesian,3,27,9.5000,-8.25638364e-01,2.26986839e-01,-5.98651525e-01
cartesian,3,27,10.0000,-6.95050394e-01,1.82176887e-01,-5.12873507e-01
cartesian,3,27,10.5000,-5.88511252e-01,1.47152793e-01,-4.41358459e-01
cartesian,3,27,11.0000,-5.00985339e-01,1.19582716e-01,-3.81402623e-01
cartesian,3,27,11.5000,-4.28614385e-01,9.77345125e-02,-3.30879873e-01
cartesian,3,27,12.0000,-3.68414432e-01,8.03107422e-02,-2.88103689e-01
cartesian,3,27,12.5000,-3.18057696e-01,6.63318895e-02,-2.51725807e-01
cartesian,3,27,13.0000,-2.75713688e-01,5.50529199e-02,-2.20660768e-01
cartesian,3,27,13.5000,-2.39932206e-01,4.59031250e-02,-1.94029081e-01
cartesian,3,27,14.0000,-2.09556311e-01,3.84423838e-02,-1.71113927e-01
cartesian,4,64,0.3000,-9.68399316e+02,9.28835297e+01,-8.75515787e+02
cartesian,4,64,0.4500,-6.70697386e+02,7.99700940e+01,-5.90727292e+02
cartesian,4,64,0.6000,-4.79160017e+02,6.90536669e+01,-4.10106350e+02
cartesian,4,64,0.7500,-3.51939959e+02,5.97956436e+01,-2.92144316e+02
cartesian,4,64,0.9000,-2.64968541e+02,5.19196451e+01,-2.13048896e+02
cartesian,4,64,1.0500,-2.03932594e+02,4.51992419e+01,-1.58733352e+02
cartesian,4,64,1.2000,-1.60061045e+02,3.94482567e+01,-1.20612788e+02
cartesian,4,64,1.3500,-1.27830654e+02,3.45130734e+01,-9.33175806e+01
cartesian,4,64,1.5000,-1.03675684e+02,3.02665127e+01,-7.34091716e+01
cartesian,4,64,1.6500,-8.52407378e+01,2.66029371e+01,-5.86378006e+01
cartesian,4,64,1.8000,-7.09365208e+01,2.34343231e+01,-4.75021977e+01
cartesian,4,64,1.9500,-5.96692620e+01,2.06870984e+01,-3.89821636e+01
cartesian,4,64,2.1000,-5.06722001e+01,1.82995864e+01,-3.23726137e+01
cartesian,4,64,2.2500,-4.33984602e+01,1.62199329e+01,-2.71785273e+01
cartesian,4,64,2.4000,-3.74516416e+01,1.44044201e+01,-2.30472215e+01
cartesian,4,64,2.5500,-3.25400306e+01,1.28160895e+01,-1.97239411e+01
cartesian,4,64,2.7000,-2.84458868e+01,1.14236147e+01,-1.70222720e+01
cartesian,4,64,2.8500,-2.50045124e+01,1.02003755e+01,-1.48041369e+01
cartesian,4,64,3.0000,-2.20897750e+01,9.12369416e+00,-1.29660808e+01
cartesian,4,64,3.1500,-1.96039497e+01,8.17420553e+00,-1.14297442e+01
cartesian,4,64,3.3000,-1.74704981e+01,7.33533426e+00,-1.01351638e+01
cartesian,4,64,3.4500,-1.56288668e+01,6.59286068e+00,-9.03600615e+00
cartesian,4,64,3.6000,-1.40306972e+01,5.93455905e+00,-8.09613816e+00
cartesian,4,64,3.7500,-1.26370301e+01,5.34989543e+00,-7.28713463e+00
cartesian,4,64,3.9000,-1.14162223e+01,4.82977458e+00,-6.58644775e+00
cartesian,4,64,4.0500,-1.03423778e+01,4.36632748e+00,-5.97605032e+00
cartesian,4,64,4.2000,-9.39415354e+00,3.95273259e+00,-5.44142095e+00
cartesian,4,64,4.3500,-8.55384346e+00,3.58306501e+00,-4.97077845e+00
cartesian,4,64,4.5000,-7.80666850e+00,3.25216895e+00,-4.55449955e+00
cartesian,4,64,4.6500,-7.14022217e+00,2.95554973e+00,-4.18467244e+00
cartesian,4,64,4.8000,-6.54403399e+00,2.68928200e+00,-3.85475199e+00
cartesian,4,64,4.9500,-6.00922326e+00,2.44993167e+00,-3.55929159e+00
cartesian,4,64,5.1000,-5.52822245e+00,2.23448938e+00,-3.29373307e+00
cartesian,4,64,5.2500,-5.09455468e+00,2.04031359e+00,-3.05424109e+00
cartesian,4,64,5.4000,-4.70265370e+00,1.86508187e+00,-2.83757184e+00
cartesian,4,64,5.5500,-4.34771731e+00,1.70674917e+00,-2.64096814e+00
cartesian,4,64,5.7000,-4.02558731e+00,1.56351193e+00,-2.46207537e+00
cartesian,4,64,5.8500,-3.73265068e+00,1.43377715e+00,-2.29887353e+00
cartesian,4,64,6.0000,-3.46575791e+00,1.31613577e+00,-2.14962214e+00
cartesian,4,64,6.5000,-2.73129264e+00,9.96335174e-01,-1.73495746e+00
cartesian,4,64,7.0000,-2.17992213e+00,7.61955186e-01,-1.41796694e+00
cartesian,4,64,7.5000,-1.75937622e+00,5.88251091e-01,-1.17112513e+00
cartesian,4,64,8.0000,-1.43411155e+00,4.58169982e-01,-9.75941569e-01
cartesian,4,64,8.5000,-1.17941425e+00,3.59806847e-01,-8.19607405e-01
cartesian,4,64,9.0000,-9.77761557e-01,2.84749616e-01,-6.93011941e-01
cartesian,4,64,9.5000,-8.16512927e-01,2.26986839e-01,-5.89526088e-01
cartesian,4,64,10.0000,-6.86408168e-01,1.82176887e-01,-5.04231280e-01
cartesian,4,64,10.5000,-5.80568898e-01,1.47152793e-01,-4.33416105e-01
cartesian,4,64,11.0000,-4.93821599e-01,1.19582716e-01,-3.74238883e-01
cartesian,4,64,11.5000,-4.22230552e-01,9.77345125e-02,-3.24496039e-01
cartesian,4,64,12.0000,-3.62770434e-01,8.03107422e-02,-2.82459691e-01
cartesian,4,64,12.5000,-3.13093473e-01,6.63318895e-02,-2.46761584e-01
cartesian,4,64,13.0000,-2.71361653e-01,5.50529199e-02,-2.16308733e-01
cartesian,4,64,13.5000,-2.36124315e-01,4.59031250e-02,-1.90221190e-01
cartesian,4,64,14.0000,-2.06227883e-01,3.84423838e-02,-1.67785499e-01
cartesian,8,512,0.3000,-3.88902355e+03,9.28835297e+01,-3.79614002e+03
cartesian,8,512,0.4500,-1.65571879e+03,7.99700940e+01,-1.57574870e+03
cartesian,8,512,0.6000,-8.49628172e+02,6.90536669e+01,-7.80574505e+02
cartesian,8,512,0.7500,-5.01005532e+02,5.97956436e+01,-4.41209888e+02
cartesian,8,512,0.9000,-3.26899770e+02,5.19196451e+01,-2.74980125e+02
cartesian,8,512,1.0500,-2.29391636e+02,4.51992419e+01,-1.84192394e+02
cartesian,8,512,1.2000,-1.69628961e+02,3.94482567e+01,-1.30180704e+02
cartesian,8,512,1.3500,-1.30341718e+02,3.45130734e+01,-9.58286449e+01
cartesian,8,512,1.5000,-1.03077560e+02,3.02665127e+01,-7.28110471e+01
cartesian,8,512,1.6500,-8.33456110e+01,2.66029371e+01,-5.67426739e+01
cartesian,8,512,1.8000,-6.85870303e+01,2.34343231e+01,-4.51527072e+01
cartesian,8,512,1.9500,-5.72550493e+01,2.06870984e+01,-3.65679509e+01
cartesian,8,512,2.1000,-4.83670832e+01,1.82995864e+01,-3.00674967e+01
cartesian,8,512,2.2500,-4.12724641e+01,1.62199329e+01,-2.50525312e+01
cartesian,8,512,2.4000,-3.55250750e+01,1.44044201e+01,-2.11206550e+01
cartesian,8,512,2.5500,-3.08099785e+01,1.28160895e+01,-1.79938890e+01
cartesian,8,512,2.7000,-2.68992823e+01,1.14236147e+01,-1.54756675e+01
cartesian,8,512,2.8500,-2.36245674e+01,1.02003755e+01,-1.34241919e+01
cartesian,8,512,3.0000,-2.08590845e+01,9.12369416e+00,-1.17353904e+01
cartesian,8,512,3.1500,-1.85059232e+01,8.17420553e+00,-1.03317176e+01
cartesian,8,512,3.3000,-1.64899488e+01,7.33533426e+00,-9.15461450e+00
cartesian,8,512,3.4500,-1.47521861e+01,6.59286068e+00,-8.15932545e+00
cartesian,8,512,3.6000,-1.32458299e+01,5.93455905e+00,-7.31127082e+00
cartesian,8,512,3.7500,-1.19333615e+01,5.34989543e+00,-6.58346603e+00
cartesian,8,512,3.9000,-1.07844338e+01,4.82977458e+00,-5.95465920e+00
cartesian,8,512,4.0500,-9.77429728e+00,4.36632748e+00,-5.40796980e+00
cartesian,8,512,4.2000,-8.88261457e+00,3.95273259e+00,-4.92988198e+00
cartesian,8,512,4.3500,-8.09255720e+00,3.58306501e+00,-4.50949219e+00
cartesian,8,512,4.5000,-7.39011046e+00,3.25216895e+00,-4.13794151e+00
cartesian,8,512,4.6500,-6.76353317e+00,2.95554973e+00,-3.80798344e+00
cartesian,8,512,4.8000,-6.20293415e+00,2.68928200e+00,-3.51365215e+00
cartesian,8,512,4.9500,-5.69993752e+00,2.44993167e+00,-3.25000585e+00
cartesian,8,512,5.1000,-5.24741616e+00,2.23448938e+00,-3.01292678e+00
cartesian,8,512,5.2500,-4.83927800e+00,2.04031359e+00,-2.79896442e+00
cartesian,8,512,5.4000,-4.47029344e+00,1.86508187e+00,-2.60521157e+00
cartesian,8,512,5.5500,-4.13595523e+00,1.70674917e+00,-2.42920605e+00
cartesian,8,512,5.7000,-3.83236399e+00,1.56351193e+00,-2.26885206e+00
cartesian,8,512,5.8500,-3.55613416e+00,1.43377715e+00,-2.12235701e+00
cartesian,8,512,6.0000,-3.30431635e+00,1.31613577e+00,-1.98818058e+00
cartesian,8,512,6.5000,-2.61042970e+00,9.96335174e-01,-1.61409452e+00
cartesian,8,512,7.0000,-2.08836492e+00,7.61955186e-01,-1.32640973e+00
cartesian,8,512,7.5000,-1.68925308e+00,5.88251091e-01,-1.10100199e+00
cartesian,8,512,8.0000,-1.37985337e+00,4.58169982e-01,-9.21683390e-01
cartesian,8,512,8.5000,-1.13703141e+00,3.59806847e-01,-7.77224567e-01
cartesian,8,512,9.0000,-9.44361780e-01,2.84749616e-01,-6.59612164e-01
cartesian,8,512,9.5000,-7.89975664e-01,2.26986839e-01,-5.62988826e-01
cartesian,8,512,10.0000,-6.65162007e-01,1.82176887e-01,-4.82985119e-01
cartesian,8,512,10.5000,-5.63437576e-01,1.47152793e-01,-4.16284783e-01
cartesian,8,512,11.0000,-4.79916250e-01,1.19582716e-01,-3.60333534e-01
cartesian,8,512,11.5000,-4.10873471e-01,9.77345125e-02,-3.13138958e-01
cartesian,8,512,12.0000,-3.53440563e-01,8.03107422e-02,-2.73129821e-01
cartesian,8,512,12.5000,-3.05387024e-01,6.63318895e-02,-2.39055134e-01
cartesian,8,512,13.0000,-2.64963385e-01,5.50529199e-02,-2.09910465e-01
cartesian,8,512,13.5000,-2.30786397e-01,4.59031250e-02,-1.84883272e-01
cartesian,8,512,14.0000,-2.01754192e-01,3.84423838e-02,-1.63311808e-01
cartesian,16,4096,0.3000,-2.75724162e+03,9.28835297e+01,-2.66435809e+03
cartesian,16,4096,0.4500,-1.07607011e+03,7.99700940e+01,-9.96100018e+02
cartesian,16,4096,0.6000,-5.97566509e+02,6.90536669e+01,-5.28512842e+02
cartesian,16,4096,0.7500,-3.85654419e+02,5.97956436e+01,-3.25858776e+02
cartesian,16,4096,0.9000,-2.69881122e+02,5.19196451e+01,-2.17961477e+02
cartesian,16,4096,1.0500,-1.98908499e+02,4.51992419e+01,-1.53709257e+02
cartesian,16,4096,1.2000,-1.52088469e+02,3.94482567e+01,-1.12640212e+02
cartesian,16,4096,1.3500,-1.19559176e+02,3.45130734e+01,-8.50461028e+01
cartesian,16,4096,1.5000,-9.60582488e+01,3.02665127e+01,-6.57917360e+01
cartesian,16,4096,1.6500,-7.85499465e+01,2.66029371e+01,-5.19470094e+01
cartesian,16,4096,1.8000,-6.51772197e+01,2.34343231e+01,-4.17428966e+01
cartesian,16,4096,1.9500,-5.47502718e+01,2.06870984e+01,-3.40631734e+01
cartesian,16,4096,2.1000,-4.64775391e+01,1.82995864e+01,-2.81779527e+01
cartesian,16,4096,2.2500,-3.98155959e+01,1.62199329e+01,-2.35956630e+01
cartesian,16,4096,2.4000,-3.43812958e+01,1.44044201e+01,-1.99768758e+01
cartesian,16,4096,2.5500,-2.98982371e+01,1.28160895e+01,-1.70821476e+01
cartesian,16,4096,2.7000,-2.61630097e+01,1.14236147e+01,-1.47393949e+01
cartesian,16,4096,2.8500,-2.30232766e+01,1.02003755e+01,-1.28229011e+01
cartesian,16,4096,3.0000,-2.03631682e+01,9.12369416e+00,-1.12394740e+01
cartesian,16,4096,3.1500,-1.80933256e+01,8.17420553e+00,-9.91912002e+00
cartesian,16,4096,3.3000,-1.61439746e+01,7.33533426e+00,-8.80864034e+00
cartesian,16,4096,3.4500,-1.44600198e+01,6.59286068e+00,-7.86715912e+00
cartesian,16,4096,3.6000,-1.29975118e+01,5.93455905e+00,-7.06295279e+00
cartesian,16,4096,3.7500,-1.17210664e+01,5.34989543e+00,-6.37117095e+00
cartesian,16,4096,3.9000,-1.06019522e+01,4.82977458e+00,-5.77217764e+00
cartesian,16,4096,4.0500,-9.61665786e+00,4.36632748e+00,-5.25033039e+00
cartesian,16,4096,4.2000,-8.74580453e+00,3.95273259e+00,-4.79307194e+00
cartesian,16,4096,4.3500,-7.97331317e+00,3.58306501e+00,-4.39024816e+00
cartesian,16,4096,4.5000,-7.28576013e+00,3.25216895e+00,-4.03359118e+00
cartesian,16,4096,4.6500,-6.67187414e+00,2.95554973e+00,-3.71632440e+00
cartesian,16,4096,4.8000,-6.12214040e+00,2.68928200e+00,-3.43285840e+00
cartesian,16,4096,4.9500,-5.62848662e+00,2.44993167e+00,-3.17855495e+00
cartesian,16,4096,5.1000,-5.18403214e+00,2.23448938e+00,-2.94954276e+00
cartesian,16,4096,5.2500,-4.78288617e+00,2.04031359e+00,-2.74257258e+00
cartesian,16,4096,5.4000,-4.41998443e+00,1.86508187e+00,-2.55490256e+00
cartesian,16,4096,5.5500,-4.09095621e+00,1.70674917e+00,-2.38420703e+00
cartesian,16,4096,5.7000,-3.79201544e+00,1.56351193e+00,-2.22850350e+00
cartesian,16,4096,5.8500,-3.51987105e+00,1.43377715e+00,-2.08609389e+00
cartesian,16,4096,6.0000,-3.27165280e+00,1.31613577e+00,-1.95551703e+00
cartesian,16,4096,6.5000,-2.58703687e+00,9.96335174e-01,-1.59070170e+00
cartesian,16,4096,7.0000,-2.07127326e+00,7.61955186e-01,-1.30931807e+00
cartesian,16,4096,7.5000,-1.67654784e+00,5.88251091e-01,-1.08829675e+00
cartesian,16,4096,8.0000,-1.37026536e+00,4.58169982e-01,-9.12095379e-01
cartesian,16,4096,8.5000,-1.12969896e+00,3.59806847e-01,-7.69892109e-01
cartesian,16,4096,9.0000,-9.38687494e-01,2.84749616e-01,-6.53937878e-01
cartesian,16,4096,9.5000,-7.85537687e-01,2.26986839e-01,-5.58550848e-01
cartesian,16,4096,10.0000,-6.61657502e-01,1.82176887e-01,-4.79480615e-01
cartesian,16,4096,10.5000,-5.60645943e-01,1.47152793e-01,-4.13493150e-01
cartesian,16,4096,11.0000,-4.77674657e-01,1.19582716e-01,-3.58091941e-01
cartesian,16,4096,11.5000,-4.09060286e-01,9.77345125e-02,-3.11325774e-01
cartesian,16,4096,12.0000,-3.51963935e-01,8.03107422e-02,-2.71653193e-01
cartesian,16,4096,12.5000,-3.04176900e-01,6.63318895e-02,-2.37845011e-01
cartesian,16,4096,13.0000,-2.63965846e-01,5.50529199e-02,-2.08912926e-01
cartesian,16,4096,13.5000,-2.29959591e-01,4.59031250e-02,-1.84056466e-01
cartesian,16,4096,14.0000,-2.01065379e-01,3.84423838e-02,-1.62622995e-01
cartesian,24,13824,0.3000,-2.09949260e+03,9.28835297e+01,-2.00660907e+03
cartesian,24,13824,0.4500,-9.76884961e+02,7.99700940e+01,-8.96914867e+02
cartesian,24,13824,0.6000,-5.73202769e+02,6.90536669e+01,-5.04149102e+02
cartesian,24,13824,0.7500,-3.76803884e+02,5.97956436e+01,-3.17008240e+02
cartesian,24,13824,0.9000,-2.65673372e+02,5.19196451e+01,-2.13753727e+02
cartesian,24,13824,1.0500,-1.96548837e+02,4.51992419e+01,-1.51349596e+02
cartesian,24,13824,1.2000,-1.50624038e+02,3.94482567e+01,-1.11175782e+02
cartesian,24,13824,1.3500,-1.18587659e+02,3.45130734e+01,-8.40745856e+01
cartesian,24,13824,1.5000,-9.53823851e+01,3.02665127e+01,-6.51158724e+01
cartesian,24,13824,1.6500,-7.80625278e+01,2.66029371e+01,-5.14595907e+01
cartesian,24,13824,1.8000,-6.48155407e+01,2.34343231e+01,-4.13812176e+01
cartesian,24,13824,1.9500,-5.44755795e+01,2.06870984e+01,-3.37884811e+01
cartesian,24,13824,2.1000,-4.62648236e+01,1.82995864e+01,-2.79652372e+01
cartesian,24,13824,2.2500,-3.96481374e+01,1.62199329e+01,-2.34282045e+01
cartesian,24,13824,2.4000,-3.42475825e+01,1.44044201e+01,-1.98431625e+01
cartesian,24,13824,2.5500,-2.97901422e+01,1.28160895e+01,-1.69740528e+01
cartesian,24,13824,2.7000,-2.60746708e+01,1.14236147e+01,-1.46510561e+01
cartesian,24,13824,2.8500,-2.29503841e+01,1.02003755e+01,-1.27500087e+01
cartesian,24,13824,3.0000,-2.03025012e+01,9.12369416e+00,-1.11788071e+01
cartesian,24,13824,3.1500,-1.80424411e+01,8.17420553e+00,-9.86823554e+00
cartesian,24,13824,3.3000,-1.61009950e+01,7.33533426e+00,-8.76566070e+00
cartesian,24,13824,3.4500,-1.44234848e+01,6.59286068e+00,-7.83062410e+00
cartesian,24,13824,3.6000,-1.29662735e+01,5.93455905e+00,-7.03171449e+00
cartesian,24,13824,3.7500,-1.16942136e+01,5.34989543e+00,-6.34431819e+00
cartesian,24,13824,3.9000,-1.05787552e+01,4.82977458e+00,-5.74898066e+00
cartesian,24,13824,4.0500,-9.59652737e+00,4.36632748e+00,-5.23019990e+00
cartesian,24,13824,4.2000,-8.72826110e+00,3.95273259e+00,-4.77552851e+00
cartesian,24,13824,4.3500,-7.95796403e+00,3.58306501e+00,-4.37489902e+00
cartesian,24,13824,4.5000,-7.27228141e+00,3.25216895e+00,-4.02011245e+00
cartesian,24,13824,4.6500,-6.65999715e+00,2.95554973e+00,-3.70444742e+00
cartesian,24,13824,4.8000,-6.11164103e+00,2.68928200e+00,-3.42235904e+00
cartesian,24,13824,4.9500,-5.61917693e+00,2.44993167e+00,-3.16924527e+00
cartesian,24,13824,5.1000,-5.17575376e+00,2.23448938e+00,-2.94126438e+00
cartesian,24,13824,5.2500,-4.77550500e+00,2.04031359e+00,-2.73519141e+00
cartesian,24,13824,5.4000,-4.41338647e+00,1.86508187e+00,-2.54830460e+00
cartesian,24,13824,5.5500,-4.08504412e+00,1.70674917e+00,-2.37829495e+00
cartesian,24,13824,5.7000,-3.78670580e+00,1.56351193e+00,-2.22319387e+00
cartesian,24,13824,5.8500,-3.51509211e+00,1.43377715e+00,-2.08131496e+00
cartesian,24,13824,6.0000,-3.26734263e+00,1.31613577e+00,-1.95120686e+00
cartesian,24,13824,6.5000,-2.58393945e+00,9.96335174e-01,-1.58760428e+00
cartesian,24,13824,7.0000,-2.06900504e+00,7.61955186e-01,-1.30704985e+00
cartesian,24,13824,7.5000,-1.67485940e+00,5.88251091e-01,-1.08660830e+00
cartesian,24,13824,8.0000,-1.36899026e+00,4.58169982e-01,-9.10820276e-01
cartesian,24,13824,8.5000,-1.12872360e+00,3.59806847e-01,-7.68916755e-01
cartesian,24,13824,9.0000,-9.37932825e-01,2.84749616e-01,-6.53183209e-01
cartesian,24,13824,9.5000,-7.84947700e-01,2.26986839e-01,-5.57960861e-01
cartesian,24,13824,10.0000,-6.61191907e-01,1.82176887e-01,-4.79015020e-01
cartesian,24,13824,10.5000,-5.60275345e-01,1.47152793e-01,-4.13122552e-01
cartesian,24,13824,11.0000,-4.77377340e-01,1.19582716e-01,-3.57794624e-01
cartesian,24,13824,11.5000,-4.08820017e-01,9.77345125e-02,-3.11085504e-01
cartesian,24,13824,12.0000,-3.51768455e-01,8.03107422e-02,-2.71457713e-01
cartesian,24,13824,12.5000,-3.04016860e-01,6.63318895e-02,-2.37684970e-01
cartesian,24,13824,13.0000,-2.63834052e-01,5.50529199e-02,-2.08781132e-01
cartesian,24,13824,13.5000,-2.29850462e-01,4.59031250e-02,-1.83947337e-01
cartesian,24,13824,14.0000,-2.00974552e-01,3.84423838e-02,-1.62532168e-01
cartesian,20,8000,0.3000,-2.28197084e+03,9.28835297e+01,-2.18908732e+03
cartesian,20,8000,0.4500,-1.00055131e+03,7.99700940e+01,-9.20581221e+02
cartesian,20,8000,0.6000,-5.79191859e+02,6.90536669e+01,-5.10138193e+02
cartesian,20,8000,0.7500,-3.79178220e+02,5.97956436e+01,-3.19382576e+02
cartesian,20,8000,0.9000,-2.66879532e+02,5.19196451e+01,-2.14959887e+02
cartesian,20,8000,1.0500,-1.97251437e+02,4.51992419e+01,-1.52052195e+02
cartesian,20,8000,1.2000,-1.51069475e+02,3.94482567e+01,-1.11621218e+02
cartesian,20,8000,1.3500,-1.18887056e+02,3.45130734e+01,-8.43739824e+01
cartesian,20,8000,1.5000,-9.55925510e+01,3.02665127e+01,-6.53260383e+01
cartesian,20,8000,1.6500,-7.82151269e+01,2.66029371e+01,-5.16121898e+01
cartesian,20,8000,1.8000,-6.49293908e+01,2.34343231e+01,-4.14950678e+01
cartesian,20,8000,1.9500,-5.45624389e+01,2.06870984e+01,-3.38753405e+01
cartesian,20,8000,2.1000,-4.63323436e+01,1.82995864e+01,-2.80327572e+01
cartesian,20,8000,2.2500,-3.97014674e+01,1.62199329e+01,-2.34815345e+01
cartesian,20,8000,2.4000,-3.42902878e+01,1.44044201e+01,-1.98858678e+01
cartesian,20,8000,2.5500,-2.98247521e+01,1.28160895e+01,-1.70086626e+01
cartesian,20,8000,2.7000,-2.61030175e+01,1.14236147e+01,-1.46794028e+01
cartesian,20,8000,2.8500,-2.29738199e+01,1.02003755e+01,-1.27734444e+01
cartesian,20,8000,3.0000,-2.03220401e+01,9.12369416e+00,-1.11983460e+01
cartesian,20,8000,3.1500,-1.80588546e+01,8.17420553e+00,-9.88464908e+00
cartesian,20,8000,3.3000,-1.61148778e+01,7.33533426e+00,-8.77954350e+00
cartesian,20,8000,3.4500,-1.44353004e+01,6.59286068e+00,-7.84243976e+00
cartesian,20,8000,3.6000,-1.29763874e+01,5.93455905e+00,-7.04182832e+00
cartesian,20,8000,3.7500,-1.17029162e+01,5.34989543e+00,-6.35302076e+00
cartesian,20,8000,3.9000,-1.05862797e+01,4.82977458e+00,-5.75650515e+00
cartesian,20,8000,4.0500,-9.60306241e+00,4.36632748e+00,-5.23673494e+00
cartesian,20,8000,4.2000,-8.73396040e+00,3.95273259e+00,-4.78122781e+00
cartesian,20,8000,4.3500,-7.96295372e+00,3.58306501e+00,-4.37988871e+00
cartesian,20,8000,4.5000,-7.27666562e+00,3.25216895e+00,-4.02449667e+00
cartesian,20,8000,4.6500,-6.66386240e+00,2.95554973e+00,-3.70831267e+00
cartesian,20,8000,4.8000,-6.11505957e+00,2.68928200e+00,-3.42577757e+00
cartesian,20,8000,4.9500,-5.62220940e+00,2.44993167e+00,-3.17227773e+00
cartesian,20,8000,5.1000,-5.17845133e+00,2.23448938e+00,-2.94396194e+00
cartesian,20,8000,5.2500,-4.77791102e+00,2.04031359e+00,-2.73759744e+00
cartesian,20,8000,5.4000,-4.41553785e+00,1.86508187e+00,-2.55045598e+00
cartesian,20,8000,5.5500,-4.08697238e+00,1.70674917e+00,-2.38022321e+00
cartesian,20,8000,5.7000,-3.78843799e+00,1.56351193e+00,-2.22492605e+00
cartesian,20,8000,5.8500,-3.51665150e+00,1.43377715e+00,-2.08287434e+00
cartesian,20,8000,6.0000,-3.26874932e+00,1.31613577e+00,-1.95261355e+00
cartesian,20,8000,6.5000,-2.58495082e+00,9.96335174e-01,-1.58861564e+00
cartesian,20,8000,7.0000,-2.06974586e+00,7.61955186e-01,-1.30779067e+00
cartesian,20,8000,7.5000,-1.67541093e+00,5.88251091e-01,-1.08715984e+00
cartesian,20,8000,8.0000,-1.36940679e+00,4.58169982e-01,-9.11236805e-01
cartesian,20,8000,8.5000,-1.12904220e+00,3.59806847e-01,-7.69235351e-01
cartesian,20,8000,9.0000,-9.38179309e-01,2.84749616e-01,-6.53429692e-01
cartesian,20,8000,9.5000,-7.85140368e-01,2.26986839e-01,-5.58153529e-01
cartesian,20,8000,10.0000,-6.61343926e-01,1.82176887e-01,-4.79167039e-01
cartesian,20,8000,10.5000,-5.60396323e-01,1.47152793e-01,-4.13243530e-01
cartesian,20,8000,11.0000,-4.77474376e-01,1.19582716e-01,-3.57891660e-01
cartesian,20,8000,11.5000,-4.08898417e-01,9.77345125e-02,-3.11163905e-01
cartesian,20,8000,12.0000,-3.51832227e-01,8.03107422e-02,-2.71521485e-01
cartesian,20,8000,12.5000,-3.04069058e-01,6.63318895e-02,-2.37737169e-01
cartesian,20,8000,13.0000,-2.63877028e-01,5.50529199e-02,-2.08824108e-01
cartesian,20,8000,13.5000,-2.29886040e-01,4.59031250e-02,-1.83982915e-01
cartesian,20,8000,14.0000,-2.01004157e-01,3.84423838e-02,-1.62561773e-01
