geometry,temperature_K,tilt_halfangle_deg,face_twist_halfwidth_deg,orientation_fraction_per_particle,conditional_magnetic_F_kBT,geometric_rotation_cost_kBT,magnetic_plus_rotation_F_kBT,Udd_kBT,delta_Uani_kBT,delta_Umag_kBT,total_magnetic_rotational_entropy_change_over_kB,F_scramble_standard_error_kBT,nominal_posture_vdW_kBT,partial_F_with_nominal_vdW_kBT,minimum_importance_ESS_fraction,assembly_delta_G_J,conditional_magnetic_F_J,geometric_rotation_cost_J,magnetic_plus_rotation_F_J,Udd_J,delta_Uani_J,delta_Umag_J,F_scramble_standard_error_J,nominal_posture_vdW_J,partial_F_with_nominal_vdW_J
face,200.0,2.0,1.0,4.0611532060282525e-05,-7.517335841006327,20.22291698158981,12.705581140583485,-9.516967630934989,-0.012277634891006564,-9.529245265825995,-22.234826406409482,0.00021953069119212503,-3.3043546460360385,9.401226494547446,0.12290134418950581,nan,-2.075760442309909e-20,5.584150021542998e-20,3.5083895792330896e-20,-2.6279183685365525e-20,-3.3902208669266647e-23,-2.6313085894034792e-20,6.061896585274325e-25,-9.124307875390021e-21,2.5959587916940873e-20
tip,200.0,2.0,1.0,0.0024366919236169515,-1.4636223813780191,12.034227857145611,10.570605475767591,-2.827560888320515,-0.006736025093864252,-2.8342969134143794,-13.40490238918197,0.00011619375276978135,-0.13379508650640465,10.436810389261186,0.11603354058450907,nan,-4.0414975544543616e-21,3.323008931348046e-20,2.91885917590261e-20,-7.807738225797663e-21,-1.8600172619637174e-23,-7.826338398417298e-21,3.2084557713569173e-25,-3.6944810477996215e-22,2.8819143654246136e-20
face,200.0,2.0,2.0,8.122306412056505e-05,-7.516086505230502,18.83662262046992,11.320536115239419,-9.515224728716547,-0.01217682386481636,-9.527401552581363,-20.84793766782078,0.0002219883743035677,-3.3043546460360385,8.01618146920338,0.1229218826931782,nan,-2.075415463471998e-20,5.201352836865836e-20,3.125937373393838e-20,-2.6274371012955544e-20,-3.362383938426969e-23,-2.6307994852339815e-20,6.129760539876929e-25,-9.124307875390021e-21,2.2135065858548358e-20
tip,200.0,2.0,2.0,0.0024366919236169515,-1.4636223813780191,12.034227857145611,10.570605475767591,-2.827560888320515,-0.006736025093864252,-2.8342969134143794,-13.40490238918197,0.00011619375276978135,-0.13379508650640465,10.436810389261186,0.11603354058450907,nan,-4.0414975544543616e-21,3.323008931348046e-20,2.91885917590261e-20,-7.807738225797663e-21,-1.8600172619637174e-23,-7.826338398417298e-21,3.2084557713569173e-25,-3.6944810477996215e-22,2.8819143654246136e-20
face,200.0,2.0,5.0,0.00020305766030141262,-7.507497267851441,17.004041156721613,9.496543888870171,-9.503198661680884,-0.01157426979766623,-9.51477293147855,-19.01131682034872,0.00022900663819335444,-3.3043546460360385,6.192189242834132,0.1230638286951461,nan,-2.073043719072365e-20,4.695322483797308e-20,2.622278764724943e-20,-2.6241163458102104e-20,-3.196000804375617e-23,-2.6273123466145857e-20,6.323555720300333e-25,-9.124307875390021e-21,1.7098479771859406e-20
tip,200.0,2.0,5.0,0.0024366919236169515,-1.4636223813780191,12.034227857145611,10.570605475767591,-2.827560888320515,-0.006736025093864252,-2.8342969134143794,-13.40490238918197,0.00011619375276978135,-0.13379508650640465,10.436810389261186,0.11603354058450907,nan,-4.0414975544543616e-21,3.323008931348046e-20,2.91885917590261e-20,-7.807738225797663e-21,-1.8600172619637174e-23,-7.826338398417298e-21,3.2084557713569173e-25,-3.6944810477996215e-22,2.8819143654246136e-20
face,200.0,2.0,10.0,0.00040611532060282524,-7.4783967588859,15.617746795601722,8.139350036715822,-9.462258763626696,-0.009657290295342798,-9.471916053922039,-17.611266090637862,0.00023812190722029207,-3.3043546460360385,4.834995390679783,0.12346202570044233,nan,-2.0650082013518118e-20,4.312525299120145e-20,2.247517097768333e-20,-2.612811619948487e-20,-2.6666656377949483e-23,-2.6154782855862818e-20,6.575255461635781e-25,-9.124307875390021e-21,1.3350863102293303e-20
tip,200.0,2.0,10.0,0.0024366919236169515,-1.4636223813780191,12.034227857145611,10.570605475767591,-2.827560888320515,-0.006736025093864252,-2.8342969134143794,-13.40490238918197,0.00011619375276978135,-0.13379508650640465,10.436810389261186,0.11603354058450907,nan,-4.0414975544543616e-21,3.323008931348046e-20,2.91885917590261e-20,-7.807738225797663e-21,-1.8600172619637174e-23,-7.826338398417298e-21,3.2084557713569173e-25,-3.6944810477996215e-22,2.8819143654246136e-20
face,205.0,2.0,1.0,4.0611532060282525e-05,-7.285494108589891,20.22291698158981,12.937422872999921,-9.27399376801076,-0.008376677995607953,-9.282370446006368,-22.21979331900629,0.000343070172238964,-3.223760630279062,9.71366224272086,0.12367202161460294,nan,-2.0620355818837577e-20,5.723753772081574e-20,3.6617181901978163e-20,-2.624846695471109e-20,-2.3708766800814156e-23,-2.6272175721511908e-20,9.710019549746846e-25,-9.124307875390021e-21,2.749287402658814e-20
tip,205.0,2.0,1.0,0.0024366919236169515,-1.3953233769571687,12.034227857145611,10.638904480188442,-2.701913570748914,-0.0049261316812654055,-2.7068397024301794,-13.34574418261862,0.00012949317621032604,-0.13053179171356552,10.508372688474877,0.1234562536802382,nan,-3.9492262413987035e-21,3.406084154631748e-20,3.011161530491877e-20,-7.647308252558882e-21,-1.3942580498195173e-23,-7.661250833057076e-21,3.6650847969530144e-25,-3.6944810477996224e-22,2.9742167200138806e-20
face,205.0,2.0,2.0,8.122306412056505e-05,-7.284276295923927,18.83662262046992,11.552346324545994,-9.272262366847531,-0.008316203767454861,-9.280578570614987,-20.83292489516098,0.00034344430633178973,-3.223760630279062,8.328585694266932,0.12369694285253294,nan,-2.0616909006566703e-20,5.3313866577874815e-20,3.2696957571308106e-20,-2.624356651727764e-20,-2.3537604751432213e-23,-2.6267104122029074e-20,9.720608780899922e-25,-9.124307875390021e-21,2.3572649695918092e-20
tip,205.0,2.0,2.0,0.0024366919236169515,-1.3953233769571687,12.034227857145611,10.638904480188442,-2.701913570748914,-0.0049261316812654055,-2.7068397024301794,-13.34574418261862,0.00012949317621032604,-0.13053179171356552,10.508372688474877,0.1234562536802382,nan,-3.9492262413987035e-21,3.406084154631748e-20,3.011161530491877e-20,-7.647308252558882e-21,-1.3942580498195173e-23,-7.661250833057076e-21,3.6650847969530144e-25,-3.6944810477996224e-22,2.9742167200138806e-20
face,205.0,2.0,5.0,0.00020305766030141262,-7.275957865001001,17.004041156721613,9.728083291720612,-9.260366905847167,-0.007794038904666737,-9.268160944751834,-18.996244236472446,0.00034476245160763695,-3.223760630279062,6.504322661441551,0.12386271115242777,nan,-2.0593365098229323e-20,4.812705545892241e-20,2.753369036069308e-20,-2.6209898431791523e-20,-2.2059705640362914e-23,-2.623195813743189e-20,9.757916648017464e-25,-9.124307875390021e-21,1.8409382485303063e-20
tip,205.0,2.0,5.0,0.0024366919236169515,-1.3953233769571687,12.034227857145611,10.638904480188442,-2.701913570748914,-0.0049261316812654055,-2.7068397024301794,-13.34574418261862,0.00012949317621032604,-0.13053179171356552,10.508372688474877,0.1234562536802382,nan,-3.9492262413987035e-21,3.406084154631748e-20,3.011161530491877e-20,-7.647308252558882e-21,-1.3942580498195173e-23,-7.661250833057076e-21,3.6650847969530144e-25,-3.6944810477996224e-22,2.9742167200138806e-20
face,205.0,2.0,10.0,0.00040611532060282524,-7.247856596901546,15.617746795601722,8.369890198700176,-9.2199309266169,-0.0058612103906115175,-9.225792137007511,-17.595682335707686,0.0003499373299642845,-3.223760630279062,5.146129568421115,0.12434225549323188,nan,-2.051382922344382e-20,4.4203384315981487e-20,2.3689555092537662e-20,-2.609545124850053e-20,-1.6589162242404173e-23,-2.6112040410742936e-20,9.90438280589612e-25,-9.124307875390021e-21,1.456524721714764e-20
tip,205.0,2.0,10.0,0.0024366919236169515,-1.3953233769571687,12.034227857145611,10.638904480188442,-2.701913570748914,-0.0049261316812654055,-2.7068397024301794,-13.34574418261862,0.00012949317621032604,-0.13053179171356552,10.508372688474877,0.1234562536802382,nan,-3.9492262413987035e-21,3.406084154631748e-20,3.011161530491877e-20,-7.647308252558882e-21,-1.3942580498195173e-23,-7.661250833057076e-21,3.6650847969530144e-25,-3.6944810477996224e-22,2.9742167200138806e-20
face,210.0,2.0,1.0,4.0611532060282525e-05,-7.064635534373862,20.22291698158981,13.15828144721595,-9.041648663390035,-0.011557654639480285,-9.053206318029515,-22.211487765245465,0.0003987615234399134,-3.1470044247962274,10.011277022419723,0.12440953675388837,nan,-2.048294217038525e-20,5.863357522620149e-20,3.8150633055816236e-20,-2.6215020689467656e-20,-3.3509835072722017e-23,-2.6248530524540377e-20,1.1561543670091654e-24,-9.124307875390023e-21,2.9026325180426216e-20
tip,210.0,2.0,1.0,0.0024366919236169515,-1.331509792915898,12.034227857145611,10.702718064229712,-2.5839252002552193,-0.005841080629773874,-2.589766280884993,-13.292484345114705,7.653467563334775e-05,-0.1274238919108616,10.57529417231885,0.1311818438859848,nan,-3.860530094567038e-21,3.489159377915449e-20,3.103106368458745e-20,-7.491736861995054e-21,-1.6935412473875006e-23,-7.508672274468927e-21,2.2190179909486246e-25,-3.6944810477996224e-22,3.0661615579807486e-20
face,210.0,2.0,2.0,8.122306412056505e-05,-7.063471461415011,18.83662262046992,11.77315115905491,-9.039949615428927,-0.011489255737403437,-9.051438871166331,-20.82459003022124,0.0004032713959544283,-3.1470044247962274,8.626146734258683,0.12443344561014905,nan,-2.0479567100435466e-20,5.461420478709127e-20,3.413463768665581e-20,-2.62100945328439e-20,-3.331152183363967e-23,-2.6243406054677542e-20,1.1692301240614794e-24,-9.124307875390023e-21,2.5010329811265785e-20
tip,210.0,2.0,2.0,0.0024366919236169515,-1.331509792915898,12.034227857145611,10.702718064229712,-2.5839252002552193,-0.005841080629773874,-2.589766280884993,-13.292484345114705,7.653467563334775e-05,-0.1274238919108616,10.57529417231885,0.1311818438859848,nan,-3.860530094567038e-21,3.489159377915449e-20,3.103106368458745e-20,-7.491736861995054e-21,-1.6935412473875006e-23,-7.508672274468927e-21,2.2190179909486246e-25,-3.6944810477996224e-22,3.0661615579807486e-20
face,210.0,2.0,5.0,0.00020305766030141262,-7.055478277546328,17.004041156721613,9.948562879175284,-9.028237742125098,-0.010958272858730463,-9.039196014983828,-18.987758894159114,0.00041682910388004813,-3.1470044247962274,6.801558454379057,0.12460799371756434,nan,-2.0456391959673727e-20,4.930088607987173e-20,2.8844494120198005e-20,-2.617613756189728e-20,-3.177200977468005e-23,-2.620790957167196e-20,1.2085388394300578e-24,-9.124307875390023e-21,1.9720186244807982e-20
tip,210.0,2.0,5.0,0.0024366919236169515,-1.331509792915898,12.034227857145611,10.702718064229712,-2.5839252002552193,-0.005841080629773874,-2.589766280884993,-13.292484345114705,7.653467563334775e-05,-0.1274238919108616,10.57529417231885,0.1311818438859848,nan,-3.860530094567038e-21,3.489159377915449e-20,3.103106368458745e-20,-7.491736861995054e-21,-1.6935412473875006e-23,-7.508672274468927e-21,2.2190179909486246e-25,-3.6944810477996224e-22,3.0661615579807486e-20
face,210.0,2.0,10.0,0.00040611532060282524,-7.028414676761091,15.617746795601722,8.58933211884063,-8.988343510423336,-0.009070039778183313,-8.99741355020152,-17.586745669042152,0.00043353438479556316,-3.1470044247962274,5.442327694044403,0.12515568116528078,nan,-2.03779247596166e-20,4.5281515640761523e-20,2.4903590881144916e-20,-2.6060469706577186e-20,-2.6297336834388932e-23,-2.6086767043411576e-20,1.25697351115058e-24,-9.124307875390023e-21,1.5779283005754893e-20
tip,210.0,2.0,10.0,0.0024366919236169515,-1.331509792915898,12.034227857145611,10.702718064229712,-2.5839252002552193,-0.005841080629773874,-2.589766280884993,-13.292484345114705,7.653467563334775e-05,-0.1274238919108616,10.57529417231885,0.1311818438859848,nan,-3.860530094567038e-21,3.489159377915449e-20,3.103106368458745e-20,-7.491736861995054e-21,-1.6935412473875006e-23,-7.508672274468927e-21,2.2190179909486246e-25,-3.6944810477996224e-22,3.0661615579807486e-20
face,215.0,2.0,1.0,4.0611532060282525e-05,-6.853551338416354,20.22291698158981,13.369365643173458,-8.81851469501353,-0.012100584367122766,-8.830615279380652,-22.19998092255411,0.00020501526038215338,-3.0738182753823615,10.295547367791096,0.12530006246918185,nan,-2.0344049923941384e-20,6.002961273158723e-20,3.968556280764585e-20,-2.6176838014584832e-20,-3.591931836764991e-23,-2.6212757332952482e-20,6.085663455974234e-25,-9.124307875390023e-21,3.0561254932255833e-20
tip,215.0,2.0,1.0,0.0024366919236169515,-1.2716876624277462,12.034227857145611,10.762540194717864,-2.472857401575644,-0.0055529575344173245,-2.4784103591100615,-13.240950553827926,0.00015434671988050783,-0.12446054558735317,10.63807964913051,0.13913731817056868,nan,-3.7748717438028916e-21,3.57223460119915e-20,3.1947474268188605e-20,-7.340418412050224e-21,-1.6483373323911852e-23,-7.356901785374136e-21,4.581620855810521e-25,-3.694481047799622e-22,3.157802616340864e-20
face,215.0,2.0,2.0,8.122306412056505e-05,-6.852403574000837,18.83662262046992,11.984219046469084,-8.816813066891932,-0.012115631721478901,-8.82892869861341,-20.813147745082496,0.00020302152738019331,-3.0738182753823615,8.910400771086723,0.125329459937783,nan,-2.0340642905387465e-20,5.591454299630773e-20,3.557390009092026e-20,-2.617178690958125e-20,-3.5963984864350464e-23,-2.6207750894445602e-20,6.026481578252636e-25,-9.124307875390023e-21,2.6449592215530242e-20
tip,215.0,2.0,2.0,0.0024366919236169515,-1.2716876624277462,12.034227857145611,10.762540194717864,-2.472857401575644,-0.0055529575344173245,-2.4784103591100615,-13.240950553827926,0.00015434671988050783,-0.12446054558735317,10.63807964913051,0.13913731817056868,nan,-3.7748717438028916e-21,3.57223460119915e-20,3.1947474268188605e-20,-7.340418412050224e-21,-1.6483373323911852e-23,-7.356901785374136e-21,4.581620855810521e-25,-3.694481047799622e-22,3.157802616340864e-20
face,215.0,2.0,5.0,0.00020305766030141262,-6.844621794061743,17.004041156721613,10.15941936265987,-8.805182613607926,-0.0118654442122285,-8.817048057820154,-18.976467420480024,0.00021082593819878539,-3.0738182753823615,7.085601087277508,0.1255336368054724,nan,-2.0317543506001534e-20,5.047471670082106e-20,3.0157173194819524e-20,-2.6137263126134616e-20,-3.522132942526349e-23,-2.6172484455559874e-20,6.25814734608662e-25,-9.124307875390023e-21,2.10328653194295e-20
tip,215.0,2.0,5.0,0.0024366919236169515,-1.2716876624277462,12.034227857145611,10.762540194717864,-2.472857401575644,-0.0055529575344173245,-2.4784103591100615,-13.240950553827926,0.00015434671988050783,-0.12446054558735317,10.63807964913051,0.13913731817056868,nan,-3.7748717438028916e-21,3.57223460119915e-20,3.1947474268188605e-20,-7.340418412050224e-21,-1.6483373323911852e-23,-7.356901785374136e-21,4.581620855810521e-25,-3.694481047799622e-22,3.157802616340864e-20
face,215.0,2.0,10.0,0.00040611532060282524,-6.818416525608715,15.617746795601722,8.799330269993007,-8.765693358787264,-0.010538595885966506,-8.77623195467323,-17.575562224666236,0.0002542995045796493,-3.0738182753823615,5.725511994610645,0.12617832146145996,nan,-2.0239755908980068e-20,4.635964696554156e-20,2.6119891056561488e-20,-2.6020043405749993e-20,-3.128271902343211e-23,-2.605132612477343e-20,7.548614669015348e-25,-9.124307875390023e-21,1.699558318117147e-20
tip,215.0,2.0,10.0,0.0024366919236169515,-1.2716876624277462,12.034227857145611,10.762540194717864,-2.472857401575644,-0.0055529575344173245,-2.4784103591100615,-13.240950553827926,0.00015434671988050783,-0.12446054558735317,10.63807964913051,0.13913731817056868,nan,-3.7748717438028916e-21,3.57223460119915e-20,3.1947474268188605e-20,-7.340418412050224e-21,-1.6483373323911852e-23,-7.356901785374136e-21,4.581620855810521e-25,-3.694481047799622e-22,3.157802616340864e-20
face,220.0,2.0,1.0,4.0611532060282525e-05,-6.652842595100113,20.22291698158981,13.570074386489699,-8.605568715021708,-0.011955170870136703,-8.617523885891844,-22.187598272381543,0.0003532247385353794,-3.0039587691236713,10.566115617366027,0.12618400382437714,nan,-2.0207529047381228e-20,6.142565023697299e-20,4.121812118959176e-20,-2.6138793649817213e-20,-3.6312968354703413e-23,-2.6175106618171914e-20,1.0728946404750928e-24,-9.124307875390021e-21,3.209381331420173e-20
tip,220.0,2.0,1.0,0.0024366919236169515,-1.2159373795250297,12.034227857145611,10.81829047762058,-2.368540632949867,-0.007854046477269441,-2.3763946794271367,-13.194685157047717,0.00011020292454371386,-0.12163189682400424,10.696658580796576,0.14738887768757392,nan,-3.693321999628476e-21,3.655309824482851e-20,3.285977624520003e-20,-7.194271163951522e-21,-2.385609911255027e-23,-7.218127263064073e-21,3.3473342665037883e-25,-3.694481047799622e-22,3.249032814042007e-20
face,220.0,2.0,2.0,8.122306412056505e-05,-6.651752867647197,18.83662262046992,12.184869752822724,-8.60390355811677,-0.01191436195381219,-8.615817920070581,-20.800687672893304,0.0003432506377070696,-3.0039587691236713,9.180910983699054,0.12621967124567468,nan,-2.020421907892132e-20,5.72148812055242e-20,3.701066212660287e-20,-2.6133735855942793e-20,-3.6189014217771464e-23,-2.6169924870160565e-20,1.0425990293391814e-24,-9.124307875390021e-21,2.7886354251212855e-20
tip,220.0,2.0,2.0,0.0024366919236169515,-1.2159373795250297,12.034227857145611,10.81829047762058,-2.368540632949867,-0.007854046477269441,-2.3763946794271367,-13.194685157047717,0.00011020292454371386,-0.12163189682400424,10.696658580796576,0.14738887768757392,nan,-3.693321999628476e-21,3.655309824482851e-20,3.285977624520003e-20,-7.194271163951522e-21,-2.385609911255027e-23,-7.218127263064073e-21,3.3473342665037883e-25,-3.694481047799622e-22,3.249032814042007e-20
face,220.0,2.0,5.0,0.00020305766030141262,-6.6442993307102025,17.004041156721613,10.35974182601141,-8.59247164129279,-0.011510910878766958,-8.603982552171557,-18.963724378182967,0.00031653320141582626,-3.0039587691236713,7.355783056887739,0.12645469450445984,nan,-2.0181579498620564e-20,5.164854732177039e-20,3.1466967823149826e-20,-2.6099012233974346e-20,-3.496356070648919e-23,-2.613397579468084e-20,9.6144674560343e-25,-9.124307875390021e-21,2.23426599477598e-20
tip,220.0,2.0,5.0,0.0024366919236169515,-1.2159373795250297,12.034227857145611,10.81829047762058,-2.368540632949867,-0.007854046477269441,-2.3763946794271367,-13.194685157047717,0.00011020292454371386,-0.12163189682400424,10.696658580796576,0.14738887768757392,nan,-3.693321999628476e-21,3.655309824482851e-20,3.285977624520003e-20,-7.194271163951522e-21,-2.385609911255027e-23,-7.218127263064073e-21,3.3473342665037883e-25,-3.694481047799622e-22,3.249032814042007e-20
face,220.0,2.0,10.0,0.00040611532060282524,-6.619114701599699,15.617746795601722,8.998632094002023,-8.553578760690861,-0.009975237557669327,-8.56355399824853,-17.562186092250553,0.00027999287890912713,-3.0039587691236713,5.9946733248783515,0.12719635557992123,nan,-2.010508300602763e-20,4.7437778290321596e-20,2.733269528429396e-20,-2.598087791721197e-20,-3.029906386926892e-23,-2.6011176981081238e-20,8.504581542006165e-25,-9.124307875390021e-21,1.820838740890394e-20
tip,220.0,2.0,10.0,0.0024366919236169515,-1.2159373795250297,12.034227857145611,10.81829047762058,-2.368540632949867,-0.007854046477269441,-2.3763946794271367,-13.194685157047717,0.00011020292454371386,-0.12163189682400424,10.696658580796576,0.14738887768757392,nan,-3.693321999628476e-21,3.655309824482851e-20,3.285977624520003e-20,-7.194271163951522e-21,-2.385609911255027e-23,-7.218127263064073e-21,3.3473342665037883e-25,-3.694481047799622e-22,3.249032814042007e-20
face,225.0,2.0,1.0,4.0611532060282525e-05,-6.461883764137607,20.22291698158981,13.761033217452205,-8.402217369444301,-0.010761751618504897,-8.412979121062806,-22.174012338515013,0.0001263572781824857,-2.9372041298098117,10.823829087642393,0.12700026602179976,nan,-2.0073585053413854e-20,6.282168774235873e-20,4.2748102688944886e-20,-2.6101154270038288e-20,-3.343095362325863e-23,-2.6134585223661547e-20,3.925238619720841e-25,-9.124307875390021e-21,3.3623794813554866e-20
tip,225.0,2.0,1.0,0.0024366919236169515,-1.163766988959024,12.034227857145611,10.870460868186587,-2.270289183018159,-0.005326282883054038,-2.275615465901213,-13.1460763340878,0.0001331921795964973,-0.11892896578347081,10.751531902403116,0.15596251808668168,nan,-3.6151958914633974e-21,3.738385047766552e-20,3.376865458620212e-20,-7.052563103050886e-21,-1.654588605646277e-23,-7.069108989107349e-21,4.1375621152738e-25,-3.694481047799622e-22,3.339920648142216e-20
face,225.0,2.0,2.0,8.122306412056505e-05,-6.460846067637493,18.83662262046992,12.375776552832427,-8.400582502924047,-0.010701989223952515,-8.411284492147999,-20.787061044980426,0.00011832339531156347,-2.9372041298098117,9.438572423022615,0.12703591705830586,nan,-2.0070361490484683e-20,5.851521941474066e-20,3.844485792425596e-20,-2.6096075622179062e-20,-3.324530412013684e-23,-2.6129320926299198e-20,3.6756692418040826e-25,-9.124307875390021e-21,2.932055004886594e-20
tip,225.0,2.0,2.0,0.0024366919236169515,-1.163766988959024,12.034227857145611,10.870460868186587,-2.270289183018159,-0.005326282883054038,-2.275615465901213,-13.1460763340878,0.0001331921795964973,-0.11892896578347081,10.751531902403116,0.15596251808668168,nan,-3.6151958914633974e-21,3.738385047766552e-20,3.376865458620212e-20,-7.052563103050886e-21,-1.654588605646277e-23,-7.069108989107349e-21,4.1375621152738e-25,-3.694481047799622e-22,3.339920648142216e-20
face,225.0,2.0,5.0,0.00020305766030141262,-6.453699738030158,17.004041156721613,10.550341418691454,-8.389337863831804,-0.010225804484481477,-8.399563668316285,-18.94990508700774,9.811278871523596e-05,-2.9372041298098117,7.613137288881642,0.12728568589863773,nan,-2.0048161701626102e-20,5.2822377942719713e-20,3.2774216241093614e-20,-2.6061144597813414e-20,-3.176605515531345e-23,-2.6092910652968723e-20,3.0478347816052906e-25,-9.124307875390021e-21,2.364990836570359e-20
tip,225.0,2.0,5.0,0.0024366919236169515,-1.163766988959024,12.034227857145611,10.870460868186587,-2.270289183018159,-0.005326282883054038,-2.275615465901213,-13.1460763340878,0.0001331921795964973,-0.11892896578347081,10.751531902403116,0.15596251808668168,nan,-3.6151958914633974e-21,3.738385047766552e-20,3.376865458620212e-20,-7.052563103050886e-21,-1.654588605646277e-23,-7.069108989107349e-21,4.1375621152738e-25,-3.694481047799622e-22,3.339920648142216e-20
face,225.0,2.0,10.0,0.00040611532060282524,-6.429494974334043,15.617746795601722,9.188251821267679,-8.351056885036057,-0.008516519521729847,-8.359573404557787,-17.547825225825466,8.823166173158799e-05,-2.9372041298098117,6.251047691457867,0.12809881425199507,nan,-1.9972970565343477e-20,4.851590961510163e-20,2.8542939049758146e-20,-2.5942226258853333e-20,-2.6456229362602783e-23,-2.596868248821594e-20,2.740881499606243e-25,-9.124307875390021e-21,1.941863117436813e-20
tip,225.0,2.0,10.0,0.0024366919236169515,-1.163766988959024,12.034227857145611,10.870460868186587,-2.270289183018159,-0.005326282883054038,-2.275615465901213,-13.1460763340878,0.0001331921795964973,-0.11892896578347081,10.751531902403116,0.15596251808668168,nan,-3.6151958914633974e-21,3.738385047766552e-20,3.376865458620212e-20,-7.052563103050886e-21,-1.654588605646277e-23,-7.069108989107349e-21,4.1375621152738e-25,-3.694481047799622e-22,3.339920648142216e-20
face,230.0,2.0,1.0,4.0611532060282525e-05,-6.278881969907582,20.22291698158981,13.94403501168223,-8.20657728467841,-0.01084950716883936,-8.217426791847249,-22.161461803529477,0.0002841656893693103,-2.8733518661182944,11.070683145563935,0.12794162232960943,nan,-1.9938543859603147e-20,6.421772524774449e-20,4.4279181388141335e-20,-2.6059926259482116e-20,-3.445253081324706e-23,-2.6094378790295358e-20,9.023660721827127e-25,-9.124307875390023e-21,3.5154873512751315e-20
tip,230.0,2.0,1.0,0.0024366919236169515,-1.1147548472406277,12.034227857145611,10.919473009904983,-2.177765128993485,-0.005919045249951665,-2.183684174243437,-13.10315718414842,0.0001307426663209553,-0.11634355348383013,10.803129456421154,0.16473556759831515,nan,-3.5398958797022286e-21,3.8214602710502533e-20,3.4674706830800307e-20,-6.915477269433372e-21,-1.879588498219119e-23,-6.934273154415562e-21,4.151723824807294e-25,-3.694481047799622e-22,3.430525872602034e-20
face,230.0,2.0,2.0,8.122306412056505e-05,-6.277893335928113,18.83662262046992,12.558729284541808,-8.204975527876528,-0.010748040942113877,-8.21572356881864,-20.77445285336045,0.0002858425226231795,-2.8733518661182944,9.685377418423514,0.12798310867306412,nan,-1.993540445961837e-20,5.98155576239571e-20,3.988015316433874e-20,-2.605483989245056e-20,-3.413032555098374e-23,-2.608897021800154e-20,9.076908439394914e-25,-9.124307875390023e-21,3.0755845288948716e-20
tip,230.0,2.0,2.0,0.0024366919236169515,-1.1147548472406277,12.034227857145611,10.919473009904983,-2.177765128993485,-0.005919045249951665,-2.183684174243437,-13.10315718414842,0.0001307426663209553,-0.11634355348383013,10.803129456421154,0.16473556759831515,nan,-3.5398958797022286e-21,3.8214602710502533e-20,3.4674706830800307e-20,-6.915477269433372e-21,-1.879588498219119e-23,-6.934273154415562e-21,4.151723824807294e-25,-3.694481047799622e-22,3.430525872602034e-20
face,230.0,2.0,5.0,0.00020305766030141262,-6.2710372323133745,17.004041156721613,10.733003924408237,-8.193924447174368,-0.010154877610718954,-8.204079324785086,-18.93708324919332,0.00029651217899845643,-2.8733518661182944,7.859652058289942,0.12826065233907832,nan,-1.9913632952639326e-20,5.399620856366904e-20,3.4082575611029713e-20,-2.601974726635374e-20,-3.224673972223148e-23,-2.605199400607597e-20,9.415722598706917e-25,-9.124307875390023e-21,2.495826773563969e-20
tip,230.0,2.0,5.0,0.0024366919236169515,-1.1147548472406277,12.034227857145611,10.919473009904983,-2.177765128993485,-0.005919045249951665,-2.183684174243437,-13.10315718414842,0.0001307426663209553,-0.11634355348383013,10.803129456421154,0.16473556759831515,nan,-3.5398958797022286e-21,3.8214602710502533e-20,3.4674706830800307e-20,-6.915477269433372e-21,-1.879588498219119e-23,-6.934273154415562e-21,4.151723824807294e-25,-3.694481047799622e-22,3.430525872602034e-20
face,230.0,2.0,10.0,0.00040611532060282524,-6.247755865163063,15.617746795601722,9.369990930438659,-8.15625437596125,-0.00828561632592104,-8.164539992287171,-17.53453092272583,0.0003305224602459636,-2.8733518661182944,6.496639064320364,0.12915949757812462,nan,-1.9839703141207493e-20,4.959404093988167e-20,2.975433779867417e-20,-2.590012623020801e-20,-2.6310914157963085e-23,-2.592643714436597e-20,1.0495716596970976e-24,-9.124307875390023e-21,2.0630029923284147e-20
tip,230.0,2.0,10.0,0.0024366919236169515,-1.1147548472406277,12.034227857145611,10.919473009904983,-2.177765128993485,-0.005919045249951665,-2.183684174243437,-13.10315718414842,0.0001307426663209553,-0.11634355348383013,10.803129456421154,0.16473556759831515,nan,-3.5398958797022286e-21,3.8214602710502533e-20,3.4674706830800307e-20,-6.915477269433372e-21,-1.879588498219119e-23,-6.934273154415562e-21,4.151723824807294e-25,-3.694481047799622e-22,3.430525872602034e-20
face,235.0,2.0,1.0,4.0611532060282525e-05,-6.103905712946101,20.22291698158981,14.11901126864371,-8.018328355720843,-0.015481326794075084,-8.033809682514919,-22.15282095115863,0.0004709358860564998,-2.812216720030671,11.30679454861304,0.12889602125404578,nan,-1.9804275598882307e-20,6.561376275313024e-20,4.580948715424792e-20,-2.6015668011094423e-20,-5.022955413874548e-23,-2.606589756523317e-20,1.527963326347848e-24,-9.124307875390021e-21,3.668517927885791e-20
tip,235.0,2.0,1.0,0.0024366919236169515,-1.0687440036237794,12.034227857145611,10.965483853521832,-2.0905684225350205,-0.004992349078165566,-2.095560771613186,-13.061044625135018,0.00020451576469723831,-0.11386815872885503,10.851615694792976,0.17371088405641308,nan,-3.467566798669044e-21,3.9045354943339544e-20,3.55777881446705e-20,-6.782901824710701e-21,-1.6197802141687498e-23,-6.799099626852389e-21,6.635565421316718e-25,-3.694481047799622e-22,3.520834003989054e-20
face,235.0,2.0,2.0,8.122306412056505e-05,-6.102959183305875,18.83662262046992,12.733663437164047,-8.016773878321843,-0.015371851747126769,-8.032145730068969,-20.765809167233016,0.00046329120842806117,-2.812216720030671,9.921446717133376,0.12894057207968393,nan,-1.980120455965937e-20,6.111589583317357e-20,4.13146912735142e-20,-2.601062447007826e-20,-4.987435959562424e-23,-2.6060498829673882e-20,1.5031599775187365e-24,-9.124307875390021e-21,3.219038339812418e-20
tip,235.0,2.0,2.0,0.0024366919236169515,-1.0687440036237794,12.034227857145611,10.965483853521832,-2.0905684225350205,-0.004992349078165566,-2.095560771613186,-13.061044625135018,0.00020451576469723831,-0.11386815872885503,10.851615694792976,0.17371088405641308,nan,-3.467566798669044e-21,3.9045354943339544e-20,3.55777881446705e-20,-6.782901824710701e-21,-1.6197802141687498e-23,-6.799099626852389e-21,6.635565421316718e-25,-3.694481047799622e-22,3.520834003989054e-20
face,235.0,2.0,5.0,0.00020305766030141262,-6.096369246955466,17.004041156721613,10.907671909766147,-8.005960175290086,-0.014741603109590128,-8.020701778399676,-18.928373688165824,0.0004416564085131312,-2.812216720030671,8.095455189735477,0.12923818519195224,nan,-1.9779823345433572e-20,5.517003918461837e-20,3.5390215839184797e-20,-2.5975539138627094e-20,-4.782950204038338e-23,-2.6023368640667476e-20,1.4329653250795284e-24,-9.124307875390021e-21,2.626590796379478e-20
tip,235.0,2.0,5.0,0.0024366919236169515,-1.0687440036237794,12.034227857145611,10.965483853521832,-2.0905684225350205,-0.004992349078165566,-2.095560771613186,-13.061044625135018,0.00020451576469723831,-0.11386815872885503,10.851615694792976,0.17371088405641308,nan,-3.467566798669044e-21,3.9045354943339544e-20,3.55777881446705e-20,-6.782901824710701e-21,-1.6197802141687498e-23,-6.799099626852389e-21,6.635565421316718e-25,-3.694481047799622e-22,3.520834003989054e-20
face,235.0,2.0,10.0,0.00040611532060282524,-6.073960368122524,15.617746795601722,9.543786427479198,-7.9689795957833045,-0.012764015418801667,-7.9817436112021065,-17.525530038681303,0.00041288750082779354,-2.812216720030671,6.731569707448527,0.1302111787987406,nan,-1.970711717447679e-20,5.0672172264661705e-20,3.096505509018491e-20,-2.585555471835577e-20,-4.141316904128979e-23,-2.5896967887397056e-20,1.3396238805564221e-24,-9.124307875390021e-21,2.184074721479489e-20
tip,235.0,2.0,10.0,0.0024366919236169515,-1.0687440036237794,12.034227857145611,10.965483853521832,-2.0905684225350205,-0.004992349078165566,-2.095560771613186,-13.061044625135018,0.00020451576469723831,-0.11386815872885503,10.851615694792976,0.17371088405641308,nan,-3.467566798669044e-21,3.9045354943339544e-20,3.55777881446705e-20,-6.782901824710701e-21,-1.6197802141687498e-23,-6.799099626852389e-21,6.635565421316718e-25,-3.694481047799622e-22,3.520834003989054e-20
face,240.0,2.0,1.0,4.0611532060282525e-05,-5.937132115177786,20.22291698158981,14.285784866412026,-7.838453685888364,-0.014057744060923544,-7.8525114299492875,-22.138296296361315,0.00020076644086831422,-2.753628871696699,11.532155994715328,0.12988567582198202,nan,-1.9673029242451427e-20,6.700980025851598e-20,4.733677101606456e-20,-2.59731677831234e-20,-4.658114467192807e-23,-2.6019748927795333e-20,6.6525116596415325e-25,-9.124307875390021e-21,3.821246314067454e-20
tip,240.0,2.0,1.0,0.0024366919236169515,-1.0256239752250844,12.034227857145611,11.008603881920527,-2.0083040075356,-0.0038648548392446556,-2.012168862374845,-13.020772744295371,0.00011862864839146547,-0.11149590542200388,10.897107976498523,0.18304210215444955,nan,-3.39846411784929e-21,3.9876107176176555e-20,3.647764305832727e-20,-6.654631007280045e-21,-1.2806419125475907e-23,-6.6674374264055216e-21,3.930828594552682e-25,-3.694481047799622e-22,3.610819495354731e-20
face,240.0,2.0,2.0,8.122306412056505e-05,-5.936210049336953,18.83662262046992,12.900412571132968,-7.836916283913377,-0.014014457813076975,-7.8509307417264536,-20.751343312859422,0.00020427611378462377,-2.753628871696699,10.14678369943627,0.1299313132539116,nan,-1.9669973924176836e-20,6.241623404239003e-20,4.274626011821319e-20,-2.596807351312493e-20,-4.643771319640059e-23,-2.601451122632133e-20,6.768806693295049e-25,-9.124307875390021e-21,3.362195224282317e-20
tip,240.0,2.0,2.0,0.0024366919236169515,-1.0256239752250844,12.034227857145611,11.008603881920527,-2.0083040075356,-0.0038648548392446556,-2.012168862374845,-13.020772744295371,0.00011862864839146547,-0.11149590542200388,10.897107976498523,0.18304210215444955,nan,-3.39846411784929e-21,3.9876107176176555e-20,3.647764305832727e-20,-6.654631007280045e-21,-1.2806419125475907e-23,-6.6674374264055216e-21,3.930828594552682e-25,-3.694481047799622e-22,3.610819495354731e-20
face,240.0,2.0,5.0,0.00020305766030141262,-5.929825345454627,17.004041156721613,11.074215811266985,-7.826249888450579,-0.013604037812444701,-7.839853926263023,-18.914069737530006,0.00021674175302416565,-2.753628871696699,8.320586939570287,0.13024408760843112,nan,-1.9648817840103805e-20,5.63438698055677e-20,3.6695051965463884e-20,-2.593272979737457e-20,-4.5077762884113514e-23,-2.5977807560258683e-20,7.181862829705471e-25,-9.124307875390021e-21,2.7570744090073864e-20
tip,240.0,2.0,5.0,0.0024366919236169515,-1.0256239752250844,12.034227857145611,11.008603881920527,-2.0083040075356,-0.0038648548392446556,-2.012168862374845,-13.020772744295371,0.00011862864839146547,-0.11149590542200388,10.897107976498523,0.18304210215444955,nan,-3.39846411784929e-21,3.9876107176176555e-20,3.647764305832727e-20,-6.654631007280045e-21,-1.2806419125475907e-23,-6.6674374264055216e-21,3.930828594552682e-25,-3.694481047799622e-22,3.610819495354731e-20
face,240.0,2.0,10.0,0.00040611532060282524,-5.908162695062981,15.617746795601722,9.709584100538741,-7.789809130344522,-0.012068297424431539,-7.801877427768954,-17.511461528307695,0.0002414900324049043,-2.753628871696699,6.9559552288420425,0.13128562372589497,nan,-1.9577037400262426e-20,5.1750303589441736e-20,3.217326618917931e-20,-2.5811981246402484e-20,-3.998899864978555e-23,-2.5851970245052266e-20,8.00191132199517e-25,-9.124307875390021e-21,2.304895831378929e-20
tip,240.0,2.0,10.0,0.0024366919236169515,-1.0256239752250844,12.034227857145611,11.008603881920527,-2.0083040075356,-0.0038648548392446556,-2.012168862374845,-13.020772744295371,0.00011862864839146547,-0.11149590542200388,10.897107976498523,0.18304210215444955,nan,-3.39846411784929e-21,3.9876107176176555e-20,3.647764305832727e-20,-6.654631007280045e-21,-1.2806419125475907e-23,-6.6674374264055216e-21,3.930828594552682e-25,-3.694481047799622e-22,3.610819495354731e-20
face,245.0,2.0,1.0,4.0611532060282525e-05,-5.777052593210577,20.22291698158981,14.445864388379235,-7.664964195297058,-0.012625323794513244,-7.677589519091571,-22.123453907470804,0.00016609564508467578,-2.697432364111052,11.748432024268183,0.13086672096775157,nan,-1.9541400620120795e-20,6.840583776390174e-20,4.886443714378094e-20,-2.5927431620618086e-20,-4.270629464534875e-23,-2.597013791526343e-20,5.618334764117557e-25,-9.124307875390023e-21,3.974012926839092e-20
tip,245.0,2.0,1.0,0.0024366919236169515,-0.984995374650633,12.034227857145611,11.049232482494977,-1.9306363414878853,-0.0042161404676411005,-1.9348524819555264,-12.984084964450503,0.00012212666537598623,-0.1092204787807385,10.940012003714239,0.1924876202277983,nan,-3.3318355535892538e-21,4.0706859409013566e-20,3.7375023855424314e-20,-6.530551278885324e-21,-1.4261474795245136e-23,-6.544812753680568e-21,4.1310444314049058e-25,-3.694481047799622e-22,3.700557575064435e-20
face,245.0,2.0,2.0,8.122306412056505e-05,-5.776160500004564,18.83662262046992,13.060462120465356,-7.663437704337208,-0.012568873013336803,-7.676006577350545,-20.7364686978159,0.00016822708787350065,-2.697432364111052,10.363029756354305,0.13091884503207368,nan,-1.9538383034518463e-20,6.371657225160649e-20,4.417818921708802e-20,-2.5922268127485883e-20,-4.2515344794626595e-23,-2.5964783472280514e-20,5.69043273581379e-25,-9.124307875390023e-21,3.5053881341698e-20
tip,245.0,2.0,2.0,0.0024366919236169515,-0.984995374650633,12.034227857145611,11.049232482494977,-1.9306363414878853,-0.0042161404676411005,-1.9348524819555264,-12.984084964450503,0.00012212666537598623,-0.1092204787807385,10.940012003714239,0.1924876202277983,nan,-3.3318355535892538e-21,4.0706859409013566e-20,3.7375023855424314e-20,-6.530551278885324e-21,-1.4261474795245136e-23,-6.544812753680568e-21,4.1310444314049058e-25,-3.694481047799622e-22,3.700557575064435e-20
face,245.0,2.0,5.0,0.00020305766030141262,-5.769993459697737,17.004041156721613,11.234047697023875,-7.652899764708867,-0.012140039291356926,-7.665039804000224,-18.8990875010241,0.0001729859197057349,-2.697432364111052,8.536615332912824,0.13126197548856663,nan,-1.9517522465338644e-20,5.751770042651702e-20,3.8000177961178376e-20,-2.5886622597751555e-20,-4.106477611355299e-23,-2.592768737386511e-20,5.851404507867178e-25,-9.124307875390023e-21,2.8875870085788357e-20
tip,245.0,2.0,5.0,0.0024366919236169515,-0.984995374650633,12.034227857145611,11.049232482494977,-1.9306363414878853,-0.0042161404676411005,-1.9348524819555264,-12.984084964450503,0.00012212666537598623,-0.1092204787807385,10.940012003714239,0.1924876202277983,nan,-3.3318355535892538e-21,4.0706859409013566e-20,3.7375023855424314e-20,-6.530551278885324e-21,-1.4261474795245136e-23,-6.544812753680568e-21,4.1310444314049058e-25,-3.694481047799622e-22,3.700557575064435e-20
face,245.0,2.0,10.0,0.00040611532060282524,-5.749088308883419,15.617746795601722,9.868658486718303,-7.616975100200329,-0.010635713397436412,-7.627610813597766,-17.49626930031607,0.00017405332845048596,-2.697432364111052,7.171226122607251,0.13239599741698257,nan,-1.944680891020038e-20,5.282843491422177e-20,3.338162600402139e-20,-2.5765104185035387e-20,-3.59762583128201e-23,-2.580108044334821e-20,5.887510569859957e-25,-9.124307875390023e-21,2.425731812863137e-20
tip,245.0,2.0,10.0,0.0024366919236169515,-0.984995374650633,12.034227857145611,11.049232482494977,-1.9306363414878853,-0.0042161404676411005,-1.9348524819555264,-12.984084964450503,0.00012212666537598623,-0.1092204787807385,10.940012003714239,0.1924876202277983,nan,-3.3318355535892538e-21,4.0706859409013566e-20,3.7375023855424314e-20,-6.530551278885324e-21,-1.4261474795245136e-23,-6.544812753680568e-21,4.1310444314049058e-25,-3.694481047799622e-22,3.700557575064435e-20
face,250.0,2.0,1.0,4.0611532060282525e-05,-5.623852069545028,20.22291698158981,14.599064912044785,-7.4982810451802635,-0.01211591672697427,-7.5103969619072375,-22.10946187395202,0.0003451096546803877,-2.6434837168288308,11.955581195215954,0.13188858162196157,nan,-1.9411414339913186e-20,6.980187526928748e-20,5.03904609293743e-20,-2.5881235566867717e-20,-4.1819570782950753e-23,-2.5923055137650665e-20,1.1911882490620567e-24,-9.124307875390023e-21,4.126615305398428e-20
tip,250.0,2.0,1.0,0.0024366919236169515,-0.9467807284598686,12.034227857145611,11.087447128685742,-1.8573289038716099,-0.0038561638292335604,-1.8611850677008435,-12.948632196386585,7.983844966044784e-05,-0.10703606920512374,10.980411059480618,0.20201142331115138,nan,-3.2679296649184733e-21,4.153761164185058e-20,3.82696819769321e-20,-6.410798234503586e-21,-1.3310021836668715e-23,-6.4241082563402544e-21,2.7557218921311915e-25,-3.694481047799622e-22,3.7900233872152144e-20
face,250.0,2.0,2.0,8.122306412056505e-05,-5.6229997340614695,18.83662262046992,13.213622886408452,-7.496804982602306,-0.012035464187657911,-7.508840446789964,-20.722463333198416,0.00034412381738050014,-2.6434837168288308,10.57013916957962,0.13193789955137283,nan,-1.9408472399580587e-20,6.501691046082294e-20,4.560843806124236e-20,-2.587614075606223e-20,-4.1541878988064265e-23,-2.5917682635050294e-20,1.1877855108564254e-24,-9.124307875390023e-21,3.648413018585234e-20
tip,250.0,2.0,2.0,0.0024366919236169515,-0.9467807284598686,12.034227857145611,11.087447128685742,-1.8573289038716099,-0.0038561638292335604,-1.8611850677008435,-12.948632196386585,7.983844966044784e-05,-0.10703606920512374,10.980411059480618,0.20201142331115138,nan,-3.2679296649184733e-21,4.153761164185058e-20,3.82696819769321e-20,-6.410798234503586e-21,-1.3310021836668715e-23,-6.4241082563402544e-21,2.7557218921311915e-25,-3.694481047799622e-22,3.7900233872152144e-20
face,250.0,2.0,5.0,0.00020305766030141262,-5.61707965403019,17.004041156721613,11.386961502691422,-7.486526351878046,-0.01154858788226057,-7.498074939760307,-18.885036442451728,0.0003430983392660165,-2.6434837168288308,8.743477785862591,0.13228389202920915,nan,-1.9388038518142824e-20,5.869153104746635e-20,3.930349252932353e-20,-2.5840662802985182e-20,-3.9861365777637937e-23,-2.588052416876282e-20,1.184245947523216e-24,-9.124307875390023e-21,3.01791846539335e-20
tip,250.0,2.0,5.0,0.0024366919236169515,-0.9467807284598686,12.034227857145611,11.087447128685742,-1.8573289038716099,-0.0038561638292335604,-1.8611850677008435,-12.948632196386585,7.983844966044784e-05,-0.10703606920512374,10.980411059480618,0.20201142331115138,nan,-3.2679296649184733e-21,4.153761164185058e-20,3.82696819769321e-20,-6.410798234503586e-21,-1.3310021836668715e-23,-6.4241082563402544e-21,2.7557218921311915e-25,-3.694481047799622e-22,3.7900233872152144e-20
face,250.0,2.0,10.0,0.00040611532060282524,-5.596975451436043,15.617746795601722,10.020771344165679,-7.451365369208826,-0.010006447248296788,-7.461371816457123,-17.4821431606228,0.00034327070115381183,-2.6434837168288308,7.377287627336848,0.1334437891248359,nan,-1.9318646400124304e-20,5.390656623900181e-20,3.458791983887751e-20,-2.5719300364081992e-20,-3.453847846728428e-23,-2.5753838842549276e-20,1.184840875693273e-24,-9.124307875390023e-21,2.5463611963487482e-20
tip,250.0,2.0,10.0,0.0024366919236169515,-0.9467807284598686,12.034227857145611,11.087447128685742,-1.8573289038716099,-0.0038561638292335604,-1.8611850677008435,-12.948632196386585,7.983844966044784e-05,-0.10703606920512374,10.980411059480618,0.20201142331115138,nan,-3.2679296649184733e-21,4.153761164185058e-20,3.82696819769321e-20,-6.410798234503586e-21,-1.3310021836668715e-23,-6.4241082563402544e-21,2.7557218921311915e-25,-3.694481047799622e-22,3.7900233872152144e-20
face,255.0,2.0,1.0,4.0611532060282525e-05,-5.476518085797625,20.22291698158981,14.746398895792186,-7.337003170311384,-0.013605961198543782,-7.350609131509928,-22.097008027302113,9.42370820890181e-05,-2.591650702773363,12.154748193018824,0.1329873740577463,nan,-1.928093050752793e-20,7.119791277467323e-20,5.1916982267145296e-20,-2.5831056529722468e-20,-4.7901894643161106e-23,-2.587895842436563e-20,3.3177624953025796e-25,-9.12430787539002e-21,4.2792674391755276e-20
tip,255.0,2.0,1.0,0.0024366919236169515,-0.9105370608165357,12.034227857145611,11.123690796329075,-1.7878636122273326,-0.0036115199469361186,-1.7914751321742688,-12.915165928503344,0.00010463797881701576,-0.10493732275012128,11.018753473578954,0.21172328928566692,nan,-3.205686810322188e-21,4.236836387468759e-20,3.9162677064365405e-20,-6.2944508763130396e-21,-1.2714915578204384e-23,-6.307165791891244e-21,3.683942180801217e-25,-3.694481047799621e-22,3.879322895958544e-20
face,255.0,2.0,2.0,8.122306412056505e-05,-5.475686572706498,18.83662262046992,13.360936047763424,-7.335537794366106,-0.013555249702218882,-7.349093044068325,-20.71002909183175,0.00010154513306228111,-2.591650702773363,10.769285344990061,0.13304319714675822,nan,-1.9278003036847665e-20,6.63172486700394e-20,4.7039245633191737e-20,-2.5825897446647114e-20,-4.772335696260294e-23,-2.5873620803609717e-20,3.575053753641287e-25,-9.12430787539002e-21,3.791493775780172e-20
tip,255.0,2.0,2.0,0.0024366919236169515,-0.9105370608165357,12.034227857145611,11.123690796329075,-1.7878636122273326,-0.0036115199469361186,-1.7914751321742688,-12.915165928503344,0.00010463797881701576,-0.10493732275012128,11.018753473578954,0.21172328928566692,nan,-3.205686810322188e-21,4.236836387468759e-20,3.9162677064365405e-20,-6.2944508763130396e-21,-1.2714915578204384e-23,-6.307165791891244e-21,3.683942180801217e-25,-3.694481047799621e-22,3.879322895958544e-20
face,255.0,2.0,5.0,0.00020305766030141262,-5.469953245018264,17.004041156721613,11.534087911703349,-7.325401010925674,-0.013128397813880565,-7.3385294087395545,-18.872617320442902,0.00012365832219098455,-2.591650702773363,8.942437208929986,0.1334194438387042,nan,-1.9257817968342113e-20,5.986536166841568e-20,4.0607543700073556e-20,-2.5790209329850477e-20,-4.622055874900779e-23,-2.583642988859949e-20,4.353582841303846e-25,-9.12430787539002e-21,3.148323582468354e-20
tip,255.0,2.0,5.0,0.0024366919236169515,-0.9105370608165357,12.034227857145611,11.123690796329075,-1.7878636122273326,-0.0036115199469361186,-1.7914751321742688,-12.915165928503344,0.00010463797881701576,-0.10493732275012128,11.018753473578954,0.21172328928566692,nan,-3.205686810322188e-21,4.236836387468759e-20,3.9162677064365405e-20,-6.2944508763130396e-21,-1.2714915578204384e-23,-6.307165791891244e-21,3.683942180801217e-25,-3.694481047799621e-22,3.879322895958544e-20
face,255.0,2.0,10.0,0.00040611532060282524,-5.450547748799511,15.617746795601722,10.16719904680221,-7.290829934972807,-0.011568806356224376,-7.302398741329031,-17.469597788131242,0.0001594733780666375,-2.591650702773363,7.575548344028848,0.13468434757286632,nan,-1.9189497912022356e-20,5.498469756378184e-20,3.579519965175948e-20,-2.5668496500170195e-20,-4.072977536363281e-23,-2.5709226275533825e-20,5.614507378835288e-25,-9.12430787539002e-21,2.6670891776369466e-20
tip,255.0,2.0,10.0,0.0024366919236169515,-0.9105370608165357,12.034227857145611,11.123690796329075,-1.7878636122273326,-0.0036115199469361186,-1.7914751321742688,-12.915165928503344,0.00010463797881701576,-0.10493732275012128,11.018753473578954,0.21172328928566692,nan,-3.205686810322188e-21,4.236836387468759e-20,3.9162677064365405e-20,-6.2944508763130396e-21,-1.2714915578204384e-23,-6.307165791891244e-21,3.683942180801217e-25,-3.694481047799621e-22,3.879322895958544e-20
face,260.0,2.0,1.0,4.0611532060282525e-05,-5.335380581434286,20.22291698158981,14.887536400155525,-7.1820371772915,-0.01446816703702937,-7.196505344328529,-22.084041744484054,0.00011405871885998502,-2.541811266181568,12.345725133973957,0.13409875687788494,nan,-1.915234844737933e-20,7.259395028005899e-20,5.3441601832679654e-20,-2.5781268361654867e-20,-5.1936196913919667e-23,-2.5833204558568786e-20,4.094351459518306e-25,-9.12430787539002e-21,4.431729395728963e-20
tip,260.0,2.0,1.0,0.0024366919236169515,-0.8764328746406049,12.034227857145611,11.157794982505006,-1.722219942349116,-0.0018557371646708595,-1.7240756795137868,-12.881870662018793,8.351089873636782e-05,-0.10291929731261897,11.054875685192387,0.22159218725082921,nan,-3.1461200470431594e-21,4.31991161075246e-20,4.005299606048145e-20,-6.182231227079349e-21,-6.66151631773071e-24,-6.188892743397079e-21,2.997780209566155e-25,-3.694481047799622e-22,3.968354795570148e-20
face,260.0,2.0,2.0,8.122306412056505e-05,-5.334572279356942,18.83662262046992,13.50205034111298,-7.180587556974136,-0.014453328840777907,-7.195040885814914,-20.697091226927895,0.0001146203446826782,-2.541811266181568,10.960239074931412,0.13415457445733103,nan,-1.9149446895596895e-20,6.761758687925586e-20,4.846813998365897e-20,-2.577606467786684e-20,-5.188293242779706e-23,-2.5827947610294637e-20,4.1145120709106696e-25,-9.12430787539002e-21,3.9343832108268946e-20
tip,260.0,2.0,2.0,0.0024366919236169515,-0.8764328746406049,12.034227857145611,11.157794982505006,-1.722219942349116,-0.0018557371646708595,-1.7240756795137868,-12.881870662018793,8.351089873636782e-05,-0.10291929731261897,11.054875685192387,0.22159218725082921,nan,-3.1461200470431594e-21,4.31991161075246e-20,4.005299606048145e-20,-6.182231227079349e-21,-6.66151631773071e-24,-6.188892743397079e-21,2.997780209566155e-25,-3.694481047799622e-22,3.968354795570148e-20
face,260.0,2.0,5.0,0.00020305766030141262,-5.329026606889499,17.004041156721613,11.675014549832113,-7.170605385718763,-0.014134933392774546,-7.184740319111538,-18.85975486894365,0.00012178987153036712,-2.541811266181568,9.133203283650545,0.13454282236176285,nan,-1.912953966501599e-20,6.1039192289365e-20,4.190965262434901e-20,-2.5740231803486784e-20,-5.0739992299882044e-23,-2.579097179578667e-20,4.371875672801776e-25,-9.12430787539002e-21,3.278534474895899e-20
tip,260.0,2.0,5.0,0.0024366919236169515,-0.8764328746406049,12.034227857145611,11.157794982505006,-1.722219942349116,-0.0018557371646708595,-1.7240756795137868,-12.881870662018793,8.351089873636782e-05,-0.10291929731261897,11.054875685192387,0.22159218725082921,nan,-3.1461200470431594e-21,4.31991161075246e-20,4.005299606048145e-20,-6.182231227079349e-21,-6.66151631773071e-24,-6.188892743397079e-21,2.997780209566155e-25,-3.694481047799622e-22,3.968354795570148e-20
face,260.0,2.0,10.0,0.00040611532060282524,-5.310298255155579,15.617746795601722,10.307448540446142,-7.136634153557823,-0.012756182947162707,-7.149390336504986,-17.456838876951128,0.0001519832492939064,-2.541811266181568,7.765637274264574,0.13586657045276523,nan,-1.9062310736773968e-20,5.606282888856188e-20,3.700051815178791e-20,-2.5618285699436185e-20,-4.579070919752484e-23,-2.566407640863371e-20,5.455723550013948e-25,-9.12430787539002e-21,2.787621027639788e-20
tip,260.0,2.0,10.0,0.0024366919236169515,-0.8764328746406049,12.034227857145611,11.157794982505006,-1.722219942349116,-0.0018557371646708595,-1.7240756795137868,-12.881870662018793,8.351089873636782e-05,-0.10291929731261897,11.054875685192387,0.22159218725082921,nan,-3.1461200470431594e-21,4.31991161075246e-20,4.005299606048145e-20,-6.182231227079349e-21,-6.66151631773071e-24,-6.188892743397079e-21,2.997780209566155e-25,-3.694481047799622e-22,3.968354795570148e-20
face,265.0,2.0,1.0,4.0611532060282525e-05,-5.199813727740925,20.22291698158981,15.023103253848888,-7.032210216485823,-0.01353906095886842,-7.045749277444692,-22.06885253129358,0.0001321787352811758,-2.493852563046067,12.52925069080282,0.13525044481720164,nan,-1.902466170198822e-20,7.398998778544473e-20,5.496532608345652e-20,-2.572888710842948e-20,-4.953563108057193e-23,-2.5778422739510053e-20,4.836049625211333e-25,-9.124307875390021e-21,4.5841018208066496e-20
tip,265.0,2.0,1.0,0.0024366919236169515,-0.8441240051230683,12.034227857145611,11.190103852022542,-1.6599390978694717,-0.002060391365308535,-1.6619994892347802,-12.852103341257322,0.00014561560696747257,-0.10097742377841862,11.089126428244123,0.23153694319486134,nan,-3.088413253405272e-21,4.4029868340361617e-20,4.0941455086956337e-20,-6.073252127166129e-21,-7.538394787022939e-24,-6.080790521953152e-21,5.327667116816902e-25,-3.6944810477996224e-22,4.057200698217637e-20
face,265.0,2.0,2.0,8.122306412056505e-05,-5.1990367096598264,18.83662262046992,13.637585910810095,-7.03078374955582,-0.013513186084039067,-7.044296935639859,-20.681882846449955,0.00013094533892983086,-2.493852563046067,11.143733347764028,0.13530792190930027,nan,-1.9021818810511096e-20,6.891792508847233e-20,4.989610627796123e-20,-2.5723668065557308e-20,-4.944096216241751e-23,-2.5773109027719728e-20,4.790923108075499e-25,-9.124307875390021e-21,4.0771798402571207e-20
tip,265.0,2.0,2.0,0.0024366919236169515,-0.8441240051230683,12.034227857145611,11.190103852022542,-1.6599390978694717,-0.002060391365308535,-1.6619994892347802,-12.852103341257322,0.00014561560696747257,-0.10097742377841862,11.089126428244123,0.23153694319486134,nan,-3.088413253405272e-21,4.4029868340361617e-20,4.0941455086956337e-20,-6.073252127166129e-21,-7.538394787022939e-24,-6.080790521953152e-21,5.327667116816902e-25,-3.6944810477996224e-22,4.057200698217637e-20
face,265.0,2.0,5.0,0.00020305766030141262,-5.19369264952509,17.004041156721613,11.810348507196522,-7.0209665678971405,-0.013156538245336195,-7.034123106142476,-18.844471613339,0.00012689931703474075,-2.493852563046067,9.316495944150455,0.13570992262600717,nan,-1.9002266391616544e-20,6.221302291031433e-20,4.3210756518697787e-20,-2.5687749748151645e-20,-4.813608763549571e-23,-2.5735885835787137e-20,4.642890501864492e-25,-9.124307875390021e-21,3.408644864330777e-20
tip,265.0,2.0,5.0,0.0024366919236169515,-0.8441240051230683,12.034227857145611,11.190103852022542,-1.6599390978694717,-0.002060391365308535,-1.6619994892347802,-12.852103341257322,0.00014561560696747257,-0.10097742377841862,11.089126428244123,0.23153694319486134,nan,-3.088413253405272e-21,4.4029868340361617e-20,4.0941455086956337e-20,-6.073252127166129e-21,-7.538394787022939e-24,-6.080790521953152e-21,5.327667116816902e-25,-3.6944810477996224e-22,4.057200698217637e-20
face,265.0,2.0,10.0,0.00040611532060282524,-5.175632180747174,15.617746795601722,10.442114614854548,-6.987573781030511,-0.011697157262718246,-6.999270938293229,-17.441385553147775,0.00012283833797511386,-2.493852563046067,7.948262051808481,0.13708586877299164,nan,-1.8936188195998473e-20,5.714096021334192e-20,3.8204772017343445e-20,-2.5565574895995884e-20,-4.2796621465678916e-23,-2.560837151746156e-20,4.494310654905579e-25,-9.124307875390021e-21,2.9080464141953425e-20
tip,265.0,2.0,10.0,0.0024366919236169515,-0.8441240051230683,12.034227857145611,11.190103852022542,-1.6599390978694717,-0.002060391365308535,-1.6619994892347802,-12.852103341257322,0.00014561560696747257,-0.10097742377841862,11.089126428244123,0.23153694319486134,nan,-3.088413253405272e-21,4.4029868340361617e-20,4.0941455086956337e-20,-6.073252127166129e-21,-7.538394787022939e-24,-6.080790521953152e-21,5.327667116816902e-25,-3.6944810477996224e-22,4.057200698217637e-20
face,270.0,2.0,1.0,4.0611532060282525e-05,-5.069492376823328,20.22291698158981,15.153424604766483,-6.887793323735263,-0.015554463437941691,-6.903347787173205,-22.05677239193969,0.00030423813679352114,-2.4476701081748433,12.70575449659164,0.13641136027725273,nan,-1.889781186753563e-20,7.538602529083048e-20,5.648821342329485e-20,-2.5675987404478773e-20,-5.798318685605305e-23,-2.5733970591334828e-20,1.1341244141797632e-24,-9.124307875390021e-21,4.736390554790483e-20
tip,270.0,2.0,1.0,0.0024366919236169515,-0.8136290838656175,12.034227857145611,11.220598773279994,-1.60094928848746,-0.002766510141901483,-1.6037157986293615,-12.824314571909355,8.269116963857238e-05,-0.09910747148622567,11.121491301793768,0.24166390747079128,nan,-3.0330076887269487e-21,4.486062057319863e-20,4.182761288447168e-20,-5.967942392342494e-21,-1.031286454444658e-23,-5.9782552568869395e-21,3.0825219780987837e-25,-3.694481047799622e-22,4.145816477969171e-20
face,270.0,2.0,2.0,8.122306412056505e-05,-5.068754563252845,18.83662262046992,13.767868057217076,-6.886414086251968,-0.0154847361200535,-6.901898822372021,-20.669766879589098,0.000305748316692251,-2.4476701081748433,11.320197949042232,0.13647085637588743,nan,-1.889506148130129e-20,7.021826329768879e-20,5.132320181638749e-20,-2.5670845948778174e-20,-5.772326068642251e-23,-2.5728569209464597e-20,1.1397539907706671e-24,-9.124307875390021e-21,4.2198893940997463e-20
tip,270.0,2.0,2.0,0.0024366919236169515,-0.8136290838656175,12.034227857145611,11.220598773279994,-1.60094928848746,-0.002766510141901483,-1.6037157986293615,-12.824314571909355,8.269116963857238e-05,-0.09910747148622567,11.121491301793768,0.24166390747079128,nan,-3.0330076887269487e-21,4.486062057319863e-20,4.182761288447168e-20,-5.967942392342494e-21,-1.031286454444658e-23,-5.9782552568869395e-21,3.0825219780987837e-25,-3.694481047799622e-22,4.145816477969171e-20
face,270.0,2.0,5.0,0.00020305766030141262,-5.063633232964587,17.004041156721613,11.940407923757025,-6.876840853499868,-0.015014049017987936,-6.8918549025178555,-18.83226282627488,0.00030991000383157047,-2.4476701081748433,9.492737815582181,0.13688720300762472,nan,-1.8875970430540175e-20,6.338685353126366e-20,4.451088310072348e-20,-2.5635159308368097e-20,-5.596865575911727e-23,-2.5691127964127212e-20,1.1552677295761458e-24,-9.124307875390021e-21,3.5386575225333453e-20
tip,270.0,2.0,5.0,0.0024366919236169515,-0.8136290838656175,12.034227857145611,11.220598773279994,-1.60094928848746,-0.002766510141901483,-1.6037157986293615,-12.824314571909355,8.269116963857238e-05,-0.09910747148622567,11.121491301793768,0.24166390747079128,nan,-3.0330076887269487e-21,4.486062057319863e-20,4.182761288447168e-20,-5.967942392342494e-21,-1.031286454444658e-23,-5.9782552568869395e-21,3.0825219780987837e-25,-3.694481047799622e-22,4.145816477969171e-20
face,270.0,2.0,10.0,0.00040611532060282524,-5.046265128372632,15.617746795601722,10.57148166722909,-6.844174557980228,-0.013427784783770998,-6.857602342763999,-17.42908400999309,0.0003158899823692053,-2.4476701081748433,8.123811559054246,0.138316682604806,nan,-1.881122643870087e-20,5.821909153812195e-20,3.940786509942108e-20,-2.551338745011228e-20,-5.005545561160734e-23,-2.556344290572389e-20,1.1775596083237647e-24,-9.124307875390021e-21,3.0283557224031054e-20
tip,270.0,2.0,10.0,0.0024366919236169515,-0.8136290838656175,12.034227857145611,11.220598773279994,-1.60094928848746,-0.002766510141901483,-1.6037157986293615,-12.824314571909355,8.269116963857238e-05,-0.09910747148622567,11.121491301793768,0.24166390747079128,nan,-3.0330076887269487e-21,4.486062057319863e-20,4.182761288447168e-20,-5.967942392342494e-21,-1.031286454444658e-23,-5.9782552568869395e-21,3.0825219780987837e-25,-3.694481047799622e-22,4.145816477969171e-20
face,275.0,2.0,1.0,4.0611532060282525e-05,-4.943991157053673,20.22291698158981,15.278925824536138,-6.74795071243873,-0.013160634011089713,-6.76111134644982,-22.040037170985958,0.0003052016997773471,-2.403167015298937,12.875758809237201,0.13765800399553071,nan,-1.8771270229236242e-20,7.678206279621624e-20,5.801079256697998e-20,-2.5620516358739006e-20,-4.996809451363676e-23,-2.5670484453252643e-20,1.1587851593887098e-24,-9.124307875390021e-21,4.888648469158997e-20
tip,275.0,2.0,1.0,0.0024366919236169515,-0.7848024014450152,12.034227857145611,11.249425455700596,-1.5450335777427662,-0.0010838966651206014,-1.5461174744078867,-12.795542930108482,0.00014115916862567055,-0.09730551745920339,11.152119938241393,0.25175591130036185,nan,-2.9797257895698122e-21,4.569137280603564e-20,4.271164701646583e-20,-5.8661599262116744e-21,-4.115322328705757e-24,-5.87027524854038e-21,5.359509787606244e-25,-3.694481047799622e-22,4.2342198911685865e-20
face,275.0,2.0,2.0,8.122306412056505e-05,-4.943268550135997,18.83662262046992,13.893354070333924,-6.746588878123751,-0.013102078745295339,-6.759690956869046,-20.65304502720297,0.0003092378279638894,-2.403167015298937,11.490187055034987,0.13772076917407633,nan,-1.8768526646310965e-20,7.151860150690524e-20,5.275007486059427e-20,-2.5615345766979866e-20,-4.9745772773436483e-23,-2.5665091539753303e-20,1.1741094693364188e-24,-9.124307875390021e-21,4.362576698520425e-20
tip,275.0,2.0,2.0,0.0024366919236169515,-0.7848024014450152,12.034227857145611,11.249425455700596,-1.5450335777427662,-0.0010838966651206014,-1.5461174744078867,-12.795542930108482,0.00014115916862567055,-0.09730551745920339,11.152119938241393,0.25175591130036185,nan,-2.9797257895698122e-21,4.569137280603564e-20,4.271164701646583e-20,-5.8661599262116744e-21,-4.115322328705757e-24,-5.87027524854038e-21,5.359509787606244e-25,-3.694481047799622e-22,4.2342198911685865e-20
face,275.0,2.0,5.0,0.00020305766030141262,-4.938298027106473,17.004041156721613,12.06574312961514,-6.737175573883352,-0.012665716566531059,-6.749841290449883,-18.815584420065022,0.0003212096051488322,-2.403167015298937,9.662576114316202,0.13813703304711636,nan,-1.8749654640272946e-20,6.456068415221298e-20,4.5811029511940037e-20,-2.5579605476992812e-20,-4.808899950762749e-23,-2.5627694476500438e-20,1.2195637303826076e-24,-9.124307875390021e-21,3.668672163655002e-20
tip,275.0,2.0,5.0,0.0024366919236169515,-0.7848024014450152,12.034227857145611,11.249425455700596,-1.5450335777427662,-0.0010838966651206014,-1.5461174744078867,-12.795542930108482,0.00014115916862567055,-0.09730551745920339,11.152119938241393,0.25175591130036185,nan,-2.9797257895698122e-21,4.569137280603564e-20,4.271164701646583e-20,-5.8661599262116744e-21,-4.115322328705757e-24,-5.87027524854038e-21,5.359509787606244e-25,-3.694481047799622e-22,4.2342198911685865e-20
face,275.0,2.0,10.0,0.00040611532060282524,-4.921504535397005,15.617746795601722,10.696242260204716,-6.7051143763495595,-0.011154256408701643,-6.716268632758261,-17.412510892962977,0.00034317800226218873,-2.403167015298937,8.29307524490578,0.1395930907556125,nan,-1.8685893367051185e-20,5.929722286290199e-20,4.0611329495850796e-20,-2.5457876011129772e-20,-4.235031063014817e-23,-2.550022632175992e-20,1.3029730055245439e-24,-9.124307875390021e-21,3.1487021620460777e-20
tip,275.0,2.0,10.0,0.0024366919236169515,-0.7848024014450152,12.034227857145611,11.249425455700596,-1.5450335777427662,-0.0010838966651206014,-1.5461174744078867,-12.795542930108482,0.00014115916862567055,-0.09730551745920339,11.152119938241393,0.25175591130036185,nan,-2.9797257895698122e-21,4.569137280603564e-20,4.271164701646583e-20,-5.8661599262116744e-21,-4.115322328705757e-24,-5.87027524854038e-21,5.359509787606244e-25,-3.694481047799622e-22,4.2342198911685865e-20
face,280.0,2.0,1.0,4.0611532060282525e-05,-4.8234163448131255,20.22291698158981,15.399500636776686,-6.613034131875702,-0.012204953911987644,-6.6252390857876895,-22.024739722564377,8.716557097445664e-05,-2.36025331859717,13.039247318179516,0.13883343792806552,nan,-1.8646445868539713e-20,7.817810030160198e-20,5.953165443306227e-20,-2.556478109119216e-20,-4.7182120758169127e-23,-2.561196321195033e-20,3.3696616352087525e-25,-9.12430787539002e-21,5.040734655767225e-20
tip,280.0,2.0,1.0,0.0024366919236169515,-0.7573900045224085,12.034227857145611,11.276837852623203,-1.4918639278811558,-0.00264053963459105,-1.4945044675157468,-12.771342320138949,0.00013235002015745263,-0.09556791893314617,11.181269933690057,0.26194713556038374,nan,-2.9279313065908044e-21,4.652212503887265e-20,4.3594193732281843e-20,-5.767273232462532e-21,-1.0207843536683797e-23,-5.777481075999216e-21,5.11640984345027e-25,-3.6944810477996215e-22,4.3224745627501885e-20
face,280.0,2.0,2.0,8.122306412056505e-05,-4.822714888546969,18.83662262046992,14.013907731922952,-6.611688522412667,-0.012167904998148845,-6.623856427410816,-20.63776415933377,9.281925490645339e-05,-2.36025331859717,11.653654413325782,0.13890185224447818,nan,-1.8643734166840954e-20,7.28189397161217e-20,5.417520554928074e-20,-2.5559579210985475e-20,-4.703889642980978e-23,-2.560661810741529e-20,3.588222721085519e-25,-9.12430787539002e-21,4.505089767389072e-20
tip,280.0,2.0,2.0,0.0024366919236169515,-0.7573900045224085,12.034227857145611,11.276837852623203,-1.4918639278811558,-0.00264053963459105,-1.4945044675157468,-12.771342320138949,0.00013235002015745263,-0.09556791893314617,11.181269933690057,0.26194713556038374,nan,-2.9279313065908044e-21,4.652212503887265e-20,4.3594193732281843e-20,-5.767273232462532e-21,-1.0207843536683797e-23,-5.777481075999216e-21,5.11640984345027e-25,-3.6944810477996215e-22,4.3224745627501885e-20
face,280.0,2.0,5.0,0.00020305766030141262,-4.817907576518804,17.004041156721613,12.186133580202808,-6.602428081331733,-0.011789848115344774,-6.6142179294470775,-18.800351509649886,0.00011211346043010213,-2.36025331859717,9.825880261605638,0.1393509933644551,nan,-1.862514997731671e-20,6.573451477316231e-20,4.71093647958456e-20,-2.5523780038575212e-20,-4.5577397629687415e-23,-2.55693574362049e-20,4.334101436822082e-25,-9.12430787539002e-21,3.7985056920455575e-20
tip,280.0,2.0,5.0,0.0024366919236169515,-0.7573900045224085,12.034227857145611,11.276837852623203,-1.4918639278811558,-0.00264053963459105,-1.4945044675157468,-12.771342320138949,0.00013235002015745263,-0.09556791893314617,11.181269933690057,0.26194713556038374,nan,-2.9279313065908044e-21,4.652212503887265e-20,4.3594193732281843e-20,-5.767273232462532e-21,-1.0207843536683797e-23,-5.777481075999216e-21,5.11640984345027e-25,-3.6944810477996215e-22,4.3224745627501885e-20
face,280.0,2.0,10.0,0.00040611532060282524,-4.801694826562174,15.617746795601722,10.816051969039549,-6.57095628052657,-0.010350483131352502,-6.581306763657922,-17.39735873269747,0.00014840706620239126,-2.36025331859717,8.455798650442379,0.14088721873334592,nan,-1.856247444967507e-20,6.037535418768203e-20,4.1812879738006956e-20,-2.540211580970764e-20,-4.0013075717492365e-23,-2.5442128885425132e-20,5.737145891267428e-25,-9.12430787539002e-21,3.2688571862616936e-20
tip,280.0,2.0,10.0,0.0024366919236169515,-0.7573900045224085,12.034227857145611,11.276837852623203,-1.4918639278811558,-0.00264053963459105,-1.4945044675157468,-12.771342320138949,0.00013235002015745263,-0.09556791893314617,11.181269933690057,0.26194713556038374,nan,-2.9279313065908044e-21,4.652212503887265e-20,4.3594193732281843e-20,-5.767273232462532e-21,-1.0207843536683797e-23,-5.777481075999216e-21,5.11640984345027e-25,-3.6944810477996215e-22,4.3224745627501885e-20
face,285.0,2.0,1.0,4.0611532060282525e-05,-4.707175748000269,20.22291698158981,15.515741233589543,-6.482247281192742,-0.013434208068876359,-6.495681489261618,-22.01142272285116,0.00018660126950482522,-2.318845365639325,13.196895867950218,0.1401288423633284,nan,-1.8522028844507348e-20,7.957413780698774e-20,6.105210896248039e-20,-2.5506668445614713e-20,-5.286158891784532e-23,-2.555953003453256e-20,7.3424794000061725e-25,-9.124307875390021e-21,5.1927801087090367e-20
tip,285.0,2.0,1.0,0.0024366919236169515,-0.7312687266774269,12.034227857145611,11.302959130468183,-1.4413560163165364,-0.0019174034863275262,-1.443273419802864,-12.746232550271047,7.172118785004712e-05,-0.09389128877642432,11.209067841691759,0.2721586267527371,nan,-2.8774324932226195e-21,4.735287727170966e-20,4.4475444778487036e-20,-5.671519216328518e-21,-7.544694437084647e-24,-5.679063910765603e-21,2.8221209090934217e-25,-3.694481047799622e-22,4.4105996673707077e-20
face,285.0,2.0,2.0,8.122306412056505e-05,-4.706495266078468,18.83662262046992,14.130127354391453,-6.480927076994937,-0.013399206225793082,-6.4943262832207305,-20.624453637612184,0.00018086560627500725,-2.318845365639325,11.811281988752128,0.14019837050669492,nan,-1.8519351250455518e-20,7.411927792533816e-20,5.559992667488264e-20,-2.5501473640589052e-20,-5.272386192783974e-23,-2.5554197502516893e-20,7.116789675482501e-25,-9.124307875390021e-21,4.647561879949262e-20
tip,285.0,2.0,2.0,0.0024366919236169515,-0.7312687266774269,12.034227857145611,11.302959130468183,-1.4413560163165364,-0.0019174034863275262,-1.443273419802864,-12.746232550271047,7.172118785004712e-05,-0.09389128877642432,11.209067841691759,0.2721586267527371,nan,-2.8774324932226195e-21,4.735287727170966e-20,4.4475444778487036e-20,-5.671519216328518e-21,-7.544694437084647e-24,-5.679063910765603e-21,2.8221209090934217e-25,-3.694481047799622e-22,4.4105996673707077e-20
face,285.0,2.0,5.0,0.00020305766030141262,-4.701847668591706,17.004041156721613,12.302193488129905,-6.471847858864643,-0.013037595429149309,-6.484885454293792,-18.787078942423697,0.00016506506994569653,-2.318845365639325,9.98334812249058,0.14067054920891536,nan,-1.8501063653111394e-20,6.690834539411164e-20,4.840728174100024e-20,-2.546574828230679e-20,-5.130097781122976e-23,-2.551704926011802e-20,6.495062327030495e-25,-9.124307875390021e-21,3.9282973865610216e-20
tip,285.0,2.0,5.0,0.0024366919236169515,-0.7312687266774269,12.034227857145611,11.302959130468183,-1.4413560163165364,-0.0019174034863275262,-1.443273419802864,-12.746232550271047,7.172118785004712e-05,-0.09389128877642432,11.209067841691759,0.2721586267527371,nan,-2.8774324932226195e-21,4.735287727170966e-20,4.4475444778487036e-20,-5.671519216328518e-21,-7.544694437084647e-24,-5.679063910765603e-21,2.8221209090934217e-25,-3.694481047799622e-22,4.4105996673707077e-20
face,285.0,2.0,10.0,0.00040611532060282524,-4.6861994104983165,15.617746795601722,10.931547385103405,-6.441012049650917,-0.011656375958216328,-6.452668425609133,-17.38421581071254,0.0001443937034678644,-2.318845365639325,8.61270201946408,0.14228434454720149,nan,-1.843949011022951e-20,6.145348551246206e-20,4.301399540223255e-20,-2.5344414009214697e-20,-4.5866086859455933e-23,-2.539028009607415e-20,5.681675135527301e-25,-9.124307875390021e-21,3.388968752684254e-20
tip,285.0,2.0,10.0,0.0024366919236169515,-0.7312687266774269,12.034227857145611,11.302959130468183,-1.4413560163165364,-0.0019174034863275262,-1.443273419802864,-12.746232550271047,7.172118785004712e-05,-0.09389128877642432,11.209067841691759,0.2721586267527371,nan,-2.8774324932226195e-21,4.735287727170966e-20,4.4475444778487036e-20,-5.671519216328518e-21,-7.544694437084647e-24,-5.679063910765603e-21,2.8221209090934217e-25,-3.694481047799622e-22,4.4105996673707077e-20
face,290.0,2.0,1.0,4.0611532060282525e-05,-4.595602588020661,20.22291698158981,15.62731439356915,-6.356274619361141,-0.0090924983144368,-6.365367117675578,-21.99268151124473,0.0002533899904754289,-2.2788652731283023,13.348449120440849,0.14143860344841697,nan,-1.84002509408896e-20,8.097017531237348e-20,6.256992437148388e-20,-2.5449774171144387e-20,-3.6405291245453674e-23,-2.548617946238984e-20,1.0145436471837404e-24,-9.124307875390021e-21,5.3445616496093866e-20
tip,290.0,2.0,1.0,0.0024366919236169515,-0.7066448439551565,12.034227857145611,11.327583013190454,-1.3933438258118032,-0.000874749363164307,-1.3942185751749674,-12.721801588365421,5.5361635707341125e-05,-0.09227247345269288,11.23531053973776,0.28243965984204894,nan,-2.8293226417693443e-21,4.818362950454667e-20,4.5354306862777326e-20,-5.578784403313397e-21,-3.502393317159968e-24,-5.5822867966305566e-21,2.2166146223534397e-25,-3.6944810477996224e-22,4.498485875799736e-20
face,290.0,2.0,2.0,8.122306412056505e-05,-4.594949402172072,18.83662262046992,14.241673218297848,-6.354977334263236,-0.009033203022638244,-6.364010537285874,-20.605683755583723,0.0002467772560953247,-2.2788652731283023,11.962807945169546,0.14150712647566635,nan,-1.8397635661762462e-20,7.541961613455462e-20,5.702198047279216e-20,-2.5444579994562288e-20,-3.6167879888007157e-23,-2.5480747874450294e-20,9.880670383671865e-25,-9.124307875390021e-21,4.789767259740213e-20
tip,290.0,2.0,2.0,0.0024366919236169515,-0.7066448439551565,12.034227857145611,11.327583013190454,-1.3933438258118032,-0.000874749363164307,-1.3942185751749674,-12.721801588365421,5.5361635707341125e-05,-0.09227247345269288,11.23531053973776,0.28243965984204894,nan,-2.8293226417693443e-21,4.818362950454667e-20,4.5354306862777326e-20,-5.578784403313397e-21,-3.502393317159968e-24,-5.5822867966305566e-21,2.2166146223534397e-25,-3.6944810477996224e-22,4.498485875799736e-20
face,290.0,2.0,5.0,0.00020305766030141262,-4.5904765484333705,17.004041156721613,12.413564608288242,-6.346070599004747,-0.008622304331217542,-6.354692903335965,-18.768257511624206,0.00022876814561668556,-2.2788652731283023,10.13469933515994,0.1419889330571245,nan,-1.8379726882742156e-20,6.808217601506097e-20,4.970244913231881e-20,-2.5408918476691385e-20,-3.452268997251439e-23,-2.5443441166663902e-20,9.159606832848408e-25,-9.124307875390021e-21,4.0578141256928785e-20
tip,290.0,2.0,5.0,0.0024366919236169515,-0.7066448439551565,12.034227857145611,11.327583013190454,-1.3933438258118032,-0.000874749363164307,-1.3942185751749674,-12.721801588365421,5.5361635707341125e-05,-0.09227247345269288,11.23531053973776,0.28243965984204894,nan,-2.8293226417693443e-21,4.818362950454667e-20,4.5354306862777326e-20,-5.578784403313397e-21,-3.502393317159968e-24,-5.5822867966305566e-21,2.2166146223534397e-25,-3.6944810477996224e-22,4.498485875799736e-20
face,290.0,2.0,10.0,0.00040611532060282524,-4.575405210943401,15.617746795601722,11.04234158465832,-6.315851658785498,-0.007225595782057436,-6.323077254567555,-17.365418839225875,0.00020341690684815697,-2.2788652731283023,8.763476311530018,0.14365884188937697,nan,-1.831938302434301e-20,6.25316168372421e-20,4.421223381289909e-20,-2.528792540286656e-20,-2.893043361361527e-23,-2.5316855836480177e-20,8.144573121667032e-25,-9.124307875390021e-21,3.508792593750907e-20
tip,290.0,2.0,10.0,0.0024366919236169515,-0.7066448439551565,12.034227857145611,11.327583013190454,-1.3933438258118032,-0.000874749363164307,-1.3942185751749674,-12.721801588365421,5.5361635707341125e-05,-0.09227247345269288,11.23531053973776,0.28243965984204894,nan,-2.8293226417693443e-21,4.818362950454667e-20,4.5354306862777326e-20,-5.578784403313397e-21,-3.502393317159968e-24,-5.5822867966305566e-21,2.2166146223534397e-25,-3.6944810477996224e-22,4.498485875799736e-20
face,295.0,2.0,1.0,4.0611532060282525e-05,-4.488030646442736,20.22291698158981,15.734886335147076,-6.234420698155962,-0.010793575973126624,-6.245214274129088,-21.980100609276164,0.00024289349246250694,-2.2402404379905345,13.494645897156541,0.14269329798559255,nan,-1.8279365320742526e-20,8.236621281775923e-20,6.40868474970167e-20,-2.5392262772340573e-20,-4.396131262747784e-23,-2.5436224084968054e-20,9.8928443955086e-25,-9.124307875390021e-21,5.496253962162669e-20
tip,295.0,2.0,1.0,0.0024366919236169515,-0.6831791731981178,12.034227857145611,11.351048683947493,-1.347713411476882,-0.0009121733877140994,-1.3486255848645963,-12.699674268812089,7.555408158769094e-05,-0.09070853322468113,11.260340150722811,0.2927030692113904,nan,-2.782530394775584e-21,4.9014381737383683e-20,4.62318513426081e-20,-5.48912156283433e-21,-3.715204262943547e-24,-5.492836767097274e-21,3.0772531821039356e-25,-3.694481047799622e-22,4.5862403237828135e-20
face,295.0,2.0,2.0,8.122306412056505e-05,-4.487396557974426,18.83662262046992,14.349226062495495,-6.233137566279236,-0.010750016958000801,-6.243887583237237,-20.593113645732732,0.00023923164511378096,-2.2402404379905345,12.10898562450496,0.14276906276623966,nan,-1.827678273259396e-20,7.671995434377107e-20,5.844317161117711e-20,-2.5387036685850292e-20,-4.378390048098821e-23,-2.543082058633128e-20,9.74370048204355e-25,-9.124307875390021e-21,4.931886373578709e-20
tip,295.0,2.0,2.0,0.0024366919236169515,-0.6831791731981178,12.034227857145611,11.351048683947493,-1.347713411476882,-0.0009121733877140994,-1.3486255848645963,-12.699674268812089,7.555408158769094e-05,-0.09070853322468113,11.260340150722811,0.2927030692113904,nan,-2.782530394775584e-21,4.9014381737383683e-20,4.62318513426081e-20,-5.48912156283433e-21,-3.715204262943547e-24,-5.492836767097274e-21,3.0772531821039356e-25,-3.694481047799622e-22,4.5862403237828135e-20
face,295.0,2.0,5.0,0.00020305766030141262,-4.483068008046131,17.004041156721613,12.52097314867548,-6.224375083351539,-0.010411441289480523,-6.23478652464102,-18.7557596733165,0.00022882743635342773,-2.2402404379905345,10.280732710684946,0.14327749980157867,nan,-1.8259152918610605e-20,6.92560066360103e-20,5.099685371739968e-20,-2.5351347841639947e-20,-4.240491071439599e-23,-2.5393752752354347e-20,9.319945949630748e-25,-9.124307875390021e-21,4.1872545842009665e-20
tip,295.0,2.0,5.0,0.0024366919236169515,-0.6831791731981178,12.034227857145611,11.351048683947493,-1.347713411476882,-0.0009121733877140994,-1.3486255848645963,-12.699674268812089,7.555408158769094e-05,-0.09070853322468113,11.260340150722811,0.2927030692113904,nan,-2.782530394775584e-21,4.9014381737383683e-20,4.62318513426081e-20,-5.48912156283433e-21,-3.715204262943547e-24,-5.492836767097274e-21,3.0772531821039356e-25,-3.694481047799622e-22,4.5862403237828135e-20
face,295.0,2.0,10.0,0.00040611532060282524,-4.468505200941167,15.617746795601722,11.149241594660555,-6.194721736907926,-0.009206756927034964,-6.203928493834961,-17.353170088495517,0.00021155955643835088,-2.2402404379905345,8.909001156670021,0.1450111344746129,nan,-1.8199839849663955e-20,6.360974816202214e-20,4.5409908312358187e-20,-2.5230572295453563e-20,-3.749833424643399e-23,-2.52680706297e-20,8.616639956093056e-25,-9.124307875390021e-21,3.628560043696816e-20
tip,295.0,2.0,10.0,0.0024366919236169515,-0.6831791731981178,12.034227857145611,11.351048683947493,-1.347713411476882,-0.0009121733877140994,-1.3486255848645963,-12.699674268812089,7.555408158769094e-05,-0.09070853322468113,11.260340150722811,0.2927030692113904,nan,-2.782530394775584e-21,4.9014381737383683e-20,4.62318513426081e-20,-5.48912156283433e-21,-3.715204262943547e-24,-5.492836767097274e-21,3.0772531821039356e-25,-3.694481047799622e-22,4.5862403237828135e-20
face,300.0,2.0,1.0,4.0611532060282525e-05,-4.3835267357929855,20.22291698158981,15.839390245796826,-6.114814147447314,-0.013332914456179207,-6.128147061903493,-21.96753730770032,0.00024138581058961233,-2.202903097357359,13.636487148439468,0.1441623011254314,nan,-1.815633541273755e-20,8.376225032314499e-20,6.560591491040743e-20,-2.532723611357696e-20,-5.52242250330281e-23,-2.5382460338609988e-20,9.998072340142131e-25,-9.124307875390021e-21,5.648160703501742e-20
tip,300.0,2.0,1.0,0.0024366919236169515,-0.6608440239991051,12.034227857145611,11.373383833146505,-1.304154424936121,-0.0010049737928935392,-1.3051593987290144,-12.67854323187552,3.944535360185172e-05,-0.08919672433760312,11.284187108808903,0.3029298139097996,nan,-2.7371809226710217e-21,4.9845133970220694e-20,4.710795304754967e-20,-5.401738507900892e-21,-4.162548186554016e-24,-5.405901056087446e-21,1.6338056401512893e-25,-3.6944810477996224e-22,4.673850494276971e-20
face,300.0,2.0,2.0,8.122306412056505e-05,-4.382926710845395,18.83662262046992,14.453695909624525,-6.113578622603962,-0.01324708937897636,-6.126825711982938,-20.580521621607463,0.00024862643939868687,-2.202903097357359,12.250792812267166,0.14423682606103572,nan,-1.8153850141205952e-20,7.802029255298753e-20,5.986644241178157e-20,-2.5322118635158616e-20,-5.4868742111983e-23,-2.5376987377270594e-20,1.029797534788073e-24,-9.124307875390021e-21,5.074213453639156e-20
tip,300.0,2.0,2.0,0.0024366919236169515,-0.6608440239991051,12.034227857145611,11.373383833146505,-1.304154424936121,-0.0010049737928935392,-1.3051593987290144,-12.67854323187552,3.944535360185172e-05,-0.08919672433760312,11.284187108808903,0.3029298139097996,nan,-2.7371809226710217e-21,4.9845133970220694e-20,4.710795304754967e-20,-5.401738507900892e-21,-4.162548186554016e-24,-5.405901056087446e-21,1.6338056401512893e-25,-3.6944810477996224e-22,4.673850494276971e-20
face,300.0,2.0,5.0,0.00020305766030141262,-4.378786296686558,17.004041156721613,12.625254860035055,-6.105060670641574,-0.012773076509359285,-6.117833747150933,-18.74308860718599,0.0002697235080168746,-2.202903097357359,10.422351762677696,0.14475004039724987,nan,-1.8136700765201997e-20,7.042983725695961e-20,5.2293136491757617e-20,-2.5286837729581857e-20,-5.2905405928711166e-23,-2.5339743135510568e-20,1.1171804748599698e-24,-9.124307875390021e-21,4.31688286163676e-20
tip,300.0,2.0,5.0,0.0024366919236169515,-0.6608440239991051,12.034227857145611,11.373383833146505,-1.304154424936121,-0.0010049737928935392,-1.3051593987290144,-12.67854323187552,3.944535360185172e-05,-0.08919672433760312,11.284187108808903,0.3029298139097996,nan,-2.7371809226710217e-21,4.9845133970220694e-20,4.710795304754967e-20,-5.401738507900892e-21,-4.162548186554016e-24,-5.405901056087446e-21,1.6338056401512893e-25,-3.6944810477996224e-22,4.673850494276971e-20
face,300.0,2.0,10.0,0.00040611532060282524,-4.364796401777759,15.617746795601722,11.252950393823962,-6.0761283576473115,-0.011330195719927426,-6.087458553367239,-17.3404089471912,0.00029917888616312003,-2.202903097357359,9.050047296466603,0.14651973390935596,nan,-1.8078755361954183e-20,6.468787948680217e-20,4.6609124124847983e-20,-2.5167001622572213e-20,-4.6929070171566246e-23,-2.5213930692743778e-20,1.2391830900066766e-24,-9.124307875390021e-21,3.7484816249457964e-20
tip,300.0,2.0,10.0,0.0024366919236169515,-0.6608440239991051,12.034227857145611,11.373383833146505,-1.304154424936121,-0.0010049737928935392,-1.3051593987290144,-12.67854323187552,3.944535360185172e-05,-0.08919672433760312,11.284187108808903,0.3029298139097996,nan,-2.7371809226710217e-21,4.9845133970220694e-20,4.710795304754967e-20,-5.401738507900892e-21,-4.162548186554016e-24,-5.405901056087446e-21,1.6338056401512893e-25,-3.6944810477996224e-22,4.673850494276971e-20
