assembly,temperature_K,regime,pair_lifetime_deepest_s,pair_survival_deepest,pair_lifetime_neel_blocked_s,pair_lifetime_rotation_blocked_s,pair_lifetime_direct_escape_s,p_bound_eq,contact_barrier_kBT
dimer,200.0,"Neel blocked, Brownian only",0.00033474330335844994,0.0,0.0003347433035862927,0.0007294039776114266,0.0007294039834622619,0.9053040119981218,0.0
dimer,205.0,"Neel blocked, Brownian only",0.00023757295608738,0.0,0.00023757295638638957,0.0004987192773320251,0.0004987192833757575,0.8789640895563227,0.0
dimer,210.0,"Neel blocked, Brownian only",0.00017122527172473722,0.0,0.00017122527210790934,0.0003462536956070779,0.0003462537018058327,0.8482667484282417,0.0
dimer,215.0,"Neel blocked, Brownian only",0.00012515854272560775,0.0,0.00012515854320571502,0.00024388788604804134,0.00024388789236592015,0.8133495699491294,0.0
dimer,220.0,"Neel blocked, Brownian only",9.267474045169551e-05,0.0,9.2674741040704e-05,0.00017413277777564805,0.0001741327841791436,0.7745840090596814,0.0
dimer,225.0,"Neel blocked, Brownian only",6.943966705426601e-05,0.0,6.943966776279188e-05,0.00012593000691819077,0.00012593001337644352,0.732564914516917,0.0
dimer,230.0,"Neel blocked, Brownian only",5.25999812014344e-05,0.0,5.2599982038287504e-05,9.217748181538104e-05,9.217748830031e-05,0.6880712792838455,0.0
dimer,235.0,"Neel blocked, Brownian only",4.024649742077879e-05,0.0,4.024649839261974e-05,6.824617751989865e-05,6.824618400623299e-05,0.6420034174781306,0.0
dimer,240.0,"Neel blocked, Brownian only",3.10821362570291e-05,0.0,3.1082137368160105e-05,5.10765071600623e-05,5.1076513625297144e-05,0.5953071118895138,0.0
dimer,245.0,Neel crossover,2.4212987885318228e-05,0.0,2.4212989137608658e-05,3.861923622034461e-05,3.861924264464125e-05,0.5488976983718749,0.0
dimer,250.0,Neel crossover,1.9014704583863457e-05,0.0,1.901470597679939e-05,2.948446585087643e-05,2.9484472216924198e-05,0.503595871357096,0.0
dimer,255.0,Neel crossover,1.5045738735511613e-05,0.0,1.504574026634827e-05,2.2718161416128278e-05,2.271816770898085e-05,0.46008297989187846,0.0
dimer,260.0,Neel crossover,1.1990169778705284e-05,0.0,1.1990171442699408e-05,1.7657985408840078e-05,1.765799161573741e-05,0.4188784344896556,0.0
dimer,265.0,Neel crossover,9.619500895678266e-06,0.0,9.619502686372543e-06,1.3839111940436252e-05,1.3839118050620385e-05,0.3803372929900234,0.0
dimer,270.0,Neel crossover,7.76679204930459e-06,0.0,7.766793958840431e-06,1.0931951160039417e-05,1.093195716457011e-05,0.3446632070141434,0.0
dimer,275.0,Neel crossover,6.30892567550657e-06,0.0,6.308927694943419e-06,8.700498261529656e-06,8.700504153104541e-06,0.31193090106628757,0.0
dimer,280.0,Neel crossover,5.1543039600295054e-06,0.0,5.154306079653859e-06,6.974170411855839e-06,6.974176184638242e-06,0.28211280918785386,0.0
dimer,285.0,Neel crossover,4.234218912895165e-06,0.0,4.234221122506646e-06,5.628563922895409e-06,5.628569572351922e-06,0.255105752835749,0.0
dimer,290.0,Neel crossover,3.4967353236898857e-06,0.0,3.4967376128564494e-06,4.5721744373497886e-06,4.572179960098866e-06,0.23075501715686242,0.0
dimer,295.0,Neel crossover,2.902312241613289e-06,0.0,2.902314599891095e-06,3.737144383694989e-06,3.7371497773672004e-06,0.2088744877944496,0.0
dimer,300.0,fast Neel and Brownian,2.42063996262852e-06,0.0,2.420642379745063e-06,3.0727571946073916e-06,3.072762457717523e-06,0.18926247740014465,0.0
dimer,200.0,"Neel blocked, Brownian only",0.0007154412243171037,0.0,0.0007154412298369513,0.0007294039776114266,0.0007294039834622619,0.9053040119981218,5.0
dimer,205.0,"Neel blocked, Brownian only",0.0004905584932900771,0.0,0.000490558499040821,0.0004987192773320251,0.0004987192833757575,0.8789640895563227,5.0
dimer,210.0,"Neel blocked, Brownian only",0.0003413774710391119,0.0,0.00034137747697868704,0.0003462536956070779,0.0003462537018058327,0.8482667484282417,5.0
dimer,215.0,"Neel blocked, Brownian only",0.00024091297101041742,0.0,0.00024091297709905482,0.00024388788604804134,0.00024388789236592015,0.8133495699491294,5.0
dimer,220.0,"Neel blocked, Brownian only",0.00017228186326540416,0.0,0.00017228186946607998,0.00017413277777564805,0.0001741327841791436,0.7745840090596814,5.0
dimer,225.0,"Neel blocked, Brownian only",0.00012475690943080652,0.0,0.0001247569157095044,0.00012593000691819077,0.00012593001337644352,0.732564914516917,5.0
dimer,230.0,"Neel blocked, Brownian only",9.142088463967024e-05,0.0,9.142089096549942e-05,9.217748181538104e-05,9.217748830031e-05,0.6880712792838455,5.0
dimer,235.0,"Neel blocked, Brownian only",6.775009334139339e-05,0.0,6.77500996865987e-05,6.824617751989865e-05,6.824618400623299e-05,0.6420034174781306,5.0
dimer,240.0,"Neel blocked, Brownian only",5.074612868596636e-05,0.0,5.0746135025855424e-05,5.10765071600623e-05,5.1076513625297144e-05,0.5953071118895138,5.0
dimer,245.0,Neel crossover,3.839594785468449e-05,0.0,3.8395954167499306e-05,3.861923622034461e-05,3.861924264464125e-05,0.5488976983718749,5.0
dimer,250.0,Neel crossover,2.933143623108723e-05,0.0,2.9331442497836574e-05,2.948446585087643e-05,2.9484472216924198e-05,0.503595871357096,5.0
dimer,255.0,Neel crossover,2.2611889126988307e-05,0.0,2.261189533125662e-05,2.2718161416128278e-05,2.271816770898085e-05,0.46008297989187846,5.0
dimer,260.0,Neel crossover,1.7583254354747724e-05,0.0,1.758326048249164e-05,1.7657985408840078e-05,1.765799161573741e-05,0.4188784344896556,5.0
dimer,265.0,Neel crossover,1.3785932978218675e-05,0.0,1.378593901755955e-05,1.3839111940436252e-05,1.3839118050620385e-05,0.3803372929900234,5.0
dimer,270.0,Neel crossover,1.0893679642711807e-05,0.0,1.0893685583730788e-05,1.0931951160039417e-05,1.093195716457011e-05,0.3446632070141434,5.0
dimer,275.0,Neel crossover,8.672658542202059e-06,0.0,8.672664376741919e-06,8.700498261529656e-06,8.700504153104541e-06,0.31193090106628757,5.0
dimer,280.0,Neel crossover,6.953711654233768e-06,0.0,6.953717375710662e-06,6.974170411855839e-06,6.974176184638242e-06,0.28211280918785386,5.0
dimer,285.0,Neel crossover,5.613382753886632e-06,0.0,5.613388357113556e-06,5.628563922895409e-06,5.628569572351922e-06,0.255105752835749,5.0
dimer,290.0,Neel crossover,4.5608049101709844e-06,0.0,4.560810391194126e-06,4.5721744373497886e-06,4.572179960098866e-06,0.23075501715686242,5.0
dimer,295.0,Neel crossover,3.728554191760292e-06,0.0,3.728559547708614e-06,3.737144383694989e-06,3.7371497773672004e-06,0.2088744877944496,5.0
dimer,300.0,fast Neel and Brownian,3.066212187785695e-06,0.0,3.066217416733786e-06,3.0727571946073916e-06,3.072762457717523e-06,0.18926247740014465,5.0
dimer,200.0,"Neel blocked, Brownian only",0.0007293071117936395,0.0,0.0007293071176421447,0.0007294039776114266,0.0007294039834622619,0.9053040119981218,10.0
dimer,205.0,"Neel blocked, Brownian only",0.0004986629032110995,0.0,0.0004986629092527833,0.0004987192773320251,0.0004987192833757575,0.8789640895563227,10.0
dimer,210.0,"Neel blocked, Brownian only",0.0003462201282173817,0.0,0.0003462201344143332,0.0003462536956070779,0.0003462537018058327,0.8482667484282417,10.0
dimer,215.0,"Neel blocked, Brownian only",0.00024386746581442123,0.0,0.0002438674721307122,0.00024388788604804134,0.00024388789236592015,0.8133495699491294,10.0
dimer,220.0,"Neel blocked, Brownian only",0.000174120103108204,0.0,0.0001741201095102995,0.00017413277777564805,0.0001741327841791436,0.7745840090596814,10.0
dimer,225.0,"Neel blocked, Brownian only",0.0001259219898017303,0.0,0.0001259219962587472,0.00012593000691819077,0.00012593001337644352,0.732564914516917,10.0
dimer,230.0,"Neel blocked, Brownian only",9.217231979361903e-05,0.0,9.217232627745567e-05,9.217748181538104e-05,9.217748830031e-05,0.6880712792838455,10.0
dimer,235.0,"Neel blocked, Brownian only",6.824279770359181e-05,0.0,6.824280418895935e-05,6.824617751989865e-05,6.824618400623299e-05,0.6420034174781306,10.0
dimer,240.0,"Neel blocked, Brownian only",5.1074259019502535e-05,0.0,5.10742654838802e-05,5.10765071600623e-05,5.1076513625297144e-05,0.5953071118895138,10.0
dimer,245.0,Neel crossover,3.861771837628507e-05,0.0,3.8617724799820564e-05,3.861923622034461e-05,3.861924264464125e-05,0.5488976983718749,10.0
dimer,250.0,Neel crossover,2.948342653299134e-05,0.0,2.9483432898362077e-05,2.948446585087643e-05,2.9484472216924198e-05,0.503595871357096,10.0
dimer,255.0,Neel crossover,2.2717440214121414e-05,0.0,2.271744650637065e-05,2.2718161416128278e-05,2.271816770898085e-05,0.46008297989187846,10.0
dimer,260.0,Neel crossover,1.7657478598177996e-05,0.0,1.7657484804536797e-05,1.7657985408840078e-05,1.765799161573741e-05,0.4188784344896556,10.0
dimer,265.0,Neel crossover,1.3838751503621463e-05,0.0,1.3838757613324019e-05,1.3839111940436252e-05,1.3839118050620385e-05,0.3803372929900234,10.0
dimer,270.0,Neel crossover,1.0931691896822741e-05,0.0,1.0931697900922031e-05,1.0931951160039417e-05,1.093195716457011e-05,0.3446632070141434,10.0
dimer,275.0,Neel crossover,8.70030975227822e-06,0.0,8.700315643465958e-06,8.700498261529656e-06,8.700504153104541e-06,0.31193090106628757,10.0
dimer,280.0,Neel crossover,6.97403193650491e-06,0.0,6.97403770893927e-06,6.974170411855839e-06,6.974176184638242e-06,0.28211280918785386,10.0
dimer,285.0,Neel crossover,5.628461205632678e-06,0.0,5.6284668547757515e-06,5.628563922895409e-06,5.628569572351922e-06,0.255105752835749,10.0
dimer,290.0,Neel crossover,4.572097534479053e-06,0.0,4.572103056945355e-06,4.5721744373497886e-06,4.572179960098866e-06,0.23075501715686242,10.0
dimer,295.0,Neel crossover,3.737086296607257e-06,0.0,3.7370916900239243e-06,3.737144383694989e-06,3.7371497773672004e-06,0.2088744877944496,10.0
dimer,300.0,fast Neel and Brownian,3.072712948386775e-06,0.0,3.072718211265577e-06,3.0727571946073916e-06,3.072762457717523e-06,0.18926247740014465,10.0
superlattice,200.0,"Neel blocked, Brownian only",1560283.320069544,0.9999869883681404,1560693.4029613426,1983254.7901977855,5393214.466226133,0.999999999985609,0.0
superlattice,205.0,"Neel blocked, Brownian only",618581.4988328206,0.9999676688074413,618764.749700223,786598.9917634508,2118514.014688805,0.9999999999669543,0.0
superlattice,210.0,"Neel blocked, Brownian only",255547.8401758013,0.9999218886653076,255632.44160936374,325463.094238227,867615.574535232,0.9999999999270559,0.0
superlattice,215.0,"Neel blocked, Brownian only",109705.93848344375,0.9998178382852788,109746.20800330254,140096.5166870743,369439.4930871587,0.9999999998448097,0.0
superlattice,220.0,"Neel blocked, Brownian only",48818.028246715156,0.9995903076107795,48837.75397579846,62579.80900218226,163150.81020383912,0.9999999996809696,0.0
superlattice,225.0,"Neel blocked, Brownian only",22466.147509650502,0.9991100193193847,22476.07430836947,28941.17742075225,74553.25956837706,0.9999999993648349,0.0
superlattice,230.0,"Neel blocked, Brownian only",10670.068310231258,0.998127666811411,10675.192555027763,13827.616829203214,35177.03817339313,0.9999999987727283,0.0
superlattice,235.0,"Neel blocked, Brownian only",5219.926978449816,0.9961757876240135,5222.636395930337,6811.989434251592,17105.068069187622,0.9999999976942002,0.0
superlattice,240.0,"Neel blocked, Brownian only",2625.771697633182,0.9924123884544296,2627.237170459448,3453.881558487002,8556.330384183417,0.9999999957802161,0.0
superlattice,245.0,Neel crossover,1355.9465621560537,0.9853583325764239,1356.7564223807624,1799.3592722103795,4395.739677084533,0.9999999924656496,0.0
superlattice,250.0,Neel crossover,717.7511009802522,0.9725203512165008,718.2078597756747,961.6757593477031,2315.778439049493,0.9999999868559005,0.0
superlattice,255.0,Neel crossover,388.9133117073397,0.9498742005714457,389.1759499076187,526.5159396928967,1249.3122411556824,0.9999999775644132,0.0
superlattice,260.0,Neel crossover,215.4397944455552,0.91134556543376,215.5936115199473,294.90507337464965,689.2664212596255,0.9999999624843429,0.0
superlattice,265.0,Neel crossover,121.86530881714266,0.8486441130011754,121.95698097327687,168.7706286293837,388.4359368519089,0.9999999384735941,0.0
superlattice,270.0,Neel crossover,70.31351528452879,0.75243531041697,70.36906650752195,98.57080083982143,223.34646178160776,0.9999999009276608,0.0
superlattice,275.0,Neel crossover,41.33890023707599,0.6164323331216067,41.373100887917154,58.689878900511424,130.8914779019916,0.9999998432097024,0.0
superlattice,280.0,Neel crossover,24.74159426861429,0.4455903529313321,24.76297110013337,35.58766542189059,78.10747531067904,0.9999997559016881,0.0
superlattice,285.0,Neel crossover,15.061221231871151,0.26502977699797253,15.074777023783662,21.955518110808462,47.41628824887813,0.9999996258344027,0.0
superlattice,290.0,Neel crossover,9.317449319116983,0.11689136543167289,9.326165028703734,13.769204699297685,29.258169413381932,0.9999994348480494,0.0
superlattice,295.0,Neel crossover,5.853319960534906,0.03281520467932036,5.858998265806026,8.770666864357022,18.336072066983974,0.9999991582288174,0.0
superlattice,300.0,fast Neel and Brownian,3.731311085337817,0.0047006861478828925,3.735057637551841,5.669899297288398,11.662241435140619,0.9999987627605088,0.0
superlattice,200.0,"Neel blocked, Brownian only",1794082.536915926,0.9999886905214624,1794625.1494331325,1983254.7901977855,5393214.466226133,0.999999999985609,5.0
superlattice,205.0,"Neel blocked, Brownian only",704927.4466874097,0.9999719298682791,705165.7641909568,786598.9917634508,2118514.014688805,0.9999999999669543,5.0
superlattice,210.0,"Neel blocked, Brownian only",288776.0706834543,0.9999307430293393,288884.3871634766,325463.094238227,867615.574535232,0.9999999999270559,5.0
superlattice,215.0,"Neel blocked, Brownian only",123001.7552376198,0.9998372977545009,123052.6246419211,140096.5166870743,369439.4930871587,0.9999999998448097,5.0
superlattice,220.0,"Neel blocked, Brownian only",54339.738735908206,0.9996324098035759,54364.39955300617,62579.80900218226,163150.81020383912,0.9999999996809696,5.0
superlattice,225.0,"Neel blocked, Brownian only",24842.597597642394,0.9991953834247672,24854.9342961222,28941.17742075225,74553.25956837706,0.9999999993648349,5.0
superlattice,230.0,"Neel blocked, Brownian only",11728.768053093632,0.9982964101674399,11735.139930314452,13827.616829203214,35177.03817339313,0.9999999987727283,5.0
superlattice,235.0,"Neel blocked, Brownian only",5707.7444342564195,0.9965021001823444,5711.148089228629,6811.989434251592,17105.068069187622,0.9999999976942002,5.0
superlattice,240.0,"Neel blocked, Brownian only",2858.154051866043,0.993027399940254,2860.0401132946295,3453.881558487002,8556.330384183417,0.9999999957802161,5.0
superlattice,245.0,Neel crossover,1470.3936298670894,0.9864897884101248,1471.4825983034045,1799.3592722103795,4395.739677084533,0.9999999924656496,5.0
superlattice,250.0,Neel crossover,776.0445394448939,0.974558634754847,776.7031797473722,961.6757593477031,2315.778439049493,0.9999999868559005,5.0
superlattice,255.0,Neel crossover,419.64141659478867,0.9534583552140278,420.0609072910593,526.5159396928967,1249.3122411556824,0.9999999775644132,5.0
superlattice,260.0,Neel crossover,232.21648327624882,0.9174789208202979,232.49880838884695,294.90507337464965,689.2664212596255,0.9999999624843429,5.0
superlattice,265.0,Neel crossover,131.35940889902034,0.8587699740056122,131.56023128308115,168.7706286293837,388.4359368519089,0.9999999384735941,5.0
superlattice,270.0,Neel crossover,75.88476265818409,0.7683146696487227,76.03517372613734,98.57080083982143,223.34646178160776,0.9999999009276608,5.0
superlattice,275.0,Neel crossover,44.72820507748789,0.6394520107101666,44.84599269961814,58.689878900511424,130.8914779019916,0.9999998432097024,5.0
superlattice,280.0,Neel crossover,26.877033171678672,0.47514744817514193,26.97263793469614,35.58766542189059,78.10747531067904,0.9999997559016881,5.0
superlattice,285.0,Neel crossover,16.452026182915937,0.2965153186405778,16.531751455949006,21.955518110808462,47.41628824887813,0.9999996258344027,5.0
superlattice,290.0,Neel crossover,10.251350102215834,0.14213645138709452,10.319124755809577,13.769204699297685,29.258169413381932,0.9999994348480494,5.0
superlattice,295.0,Neel crossover,6.497799917873081,0.04605189883888988,6.55616401973664,8.770666864357022,18.336072066983974,0.9999991582288174,5.0
superlattice,300.0,fast Neel and Brownian,4.186821977871057,0.008421718820534716,4.237487809743569,5.669899297288398,11.662241435140619,0.9999987627605088,5.0
superlattice,200.0,"Neel blocked, Brownian only",1826972.8553727693,0.9999891356577187,1832874.2735411786,1983254.7901977855,5393214.466226133,0.999999999985609,10.0
superlattice,205.0,"Neel blocked, Brownian only",723538.1609393213,0.9999725572434551,728357.3122329548,786598.9917634508,2118514.014688805,0.9999999999669543,10.0
superlattice,210.0,"Neel blocked, Brownian only",299502.00485067075,0.9999332558258331,303434.73149446293,325463.094238227,867615.574535232,0.9999999999270559,10.0
superlattice,215.0,"Neel blocked, Brownian only",129231.53101541843,0.9998452724370679,132395.34763661612,140096.5166870743,369439.4930871587,0.9999999998448097,10.0
superlattice,220.0,"Neel blocked, Brownian only",57966.991941149085,0.9996555490615985,60460.037465374364,62579.80900218226,163150.81020383912,0.9999999996809696,10.0
superlattice,225.0,"Neel blocked, Brownian only",26955.777883479986,0.9992593627038318,28874.927760093047,28941.17742075225,74553.25956837706,0.9999999993648349,10.0
superlattice,230.0,"Neel blocked, Brownian only",12960.888955366156,0.9984587892519109,14403.255342613436,13827.616829203214,35177.03817339313,0.9999999987727283,10.0
superlattice,235.0,"Neel blocked, Brownian only",6427.762817255651,0.9968946264501323,7486.514151659306,6811.989434251592,17105.068069187622,0.9999999976942002,10.0
superlattice,240.0,"Neel blocked, Brownian only",3280.6605800137577,0.9939242735150777,4040.3457458012954,3453.881558487002,8556.330384183417,0.9999999957802161,10.0
superlattice,245.0,Neel crossover,1719.8281974782774,0.9884400851612493,2253.268695994943,1799.3592722103795,4395.739677084533,0.9999999924656496,10.0
superlattice,250.0,Neel crossover,924.4453068752101,0.978601124074692,1291.5384276949894,961.6757593477031,2315.778439049493,0.9999999868559005,10.0
superlattice,255.0,Neel crossover,508.7317466723842,0.9614534135876461,756.7677617681557,526.5159396928967,1249.3122411556824,0.9999999775644132,10.0
superlattice,260.0,Neel crossover,286.2327095730608,0.9325183632302261,451.17501480537953,294.90507337464965,689.2664212596255,0.9999999624843429,10.0
superlattice,265.0,Neel crossover,164.452836046622,0.8854953420094446,272.711989207509,168.7706286293837,388.4359368519089,0.9999999384735941,10.0
superlattice,270.0,Neel crossover,96.3762474609901,0.8126038370875187,166.73010902373443,98.57080083982143,223.34646178160776,0.9999999009276608,10.0
superlattice,275.0,Neel crossover,57.55161766470887,0.706448099272962,102.96869566243352,58.689878900511424,130.8914779019916,0.9999998432097024,10.0
superlattice,280.0,Neel crossover,34.98547081889298,0.5645880451460953,64.20136287976315,35.58766542189059,78.10747531067904,0.9999997559016881,10.0
superlattice,285.0,Neel crossover,21.63074870456164,0.39668646270156305,40.4116374579453,21.955518110808462,47.41628824887813,0.9999996258344027,10.0
superlattice,290.0,Neel crossover,13.59077240310764,0.22955833510993634,25.6845348045169,13.769204699297685,29.258169413381932,0.9999994348480494,10.0
superlattice,295.0,Neel crossover,8.670866196917808,0.09959811635406238,16.487400449122276,8.770666864357022,18.336072066983974,0.9999991582288174,10.0
superlattice,300.0,fast Neel and Brownian,5.613112101750252,0.028348738675919152,10.691763337400777,5.669899297288398,11.662241435140619,0.9999987627605088,10.0
