channel,inherit,temperature_K,freeze_temperature_K,window_s,blocked,kBT_J,U_pair_J,U_pair_equilibrium_J,vdW_pair_J,repulsive_weight,U_per_NC_J,U_lattice_per_NC_J,U_lattice_per_NC_equilibrium_J,U_pair_excess_J,U_pair_kBT,U_pair_equilibrium_kBT,vdW_pair_kBT,U_per_NC_kBT,U_lattice_per_NC_kBT,U_lattice_per_NC_equilibrium_kBT,U_pair_excess_kBT
face,dispersed,200.0,266.9491585330256,20.0,True,2.7612980000000003e-21,-4.883437028578612e-21,-3.115503813924983e-20,-4.8834370285786125e-21,0.375,-2.441718514289306e-21,-1.4650311085735836e-20,-9.346511441774948e-20,2.6271601110671217e-20,-1.768529520746624,-11.282751133434285,-1.7685295207466243,-0.884264760373312,-5.305588562239872,-33.84825340030286,9.514221612687662
face,dispersed,201.0,266.9491585330256,20.0,True,2.7751044900000003e-21,-4.883437028578612e-21,-3.1149754556540226e-20,-4.8834370285786125e-21,0.375,-2.441718514289306e-21,-1.4650311085735836e-20,-9.344926366962068e-20,2.6266317527961615e-20,-1.7597308664145512,-11.224714121139353,-1.7597308664145515,-0.8798654332072756,-5.279192599243654,-33.674142363418056,9.464983254724803
face,dispersed,202.0,266.9491585330256,20.0,True,2.7889109800000003e-21,-4.883437028578612e-21,-3.11443975272158e-20,-4.8834370285786125e-21,0.375,-2.441718514289306e-21,-1.4650311085735836e-20,-9.343319258164739e-20,2.6260960498637186e-20,-1.7510193274719048,-11.167225397497555,-1.7510193274719053,-0.8755096637359524,-5.253057982415715,-33.50167619249266,9.41620607002565
face,dispersed,203.0,266.9491585330256,20.0,True,2.8027174700000003e-21,-4.883437028578612e-21,-3.113896703447531e-20,-4.8834370285786125e-21,0.375,-2.441718514289306e-21,-1.4650311085735836e-20,-9.341690110342593e-20,2.62555300058967e-20,-1.742393616499137,-11.11027685372629,-1.7423936164991372,-0.8711968082495685,-5.227180849497411,-33.33083056117887,9.367883237227154
face,dispersed,204.0,266.9491585330256,20.0,True,2.8165239600000003e-21,-4.883437028578612e-21,-3.1133463072229955e-20,-4.8834370285786125e-21,0.375,-2.441718514289306e-21,-1.4650311085735836e-20,-9.340038921668987e-20,2.6250026043651344e-20,-1.7338524713202195,-11.053860543842116,-1.73385247132022,-0.8669262356601097,-5.201557413960659,-33.16158163152635,9.320008072521897
face,dispersed,205.0,266.9491585330256,20.0,True,2.8303304500000003e-21,-4.883437028578612e-21,-3.112788564492808e-20,-4.8834370285786125e-21,0.375,-2.441718514289306e-21,-1.4650311085735836e-20,-9.338365693478425e-20,2.624444861634947e-20,-1.72539465438695,-10.997968680628114,-1.7253946543869505,-0.862697327193475,-5.176183963160851,-32.993906041884344,9.272574026241164
face,dispersed,206.0,266.9491585330256,20.0,True,2.8441369400000004e-21,-4.883437028578612e-21,-3.112223476737947e-20,-4.8834370285786125e-21,0.375,-2.441718514289306e-21,-1.4650311085735836e-20,-9.336670430213841e-20,2.623879773880086e-20,-1.7170189521811883,-10.942593631718543,-1.7170189521811885,-0.8585094760905941,-5.1510568565435655,-32.827780895155634,9.225574679537356
face,dispersed,207.0,266.9491585330256,20.0,True,2.8579434300000004e-21,-4.883437028578612e-21,-3.111651046457906e-20,-4.8834370285786125e-21,0.375,-2.441718514289306e-21,-1.4650311085735836e-20,-9.334953139373718e-20,2.6233073436000448e-20,-1.7087241746344193,-10.887727915796798,-1.7087241746344195,-0.8543620873172096,-5.126172523903258,-32.6631837473904,9.17900374116238
face,dispersed,208.0,266.9491585330256,20.0,True,2.8717499200000004e-21,-4.883437028578612e-21,-3.1110712771529886e-20,-4.8834370285786125e-21,0.375,-2.441718514289306e-21,-1.4650311085735836e-20,-9.333213831458965e-20,2.6227275742951275e-20,-1.7005091545640614,-10.833364198902766,-1.7005091545640616,-0.8502545772820307,-5.101527463692185,-32.50009259670829,9.132855044338704
face,dispersed,209.0,266.9491585330256,20.0,True,2.88555641e-21,-4.883437028578612e-21,-3.110484173306643e-20,-4.8834370285786125e-21,0.375,-2.441718514289306e-21,-1.4650311085735836e-20,-9.331452519919928e-20,2.6221404704487816e-20,-1.6923727471259562,-10.779495290846326,-1.6923727471259564,-0.8461863735629781,-5.077118241377868,-32.338485872538975,9.087122543720369
face,dispersed,210.0,266.9491585330256,20.0,True,2.8993629e-21,-4.883437028578612e-21,-3.109889740367725e-20,-4.8834370285786125e-21,0.375,-2.441718514289306e-21,-1.4650311085735836e-20,-9.329669221103175e-20,2.6215460375098637e-20,-1.684313829282499,-10.726114141723082,-1.6843138292824995,-0.8421569146412495,-5.052941487847498,-32.17834242516925,9.041800312440584
face,dispersed,211.0,266.9491585330256,20.0,True,2.91316939e-21,-4.883437028578612e-21,-3.1092879847328224e-20,-4.8834370285786125e-21,0.375,-2.441718514289306e-21,-1.4650311085735836e-20,-9.327863954198467e-20,2.6209442818749613e-20,-1.6763312992858996,-10.67321383852939,-1.6763312992858999,-0.8381656496429498,-5.028993897857699,-32.01964151558817,8.996882539243492
face,dispersed,212.0,266.9491585330256,20.0,True,2.92697588e-21,-4.883437028578612e-21,-3.1086789137285275e-20,-4.8834370285786125e-21,0.375,-2.441718514289306e-21,-1.4650311085735836e-20,-9.326036741185582e-20,2.6203352108706664e-20,-1.6684240761760605,-10.620787601872987,-1.6684240761760607,-0.8342120380880302,-5.005272228528182,-31.86236280561896,8.952363525696926
face,dispersed,213.0,266.9491585330256,20.0,True,2.94078237e-21,-4.883437028578612e-21,-3.1080625355938186e-20,-4.8834370285786125e-21,0.375,-2.441718514289306e-21,-1.4650311085735836e-20,-9.324187606781456e-20,2.6197188327359575e-20,-1.6605910992926047,-10.568828782776668,-1.660591099292605,-0.8302955496463024,-4.981773297877814,-31.706486348330003,8.908237683484064
face,dispersed,214.0,266.9491585330256,20.0,True,2.95458886e-21,-4.883437028578612e-21,-3.107438859462386e-20,-4.8834370285786125e-21,0.375,-2.441718514289306e-21,-1.4650311085735836e-20,-9.322316578387158e-20,2.6190951566045247e-20,-1.6528313278005833,-10.517330859571391,-1.6528313278005835,-0.8264156639002916,-4.95849398340175,-31.551992578714174,8.864499531770809
face,dispersed,215.0,266.9491585330256,20.0,True,2.96839535e-21,-4.883437028578612e-21,-3.106807895345077e-20,-4.8834370285786125e-21,0.375,-2.441718514289306e-21,-1.4650311085735836e-20,-9.320423686035232e-20,2.618464192487216e-20,-1.6451437402294178,-10.46628743487648,-1.645143740229418,-0.8225718701147089,-4.935431220688254,-31.39886230462944,8.821143694647063
face,dispersed,216.0,266.9491585330256,20.0,True,2.98220184e-21,-4.883437028578612e-21,-3.1061696541123714e-20,-4.8834370285786125e-21,0.375,-2.441718514289306e-21,-1.4650311085735836e-20,-9.318508962337115e-20,2.6178259512545103e-20,-1.637527334024652,-10.415692232663806,-1.6375273340246521,-0.818763667012326,-4.912582002073956,-31.24707669799142,8.778164898639155
face,dispersed,217.0,266.9491585330256,20.0,True,2.99600833e-21,-4.883437028578612e-21,-3.1055241474769174e-20,-4.8834370285786125e-21,0.375,-2.441718514289306e-21,-1.4650311085735836e-20,-9.316572442430752e-20,2.6171804446190563e-20,-1.629981125112096,-10.365539095403374,-1.6299811251120961,-0.814990562556048,-4.889943375336288,-31.09661728621012,8.735557970291278
face,dispersed,218.0,266.9491585330256,20.0,True,3.00981482e-21,-4.883437028578612e-21,-3.104871387976177e-20,-4.8834370285786125e-21,0.375,-2.441718514289306e-21,-1.4650311085735836e-20,-9.314614163928532e-20,2.616527685118316e-20,-1.622504147473967,-10.315821981287796,-1.6225041474739672,-0.8112520737369835,-4.867512442421901,-30.94746594386339,8.693317833813829
face,dispersed,219.0,266.9491585330256,20.0,True,3.02362131e-21,-4.883437028578612e-21,-3.1042113889550934e-20,-4.8834370285786125e-21,0.375,-2.441718514289306e-21,-1.4650311085735836e-20,-9.312634166865281e-20,2.6158676860972324e-20,-1.615095452736643,-10.266534961532908,-1.6150954527366432,-0.8075477263683215,-4.845286358209929,-30.79960488459873,8.651439508796265
face,dispersed,220.0,266.9491585330256,20.0,True,3.0374278e-21,-4.883437028578612e-21,-3.103544164548923e-20,-4.8834370285786125e-21,0.375,-2.441718514289306e-21,-1.4650311085735836e-20,-9.310632493646769e-20,2.6152004616910618e-20,-1.6077541097696582,-10.217672217752543,-1.6077541097696584,-0.8038770548848291,-4.8232623293089745,-30.65301665325763,8.609918107982885
face,dispersed,221.0,266.9491585330256,20.0,True,3.05123429e-21,-4.883437028578612e-21,-3.10286972966613e-20,-4.8834370285786125e-21,0.375,-2.441718514289306e-21,-1.4650311085735836e-20,-9.30860918899839e-20,2.6145260268082688e-20,-1.6004792042955873,-10.169228039404768,-1.6004792042955875,-0.8002396021477937,-4.801437612886763,-30.507684118214303,8.568748835109181
face,dispersed,222.0,266.9491585330256,20.0,True,3.06504078e-21,-4.883437028578612e-21,-3.1021880999713866e-20,-4.8834370285786125e-21,0.375,-2.441718514289306e-21,-1.4650311085735836e-20,-9.30656429991416e-20,2.6138443971135255e-20,-1.593269838510472,-10.121196821307501,-1.5932698385104724,-0.796634919255236,-4.779809515531417,-30.363590463922502,8.527926982797029
face,dispersed,223.0,266.9491585330256,20.0,True,3.0788472700000002e-21,-4.883437028578612e-21,-3.10149929186871e-20,-4.8834370285786125e-21,0.375,-2.441718514289306e-21,-1.4650311085735836e-20,-9.30449787560613e-20,2.6131555890108492e-20,-1.586125130714461,-10.073573061221417,-1.5861251307144613,-0.7930625653572305,-4.758375392143384,-30.220719183664247,8.487447930506956
face,dispersed,224.0,266.9491585330256,20.0,True,3.0926537600000002e-21,-4.883437028578612e-21,-3.1008033224846973e-20,-4.8834370285786125e-21,0.375,-2.441718514289306e-21,-1.4650311085735836e-20,-9.302409967454092e-20,2.6124596196268362e-20,-1.579044214952343,-10.026351357497896,-1.5790442149523432,-0.7895221074761715,-4.737132644857029,-30.079054072493687,8.447307142545553
face,dispersed,225.0,266.9491585330256,20.0,True,3.1064602500000002e-21,-4.883437028578612e-21,-3.100100209651909e-20,-4.8834370285786125e-21,0.375,-2.441718514289306e-21,-1.4650311085735836e-20,-9.300300628955728e-20,2.611756506794048e-20,-1.5720262406636658,-9.979526406790201,-1.572026240663666,-0.7860131203318329,-4.716078721990997,-29.938579220370602,8.407500166126535
face,dispersed,226.0,266.9491585330256,20.0,True,3.1202667400000002e-21,-4.883437028578612e-21,-3.099389971892367e-20,-4.8834370285786125e-21,0.375,-2.441718514289306e-21,-1.4650311085735836e-20,-9.2981699156771e-20,2.6110462690345058e-20,-1.565070372342145,-9.933093001825757,-1.5650703723421453,-0.7825351861710725,-4.695211117026435,-29.799279005477267,8.368022629483612
face,dispersed,227.0,266.9491585330256,20.0,True,3.1340732300000002e-21,-4.883437028578612e-21,-3.098672628401225e-20,-4.8834370285786125e-21,0.375,-2.441718514289306e-21,-1.4650311085735836e-20,-9.296017885203675e-20,2.6103289255433638e-20,-1.558175789204074,-9.887046029237883,-1.5581757892040742,-0.779087894602037,-4.674527367612222,-29.66113808771365,8.32887024003381
face,dispersed,228.0,266.9491585330256,20.0,True,3.1478797200000003e-21,-4.883437028578612e-21,-3.09794819903054e-20,-4.8834370285786125e-21,0.375,-2.441718514289306e-21,-1.4650311085735836e-20,-9.29384459709162e-20,2.609604496172679e-20,-1.5513416848654595,-9.841380467454899,-1.55134168486546,-0.7756708424327298,-4.654025054596379,-29.524141402364698,8.29003878258944
face,dispersed,229.0,266.9491585330256,20.0,True,3.1616862100000003e-21,-4.883437028578612e-21,-3.0972167042732294e-20,-4.8834370285786125e-21,0.375,-2.441718514289306e-21,-1.4650311085735836e-20,-9.291650112819688e-20,2.6088730014153683e-20,-1.5445672670276192,-9.796091384645123,-1.5445672670276194,-0.7722836335138096,-4.633701801082858,-29.38827415393537,8.251524117617505
face,dispersed,230.0,266.9491585330256,20.0,True,3.1754927000000003e-21,-4.883437028578612e-21,-3.096478165247145e-20,-4.8834370285786125e-21,0.375,-2.441718514289306e-21,-1.4650311085735836e-20,-9.289434495741435e-20,2.6081344623892838e-20,-1.5378517571709773,-9.751173936715851,-1.5378517571709776,-0.7689258785854887,-4.613555271512932,-29.253521810147554,8.213322179544873
face,dispersed,231.0,266.9491585330256,20.0,True,3.1892991900000003e-21,-4.883437028578612e-21,-3.095732603679369e-20,-4.8834370285786125e-21,0.375,-2.441718514289306e-21,-1.4650311085735836e-20,-9.287197811038108e-20,2.607388900821508e-20,-1.5311943902568173,-9.706623365365006,-1.5311943902568175,-0.7655971951284086,-4.593583170770452,-29.11987009609502,8.17542897510819
face,dispersed,232.0,266.9491585330256,20.0,True,3.2031056800000003e-21,-4.883437028578612e-21,-3.09498004189058e-20,-4.8834370285786125e-21,0.375,-2.441718514289306e-21,-1.4650311085735836e-20,-9.284940125671739e-20,2.6066363390327187e-20,-1.5245944144367447,-9.66243499618339,-1.524594414436745,-0.7622972072183724,-4.573783243310235,-28.987304988550168,8.137840581746646
face,dispersed,233.0,266.9491585330256,20.0,True,3.2169121700000003e-21,-4.883437028578612e-21,-3.0942205027796704e-20,-4.8834370285786125e-21,0.375,-2.441718514289306e-21,-1.4650311085735836e-20,-9.282661508339011e-20,2.6058767999218093e-20,-1.5180510907696343,-9.618604236806597,-1.5180510907696345,-0.7590255453848171,-4.554153272308903,-28.855812710419787,8.100553146036962
face,dispersed,234.0,266.9491585330256,20.0,True,3.2307186600000003e-21,-4.883437028578612e-21,-3.093454009808494e-20,-4.8834370285786125e-21,0.375,-2.441718514289306e-21,-1.4650311085735836e-20,-9.280362029425481e-20,2.605110306950633e-20,-1.5115636929458325,-9.575126575114695,-1.5115636929458327,-0.7557818464729162,-4.534691078837498,-28.725379725344084,8.063562882168863
face,dispersed,235.0,266.9491585330256,20.0,True,3.2445251500000003e-21,-4.883437028578612e-21,-3.0926805869867713e-20,-4.8834370285786125e-21,0.375,-2.441718514289306e-21,-1.4650311085735836e-20,-9.278041760960313e-20,2.6043368841289102e-20,-1.5051315070184033,-9.53199757747839,-1.5051315070184035,-0.7525657535092016,-4.51539452105521,-28.595992732435167,8.026866070459986
face,dispersed,236.0,266.9491585330256,20.0,True,3.2583316400000004e-21,-4.883437028578612e-21,-3.0919002588572053e-20,-4.8834370285786125e-21,0.375,-2.441718514289306e-21,-1.4650311085735836e-20,-9.275700776571616e-20,2.6035565559993442e-20,-1.4987538311412067,-9.489212887050396,-1.498753831141207,-0.7493769155706034,-4.496261493423621,-28.467638661151188,7.990459055909189
face,dispersed,237.0,266.9491585330256,20.0,True,3.2721381300000004e-21,-4.883437028578612e-21,-3.091113050480739e-20,-4.8834370285786125e-21,0.375,-2.441718514289306e-21,-1.4650311085735836e-20,-9.273339151442217e-20,2.602769347622878e-20,-1.4924299753136068,-9.446768222100511,-1.492429975313607,-0.7462149876568034,-4.47728992594082,-28.34030466630153,7.954338246786904
face,dispersed,238.0,266.9491585330256,20.0,True,3.2859446200000004e-21,-4.883437028578612e-21,-3.090318987422034e-20,-4.8834370285786125e-21,0.375,-2.441718514289306e-21,-1.4650311085735836e-20,-9.270956962266102e-20,2.6019752845641728e-20,-1.4861592611316168,-9.404659374393333,-1.486159261131617,-0.7430796305658084,-4.458477783394851,-28.213978123179995,7.918500113261715
face,dispersed,239.0,266.9491585330256,20.0,True,3.2997511100000004e-21,-4.883437028578612e-21,-3.089518095735076e-20,-4.8834370285786125e-21,0.375,-2.441718514289306e-21,-1.4650311085735836e-20,-9.268554287205228e-20,2.6011743928772148e-20,-1.479941021545292,-9.362882207607093,-1.4799410215452922,-0.739970510772646,-4.439823064635876,-28.08864662282128,7.882941186061801
face,dispersed,240.0,266.9491585330256,20.0,True,3.3135576e-21,-4.883437028578612e-21,-3.0887104019490313e-20,-4.8834370285786125e-21,0.375,-2.441718514289306e-21,-1.4650311085735836e-20,-9.266131205847094e-20,2.6003666990911702e-20,-1.4737746006221868,-9.32143265579277,-1.473774600622187,-0.7368873003110934,-4.421323801866561,-27.964297967378307,7.847658055170582
face,dispersed,241.0,266.9491585330256,20.0,True,3.32736409e-21,-4.883437028578612e-21,-3.08789593305421e-20,-4.8834370285786125e-21,0.375,-2.441718514289306e-21,-1.4650311085735836e-20,-9.263687799162629e-20,2.5995522301963487e-20,-1.4676593533167006,-9.280306721871876,-1.4676593533167008,-0.7338296766583503,-4.402978059950102,-27.84092016561563,7.812647368555176
face,dispersed,242.0,266.9491585330256,20.0,True,3.34117058e-21,-4.883437028578612e-21,-3.087074716488294e-20,-4.8834370285786125e-21,0.375,-2.441718514289306e-21,-1.4650311085735836e-20,-9.261224149464882e-20,2.598731013630433e-20,-1.4615946452451438,-9.239500476172317,-1.461594645245144,-0.7307973226225719,-4.384783935735432,-27.718501428516955,7.777905830927174
face,dispersed,243.0,266.9491585330256,20.0,True,3.35497707e-21,-4.883437028578612e-21,-3.086246780122704e-20,-4.8834370285786125e-21,0.375,-2.441718514289306e-21,-1.4650311085735836e-20,-9.258740340368113e-20,2.597903077264843e-20,-1.4555798524663572,-9.199010055000775,-1.4555798524663575,-0.7277899262331786,-4.366739557399072,-27.597030165002327,7.743430202534419
face,dispersed,244.0,266.9491585330256,20.0,True,3.36878356e-21,-4.883437028578612e-21,-3.085412152249161e-20,-4.8834370285786125e-21,0.375,-2.441718514289306e-21,-1.4650311085735836e-20,-9.256236456747483e-20,2.5970684493913e-20,-1.4496143612677246,-9.158831659250797,-1.4496143612677248,-0.7248071806338623,-4.348843083803175,-27.47649497775239,7.7092172979830735
face,dispersed,245.0,266.9491585330256,20.0,True,3.38259005e-21,-4.883437028578612e-21,-3.0845708615664473e-20,-4.8834370285786125e-21,0.375,-2.441718514289306e-21,-1.4650311085735836e-20,-9.253712584699342e-20,2.5962271587085863e-20,-1.443697567956428,-9.118961553045564,-1.4436975679564281,-0.721848783978214,-4.331092703869284,-27.356884659136693,7.675263985089137
face,dispersed,246.0,266.9491585330256,20.0,True,3.39639654e-21,-4.883437028578612e-21,-3.083722937167365e-20,-4.8834370285786125e-21,0.375,-2.441718514289306e-21,-1.4650311085735836e-20,-9.251168811502094e-20,2.5953792343095037e-20,-1.437828878655792,-9.079396062414327,-1.4378288786557922,-0.718914439327896,-4.313486635967376,-27.238188187242983,7.641567183758536
face,dispersed,247.0,266.9491585330256,20.0,True,3.4102030300000005e-21,-4.883437028578612e-21,-3.082868408525868e-20,-4.8834370285786125e-21,0.375,-2.441718514289306e-21,-1.4650311085735836e-20,-9.248605225577605e-20,2.594524705668007e-20,-1.432007709106578,-9.040131574001526,-1.4320077091065782,-0.716003854553289,-4.296023127319734,-27.120394722004583,7.6081238648949485
face,dispersed,248.0,266.9491585330256,20.0,True,3.42400952e-21,-4.883437028578612e-21,-3.082007305484414e-20,-4.8834370285786125e-21,0.375,-2.441718514289306e-21,-1.4650311085735836e-20,-9.246021916453242e-20,2.593663602626553e-20,-1.426233484473084,-9.001164533807762,-1.4262334844730842,-0.713116742236542,-4.278700453419252,-27.003493601423287,7.574931049334679
face,dispersed,249.0,266.9491585330256,20.0,True,3.4378160100000005e-21,-4.883437028578612e-21,-3.081139658241446e-20,-4.8834370285786125e-21,0.375,-2.441718514289306e-21,-1.4650311085735836e-20,-9.243418974724337e-20,2.5927959553835847e-20,-1.4205056391539148,-8.962491445961488,-1.420505639153915,-0.7102528195769574,-4.261516917461744,-26.887474337884463,7.541985806807573
face,dispersed,250.0,266.9491585330256,20.0,True,3.4516225e-21,-4.883437028578612e-21,-3.080265497339148e-20,-4.8834370285786125e-21,0.375,-2.441718514289306e-21,-1.4650311085735836e-20,-9.240796492017445e-20,2.5919217944812872e-20,-1.4148236165972992,-8.924108871520996,-1.4148236165972994,-0.7074118082986496,-4.244470849791898,-26.772326614562992,7.5092852549236975
face,dispersed,251.0,266.9491585330256,20.0,True,3.4654289900000005e-21,-4.883437028578612e-21,-3.0793848536513506e-20,-4.8834370285786125e-21,0.375,-2.441718514289306e-21,-1.4650311085735836e-20,-9.238154560954052e-20,2.5910411507934895e-20,-1.4091868691208158,-8.886013427305432,-1.409186869120816,-0.7045934345604079,-4.227560607362448,-26.658040281916296,7.476826558184616
face,dispersed,252.0,266.9491585330256,20.0,True,3.47923548e-21,-4.883437028578612e-21,-3.0784977583716075e-20,-4.8834370285786125e-21,0.375,-2.441718514289306e-21,-1.4650311085735836e-20,-9.235493275114822e-20,2.5901540555137464e-20,-1.4035948577354158,-8.848201784754181,-1.403594857735416,-0.7017974288677079,-4.210784573206248,-26.544605354262547,7.444606927018766
face,dispersed,253.0,266.9491585330256,20.0,True,3.4930419700000006e-21,-4.883437028578612e-21,-3.077604243001506e-20,-4.8834370285786125e-21,0.375,-2.441718514289306e-21,-1.4650311085735836e-20,-9.232812729004517e-20,2.5892605401436447e-20,-1.3980470519736157,-8.810670668813938,-1.398047051973616,-0.6990235259868078,-4.194141155920847,-26.432012006441813,7.412623616840322
face,dispersed,254.0,266.9491585330256,20.0,True,3.50684846e-21,-4.883437028578612e-21,-3.076704339339153e-20,-4.8834370285786125e-21,0.375,-2.441718514289306e-21,-1.4650311085735836e-20,-9.230113018017459e-20,2.588360636481292e-20,-1.3925429297217513,-8.773416856852585,-1.3925429297217513,-0.6962714648608757,-4.1776287891652535,-26.320250570557754,7.380873927130834
face,dispersed,255.0,266.9491585330256,20.0,True,3.5206549500000006e-21,-4.883437028578612e-21,-3.075798079467836e-20,-4.8834370285786125e-21,0.375,-2.441718514289306e-21,-1.4650311085735836e-20,-9.227394238403507e-20,2.5874543766099747e-20,-1.3870819770561755,-8.736437177599115,-1.3870819770561758,-0.6935409885280878,-4.161245931168527,-26.209311532797344,7.34935520054294
face,dispersed,256.0,266.9491585330256,20.0,True,3.53446144e-21,-4.883437028578612e-21,-3.074885495744893e-20,-4.8834370285786125e-21,0.375,-2.441718514289306e-21,-1.4650311085735836e-20,-9.224656487234678e-20,2.5865417928870316e-20,-1.3816636880833,-8.699728510109004,-1.3816636880833002,-0.69083184404165,-4.144991064249901,-26.099185530327013,7.318064822025704
face,dispersed,257.0,266.9491585330256,20.0,True,3.54826793e-21,-4.883437028578612e-21,-3.0739666207907753e-20,-4.8834370285786125e-21,0.375,-2.441718514289306e-21,-1.4650311085735836e-20,-9.221899862372326e-20,2.5856229179329142e-20,-1.3762875647833652,-8.663287782754262,-1.3762875647833654,-0.6881437823916826,-4.1288626943500955,-25.989863348262787,7.287000217970897
face,dispersed,258.0,266.9491585330256,20.0,True,3.56207442e-21,-4.883437028578612e-21,-3.073041487478277e-20,-4.8834370285786125e-21,0.375,-2.441718514289306e-21,-1.4650311085735836e-20,-9.21912446243483e-20,2.5846977846204156e-20,-1.3709531168578482,-8.627111972237449,-1.3709531168578484,-0.6854765584289241,-4.112859350573545,-25.881335916712345,7.2561588553796
face,dispersed,259.0,266.9491585330256,20.0,True,3.57588091e-21,-4.883437028578612e-21,-3.0721101289219723e-20,-4.8834370285786125e-21,0.375,-2.441718514289306e-21,-1.4650311085735836e-20,-9.216330386765917e-20,2.5837664260641112e-20,-1.3656598615804048,-8.591198102629129,-1.365659861580405,-0.6828299307902024,-4.096979584741215,-25.77359430788739,7.225538241048724
face,dispersed,260.0,266.9491585330256,20.0,True,3.5896874e-21,-4.883437028578612e-21,-3.071172578467832e-20,-4.8834370285786125e-21,0.375,-2.441718514289306e-21,-1.4650311085735836e-20,-9.213517735403496e-20,2.582828875609971e-20,-1.3604073236512493,-8.555543244428002,-1.3604073236512495,-0.6802036618256246,-4.081221970953748,-25.666629733284005,7.195135920776753
face,dispersed,261.0,266.9491585330256,20.0,True,3.60349389e-21,-4.883437028578612e-21,-3.0702288696830234e-20,-4.8834370285786125e-21,0.375,-2.441718514289306e-21,-1.4650311085735836e-20,-9.21068660904907e-20,2.5818851668251623e-20,-1.3551950350548845,-8.520144513643183,-1.3551950350548847,-0.6775975175274422,-4.065585105164653,-25.560433540929548,7.1649494785883
face,dispersed,262.0,266.9491585330256,20.0,True,3.61730038e-21,-4.883437028578612e-21,-3.0692790363458986e-20,-4.8834370285786125e-21,0.375,-2.441718514289306e-21,-1.4650311085735836e-20,-9.207837109037696e-20,2.5809353334880375e-20,-1.350022534921087,-8.484999070898,-1.3500225349210873,-0.6750112674605435,-4.050067604763261,-25.454997212694,7.1349765359769135
face,dispersed,263.0,266.9491585330256,20.0,True,3.63110687e-21,-4.883437028578612e-21,-3.0683231124361774e-20,-4.8834370285786125e-21,0.375,-2.441718514289306e-21,-1.4650311085735836e-20,-9.204969337308532e-20,2.5799794095783163e-20,-1.3448893693890678,-8.450104120554782,-1.344889369389068,-0.6724446846945339,-4.034668108167204,-25.350312361664344,7.105214751165714
face,dispersed,264.0,266.9491585330256,20.0,True,3.64491336e-21,-4.883437028578612e-21,-3.067361132125286e-20,-4.8834370285786125e-21,0.375,-2.441718514289306e-21,-1.4650311085735836e-20,-9.202083396375859e-20,2.5790174292674252e-20,-1.3397950914747152,-8.415456909859953,-1.3397950914747154,-0.6698975457373576,-4.019385274424145,-25.24637072957986,7.075661818385239
face,dispersed,265.0,266.9491585330256,20.0,True,3.65871985e-21,-4.883437028578612e-21,-3.0663931297668934e-20,-4.8834370285786125e-21,0.375,-2.441718514289306e-21,-1.4650311085735836e-20,-9.19917938930068e-20,2.5780494269090323e-20,-1.3347392609408484,-8.38105472810905,-1.3347392609408486,-0.6673696304704242,-4.004217782822545,-25.14316418432715,7.046315467168202
face,dispersed,266.0,266.9491585330256,20.0,True,3.67252634e-21,-4.883437028578612e-21,-3.065419139887637e-20,-4.8834370285786125e-21,0.375,-2.441718514289306e-21,-1.4650311085735836e-20,-9.19625741966291e-20,2.5770754370297756e-20,-1.329721444170394,-8.346894905831054,-1.3297214441703942,-0.664860722085197,-3.989164332511182,-25.04068471749316,7.01717346166066
face,dispersed,267.0,266.9491585330256,20.0,False,3.68633283e-21,-3.0644391971779916e-20,-3.0644391971779916e-20,-4.8834370285786125e-21,3.997024741968269e-05,-1.5322195985889958e-20,-9.193317591533975e-20,-9.193317591533975e-20,0.0,-8.312974813991474,-8.312974813991474,-1.3247412140424153,-4.156487406995737,-24.938924441974425,-24.938924441974425,0.0
face,dispersed,268.0,266.9491585330256,20.0,False,3.7001393200000004e-21,-3.0634533364833596e-20,-3.0634533364833596e-20,-4.8834370285786125e-21,4.158734542976601e-05,-1.5317266682416798e-20,-9.190360009450078e-20,-9.190360009450078e-20,0.0,-8.27929186321384,-8.27929186321384,-1.3197981498109137,-4.13964593160692,-24.83787558964152,-24.83787558964152,0.0
face,dispersed,269.0,266.9491585330256,20.0,False,3.71394581e-21,-3.0624615927953155e-20,-3.0624615927953155e-20,-4.8834370285786125e-21,4.325678451442611e-05,-1.5312307963976578e-20,-9.187384778385947e-20,-9.187384778385947e-20,0.0,-8.245843503019005,-8.245843503019005,-1.3148918369863378,-4.1229217515095025,-24.737530509057013,-24.737530509057013,0.0
face,dispersed,270.0,266.9491585330256,20.0,False,3.7277523000000004e-21,-3.061464001242997e-20,-3.061464001242997e-20,-4.8834370285786125e-21,4.4979786365371715e-05,-1.5307320006214986e-20,-9.184392003728992e-20,-9.184392003728992e-20,0.0,-8.212627221081714,-8.212627221081714,-1.3100218672197217,-4.106313610540857,-24.637881663245146,-24.637881663245146,0.0
face,dispersed,271.0,266.9491585330256,20.0,False,3.74155879e-21,-3.060460597084721e-20,-3.060460597084721e-20,-4.8834370285786125e-21,4.675758757733798e-05,-1.5302302985423604e-20,-9.181381791254162e-20,-9.181381791254162e-20,0.0,-8.179640542504266,-8.179640542504266,-1.3051878381893907,-4.089820271252133,-24.5389216275128,-24.5389216275128,0.0
face,dispersed,272.0,266.9491585330256,20.0,False,3.7553652800000004e-21,-3.059451415699729e-20,-3.059451415699729e-20,-4.8834370285786125e-21,4.8591439532790334e-05,-1.5297257078498645e-20,-9.178354247099187e-20,-9.178354247099187e-20,0.0,-8.146881029106519,-8.146881029106519,-1.300389353490165,-4.073440514553259,-24.440643087319554,-24.440643087319554,0.0
face,dispersed,273.0,266.9491585330256,20.0,False,3.76917177e-21,-3.05843649258011e-20,-3.05843649258011e-20,-4.8834370285786125e-21,5.04826082813747e-05,-1.529218246290055e-20,-9.17530947774033e-20,-9.17530947774033e-20,0.0,-8.114346278731972,-8.114346278731972,-1.2956260225249996,-4.057173139365986,-24.343038836195916,-24.343038836195916,0.0
face,dispersed,274.0,266.9491585330256,20.0,False,3.7829782600000005e-21,-3.0574158633229076e-20,-3.0574158633229076e-20,-4.8834370285786125e-21,5.2432374414201176e-05,-1.5287079316614538e-20,-9.172247589968723e-20,-9.172247589968723e-20,0.0,-8.082033924569545,-8.082033924569545,-1.2908974603989958,-4.041016962284773,-24.246101773708638,-24.246101773708638,0.0
face,dispersed,275.0,266.9491585330256,20.0,False,3.79678475e-21,-3.0563895636223636e-20,-3.0563895636223636e-20,-4.8834370285786125e-21,5.444203293303598e-05,-1.5281947818111818e-20,-9.169168690867091e-20,-9.169168690867091e-20,0.0,-8.049941634490509,-8.049941634490509,-1.2862032878157268,-4.024970817245254,-24.149824903471526,-24.149824903471526,0.0
face,dispersed,276.0,266.9491585330256,20.0,False,3.8105912400000005e-21,-3.0553576292623477e-20,-3.0553576292623477e-20,-4.8834370285786125e-21,5.651289311449624e-05,-1.5276788146311738e-20,-9.166072887787043e-20,-9.166072887787043e-20,0.0,-8.018067110400294,-8.018067110400294,-1.2815431309758145,-4.009033555200147,-24.054201331200883,-24.054201331200883,0.0
face,dispersed,277.0,266.9491585330256,20.0,False,3.82439773e-21,-3.054320096108942e-20,-3.054320096108942e-20,-4.8834370285786125e-21,5.864627836932612e-05,-1.527160048054471e-20,-9.162960288326827e-20,-9.162960288326827e-20,0.0,-7.986408087604795,-7.986408087604795,-1.276916621477707,-3.9932040438023977,-23.959224262814388,-23.959224262814388,0.0
face,dispersed,278.0,266.9491585330256,20.0,False,3.8382042200000005e-21,-3.0532770001031674e-20,-3.0532770001031674e-20,-4.8834370285786125e-21,6.0843526096849766e-05,-1.5266385000515837e-20,-9.159831000309502e-20,-9.159831000309502e-20,0.0,-7.954962334190667,-7.954962334190667,-1.2723233962205929,-3.9774811670953336,-23.864887002572,-23.864887002572,0.0
face,dispersed,279.0,266.9491585330256,20.0,False,3.85201071e-21,-3.0522283772539045e-20,-3.0522283772539045e-20,-4.8834370285786125e-21,6.310598753468962e-05,-1.5261141886269523e-20,-9.156685131761714e-20,-9.156685131761714e-20,0.0,-7.923727650419498,-7.923727650419498,-1.267763097309408,-3.961863825209749,-23.771182951258496,-23.771182951258496,0.0
face,dispersed,280.0,266.9491585330256,20.0,False,3.8658172000000005e-21,-3.051174263630936e-20,-3.051174263630936e-20,-4.8834370285786125e-21,6.543502760384534e-05,-1.525587131815468e-20,-9.153522790892808e-20,-9.153522790892808e-20,0.0,-7.892701868135243,-7.892701868135243,-1.2632353719618743,-3.9463509340676217,-23.67810560440573,-23.67810560440573,0.0
face,dispersed,281.0,266.9491585330256,20.0,False,3.87962369e-21,-3.050114695358143e-20,-3.050114695358143e-20,-4.8834370285786125e-21,6.783202474922385e-05,-1.5250573476790716e-20,-9.15034408607443e-20,-9.15034408607443e-20,0.0,-7.861882850184738,-7.861882850184738,-1.2587398724175263,-3.930941425092369,-23.585648550554215,-23.585648550554215,0.0
face,dispersed,282.0,266.9491585330256,20.0,False,3.8934301800000006e-21,-3.0490497086068926e-20,-3.0490497086068926e-20,-4.8834370285786125e-21,7.029837077572493e-05,-1.5245248543034463e-20,-9.147149125820678e-20,-9.147149125820678e-20,0.0,-7.831268489851004,-7.831268489851004,-1.2542762558486695,-3.915634244925502,-23.49380546955301,-23.49380546955301,0.0
face,dispersed,283.0,266.9491585330256,20.0,False,3.90723667e-21,-3.047979339589528e-20,-3.047979339589528e-20,-4.8834370285786125e-21,7.283547067997093e-05,-1.523989669794764e-20,-9.143938018768585e-20,-9.143938018768585e-20,0.0,-7.800856710298862,-7.800856710298862,-1.2498441842732326,-3.900428355149431,-23.40257013089659,-23.40257013089659,0.0
face,dispersed,284.0,266.9491585330256,20.0,False,3.9210431600000006e-21,-3.0469036245530115e-20,-3.0469036245530115e-20,-4.8834370285786125e-21,7.544474247778767e-05,-1.5234518122765057e-20,-9.140710873659034e-20,-9.140710873659034e-20,0.0,-7.770645464032615,-7.770645464032615,-1.2454433244694536,-3.8853227320163075,-23.311936392097845,-23.311936392097845,0.0
face,dispersed,285.0,266.9491585330256,20.0,False,3.93484965e-21,-3.045822599772777e-20,-3.045822599772777e-20,-4.8834370285786125e-21,7.812761702753431e-05,-1.5229112998863885e-20,-9.13746779931833e-20,-9.13746779931833e-20,0.0,-7.740632732365713,-7.740632732365713,-1.241073347892368,-3.8703163661828563,-23.221898197097136,-23.221898197097136,0.0
face,dispersed,286.0,266.9491585330256,20.0,False,3.9486561400000006e-21,-3.0447363015466136e-20,-3.0447363015466136e-20,-4.8834370285786125e-21,8.088553784938258e-05,-1.5223681507733068e-20,-9.134208904639841e-20,-9.134208904639841e-20,0.0,-7.710816524901591,-7.710816524901591,-1.2367339305920448,-3.8554082624507955,-23.132449574704772,-23.132449574704772,0.0
face,dispersed,287.0,266.9491585330256,20.0,False,3.96246263e-21,-3.043644766188806e-20,-3.043644766188806e-20,-4.8834370285786125e-21,8.371996094065146e-05,-1.521822383094403e-20,-9.130934298566417e-20,-9.130934298566417e-20,0.0,-7.68119487902604,-7.68119487902604,-1.2324247531335362,-3.84059743951302,-23.043584637078123,-23.043584637078123,0.0
face,dispersed,288.0,266.9491585330256,20.0,False,3.976269120000001e-21,-3.042548030024332e-20,-3.042548030024332e-20,-4.8834370285786125e-21,8.663235458730069e-05,-1.521274015012166e-20,-9.127644090072997e-20,-9.127644090072997e-20,0.0,-7.65176585941027,-7.65176585941027,-1.228145500518489,-3.825882929705135,-22.95529757823081,-22.95529757823081,0.0
face,dispersed,289.0,266.9491585330256,20.0,False,3.99007561e-21,-3.041446129383243e-20,-3.041446129383243e-20,-4.8834370285786125e-21,8.962419917168423e-05,-1.5207230646916216e-20,-9.12433838814973e-20,-9.12433838814973e-20,0.0,-7.622527557524763,-7.622527557524763,-1.2238958621083904,-3.8112637787623815,-22.86758267257429,-22.86758267257429,0.0
face,dispersed,290.0,266.9491585330256,20.0,False,4.0038821e-21,-3.0403391005951655e-20,-3.0403391005951655e-20,-4.8834370285786125e-21,9.269698697667706e-05,-1.5201695502975828e-20,-9.121017301785497e-20,-9.121017301785497e-20,0.0,-7.593478091163488,-7.593478091163488,-1.2196755315493961,-3.796739045581744,-22.780434273490464,-22.780434273490464,0.0
face,dispersed,291.0,266.9491585330256,20.0,False,4.01768859e-21,-3.0392269799839274e-20,-3.0392269799839274e-20,-4.8834370285786125e-21,9.585222198627327e-05,-1.5196134899919637e-20,-9.117680939951782e-20,-9.117680939951782e-20,0.0,-7.564615603978225,-7.564615603978225,-1.2154842066987108,-3.7823078019891123,-22.693846811934673,-22.693846811934673,0.0
face,dispersed,292.0,266.9491585330256,20.0,False,4.03149508e-21,-3.038109803862329e-20,-3.038109803862329e-20,-4.8834370285786125e-21,9.909141968276868e-05,-1.5190549019311644e-20,-9.114329411586986e-20,-9.114329411586986e-20,0.0,-7.535938265022834,-7.535938265022834,-1.2113215895524825,-3.767969132511417,-22.6078147950685,-22.6078147950685,0.0
face,dispersed,293.0,266.9491585330256,20.0,False,4.04530157e-21,-3.036987608527057e-20,-3.036987608527057e-20,-4.8834370285786125e-21,0.0001024161068406332,-1.5184938042635286e-20,-9.110962825581171e-20,-9.110962825581171e-20,0.0,-7.507444268307188,-7.507444268307188,-1.20718738617517,-3.753722134153594,-22.522332804921565,-22.522332804921565,0.0
face,dispersed,294.0,266.9491585330256,20.0,False,4.05910806e-21,-3.035860430253679e-20,-3.035860430253679e-20,-4.8834370285786125e-21,0.00010582782131718035,-1.5179302151268396e-20,-9.107581290761038e-20,-9.107581290761038e-20,0.0,-7.47913183236043,-7.47913183236043,-1.2030813066303567,-3.739565916180215,-22.43739549708129,-22.43739549708129,0.0
face,dispersed,295.0,266.9491585330256,20.0,False,4.07291455e-21,-3.0347283052918325e-20,-3.0347283052918325e-20,-4.8834370285786125e-21,0.00010932811184014455,-1.5173641526459162e-20,-9.104184915875498e-20,-9.104184915875498e-20,0.0,-7.450999199803571,-7.450999199803571,-1.1990030649129655,-3.7254995999017857,-22.352997599410713,-22.352997599410713,0.0
face,dispersed,296.0,266.9491585330256,20.0,False,4.08672104e-21,-3.0335912698604706e-20,-3.0335912698604706e-20,-4.8834370285786125e-21,0.00011291853779227189,-1.5167956349302353e-20,-9.100773809581412e-20,-9.100773809581412e-20,0.0,-7.423044636930909,-7.423044636930909,-1.1949523788828544,-3.7115223184654544,-22.269133910792725,-22.269133910792725,0.0
face,dispersed,297.0,266.9491585330256,20.0,False,4.1005275300000004e-21,-3.03244936014326e-20,-3.03244936014326e-20,-4.8834370285786125e-21,0.0001166006689930363,-1.51622468007163e-20,-9.097348080429779e-20,-9.097348080429779e-20,0.0,-7.395266433300253,-7.395266433300253,-1.190928970199747,-3.6976332166501265,-22.185799299900758,-22.185799299900758,0.0
face,dispersed,298.0,266.9491585330256,20.0,False,4.11433402e-21,-3.0313026122841405e-20,-3.0313026122841405e-20,-4.8834370285786125e-21,0.000120376085477587,-1.5156513061420703e-20,-9.093907836852421e-20,-9.093907836852421e-20,0.0,-7.367662901331819,-7.367662901331819,-1.1869325642594795,-3.6838314506659096,-22.102988703995454,-22.102988703995454,0.0
face,dispersed,299.0,266.9491585330256,20.0,False,4.1281405100000004e-21,-3.0301510623828984e-20,-3.0301510623828984e-20,-4.8834370285786125e-21,0.00012424637727303972,-1.5150755311914492e-20,-9.090453187148695e-20,-9.090453187148695e-20,0.0,-7.340232375915175,-7.340232375915175,-1.1829628901315212,-3.6701161879575874,-22.020697127745525,-22.020697127745525,0.0
face,dispersed,300.0,266.9491585330256,20.0,False,4.141947e-21,-3.028994746490969e-20,-3.028994746490969e-20,-4.8834370285786125e-21,0.00012821314417221606,-1.5144973732454846e-20,-9.086984239472908e-20,-9.086984239472908e-20,0.0,-7.312973214024634,-7.312973214024634,-1.1790196804977495,-3.656486607012317,-21.938919642073902,-21.938919642073902,0.0
face,annealed,200.0,266.9491585330256,20.0,True,2.7612980000000003e-21,-3.0644891619889714e-20,-3.115503813924983e-20,-4.8834370285786125e-21,3.988940787907113e-05,-1.5322445809944857e-20,-9.193467485966914e-20,-9.346511441774948e-20,5.101465193601147e-22,-11.098002323505,-11.282751133434285,-1.7685295207466243,-5.5490011617525,-33.294006970515,-33.84825340030286,0.18474880992928494
face,annealed,201.0,266.9491585330256,20.0,True,2.7751044900000003e-21,-3.0644891619889714e-20,-3.1149754556540226e-20,-4.8834370285786125e-21,3.988940787907113e-05,-1.5322445809944857e-20,-9.193467485966914e-20,-9.344926366962068e-20,5.048629366505127e-22,-11.042788381597015,-11.224714121139353,-1.7597308664145515,-5.521394190798508,-33.12836514479105,-33.674142363418056,0.18192573954233798
face,annealed,202.0,266.9491585330256,20.0,True,2.7889109800000003e-21,-3.0644891619889714e-20,-3.11443975272158e-20,-4.8834370285786125e-21,3.988940787907113e-05,-1.5322445809944857e-20,-9.193467485966914e-20,-9.343319258164739e-20,4.995059073260836e-22,-10.988121112381188,-11.167225397497555,-1.7510193274719053,-5.494060556190594,-32.96436333714357,-33.50167619249266,0.17910428511636592
face,annealed,203.0,266.9491585330256,20.0,True,2.8027174700000003e-21,-3.0644891619889714e-20,-3.113896703447531e-20,-4.8834370285786125e-21,3.988940787907113e-05,-1.5322445809944857e-20,-9.193467485966914e-20,-9.341690110342593e-20,4.940754145855981e-22,-10.933992436950739,-11.11027685372629,-1.7423936164991372,-5.466996218475369,-32.801977310852216,-33.33083056117887,0.17628441677555107
face,annealed,204.0,266.9491585330256,20.0,True,2.8165239600000003e-21,-3.0644891619889714e-20,-3.1133463072229955e-20,-4.8834370285786125e-21,3.988940787907113e-05,-1.5322445809944857e-20,-9.193467485966914e-20,-9.340038921668987e-20,4.885714523402409e-22,-10.880394434808824,-11.053860543842116,-1.73385247132022,-5.440197217404412,-32.64118330442647,-33.16158163152635,0.17346610903329254
face,annealed,205.0,266.9491585330256,20.0,True,2.8303304500000003e-21,-3.0644891619889714e-20,-3.112788564492808e-20,-4.8834370285786125e-21,3.988940787907113e-05,-1.5322445809944857e-20,-9.193467485966914e-20,-9.338365693478425e-20,4.829940250383685e-22,-10.827319340004879,-10.997968680628114,-1.7253946543869505,-5.413659670002439,-32.48195802001464,-32.993906041884344,0.17064934062323656
face,annealed,206.0,266.9491585330256,20.0,True,2.8441369400000004e-21,-3.0644891619889714e-20,-3.112223476737947e-20,-4.8834370285786125e-21,3.988940787907113e-05,-1.5322445809944857e-20,-9.193467485966914e-20,-9.336670430213841e-20,4.773431474897561e-22,-10.774759537383495,-10.942593631718543,-1.7170189521811885,-5.387379768691748,-32.324278612150486,-32.827780895155634,0.16783409433504845
face,annealed,207.0,266.9491585330256,20.0,True,2.8579434300000004e-21,-3.0644891619889714e-20,-3.111651046457906e-20,-4.8834370285786125e-21,3.988940787907113e-05,-1.5322445809944857e-20,-9.193467485966914e-20,-9.334953139373718e-20,4.716188446893453e-22,-10.722707558942028,-10.887727915796798,-1.7087241746344195,-5.361353779471014,-32.16812267682609,-32.6631837473904,0.16502035685476996
face,annealed,208.0,266.9491585330256,20.0,True,2.8717499200000004e-21,-3.0644891619889714e-20,-3.1110712771529886e-20,-4.8834370285786125e-21,3.988940787907113e-05,-1.5322445809944857e-20,-9.193467485966914e-20,-9.333213831458965e-20,4.658211516401726e-22,-10.671156080293269,-10.833364198902766,-1.7005091545640616,-5.335578040146634,-32.01346824087981,-32.50009259670829,0.16220811860949666
face,annealed,209.0,266.9491585330256,20.0,True,2.88555641e-21,-3.0644891619889714e-20,-3.110484173306643e-20,-4.8834370285786125e-21,3.988940787907113e-05,-1.5322445809944857e-20,-9.193467485966914e-20,-9.331452519919928e-20,4.599501131767134e-22,-10.620097917229666,-10.779495290846326,-1.6923727471259564,-5.310048958614833,-31.860293751689,-32.338485872538975,0.15939737361665837
face,annealed,210.0,266.9491585330256,20.0,True,2.8993629e-21,-3.0644891619889714e-20,-3.109889740367725e-20,-4.8834370285786125e-21,3.988940787907113e-05,-1.5322445809944857e-20,-9.193467485966914e-20,-9.329669221103175e-20,4.5400578378753425e-22,-10.569526022385716,-10.726114141723082,-1.6843138292824995,-5.284763011192858,-31.70857806715715,-32.17834242516925,0.15658811933736694
face,annealed,211.0,266.9491585330256,20.0,True,2.91316939e-21,-3.0644891619889714e-20,-3.1092879847328224e-20,-4.8834370285786125e-21,3.988940787907113e-05,-1.5322445809944857e-20,-9.193467485966914e-20,-9.327863954198467e-20,4.479882274385102e-22,-10.519433481995263,-10.67321383852939,-1.6763312992858999,-5.259716740997631,-31.558300445985786,-32.01964151558817,0.1537803565341287
face,annealed,212.0,266.9491585330256,20.0,True,2.92697588e-21,-3.0644891619889714e-20,-3.1086789137285275e-20,-4.8834370285786125e-21,3.988940787907113e-05,-1.5322445809944857e-20,-9.193467485966914e-20,-9.326036741185582e-20,4.418975173955613e-22,-10.469813512740567,-10.620787601872987,-1.6684240761760607,-5.234906756370283,-31.409440538221702,-31.86236280561896,0.15097408913241928
face,annealed,213.0,266.9491585330256,20.0,True,2.94078237e-21,-3.0644891619889714e-20,-3.1080625355938186e-20,-4.8834370285786125e-21,3.988940787907113e-05,-1.5322445809944857e-20,-9.193467485966914e-20,-9.324187606781456e-20,4.35733736048472e-22,-10.420659458690142,-10.568828782776668,-1.660591099292605,-5.210329729345071,-31.261978376070427,-31.706486348330003,0.148169324086526
face,annealed,214.0,266.9491585330256,20.0,True,2.95458886e-21,-3.0644891619889714e-20,-3.107438859462386e-20,-4.8834370285786125e-21,3.988940787907113e-05,-1.5322445809944857e-20,-9.193467485966914e-20,-9.322316578387158e-20,4.294969747341448e-22,-10.371964788322432,-10.517330859571391,-1.6528313278005835,-5.185982394161216,-31.115894364967293,-31.551992578714174,0.14536607124896045
face,annealed,215.0,266.9491585330256,20.0,True,2.96839535e-21,-3.0644891619889714e-20,-3.106807895345077e-20,-4.8834370285786125e-21,3.988940787907113e-05,-1.5322445809944857e-20,-9.193467485966914e-20,-9.320423686035232e-20,4.2318733356105816e-22,-10.323723091632559,-10.46628743487648,-1.645143740229418,-5.161861545816279,-30.971169274897676,-31.39886230462944,0.1425643432439207
face,annealed,216.0,266.9491585330256,20.0,True,2.98220184e-21,-3.0644891619889714e-20,-3.1061696541123714e-20,-4.8834370285786125e-21,3.988940787907113e-05,-1.5322445809944857e-20,-9.193467485966914e-20,-9.318508962337115e-20,4.1680492123400034e-22,-10.275928077319445,-10.415692232663806,-1.6375273340246521,-5.137964038659723,-30.827784231958336,-31.24707669799142,0.13976415534436137
face,annealed,217.0,266.9491585330256,20.0,True,2.99600833e-21,-3.0644891619889714e-20,-3.1055241474769174e-20,-4.8834370285786125e-21,3.988940787907113e-05,-1.5322445809944857e-20,-9.193467485966914e-20,-9.316572442430752e-20,4.1034985487946023e-22,-10.228573570050692,-10.365539095403374,-1.6299811251120961,-5.114286785025346,-30.685720710152076,-31.09661728621012,0.13696552535268158
face,annealed,218.0,266.9491585330256,20.0,True,3.00981482e-21,-3.0644891619889714e-20,-3.104871387976177e-20,-4.8834370285786125e-21,3.988940787907113e-05,-1.5322445809944857e-20,-9.193467485966914e-20,-9.314614163928532e-20,4.0382225987205867e-22,-10.181653507802753,-10.315821981287796,-1.6225041474739672,-5.090826753901377,-30.54496052340826,-30.94746594386339,0.13416847348504274
face,annealed,219.0,266.9491585330256,20.0,True,3.02362131e-21,-3.0644891619889714e-20,-3.1042113889550934e-20,-4.8834370285786125e-21,3.988940787907113e-05,-1.5322445809944857e-20,-9.193467485966914e-20,-9.312634166865281e-20,3.9722226966122086e-22,-10.135161939273974,-10.266534961532908,-1.6150954527366432,-5.067580969636987,-30.40548581782192,-30.79960488459873,0.1313730222589352
face,annealed,220.0,266.9491585330256,20.0,True,3.0374278e-21,-3.0644891619889714e-20,-3.103544164548923e-20,-4.8834370285786125e-21,3.988940787907113e-05,-1.5322445809944857e-20,-9.193467485966914e-20,-9.310632493646769e-20,3.905500255995158e-22,-10.089093021368182,-10.217672217752543,-1.6077541097696584,-5.044546510684091,-30.26727906410455,-30.65301665325763,0.1285791963843604
face,annealed,221.0,266.9491585330256,20.0,True,3.05123429e-21,-3.0644891619889714e-20,-3.10286972966613e-20,-4.8834370285786125e-21,3.988940787907113e-05,-1.5322445809944857e-20,-9.193467485966914e-20,-9.30860918899839e-20,3.8380567677158562e-22,-10.043441016746607,-10.169228039404768,-1.6004792042955875,-5.021720508373304,-30.13032305023982,-30.507684118214303,0.12578702265816027
face,annealed,222.0,266.9491585330256,20.0,True,3.06504078e-21,-3.0644891619889714e-20,-3.1021880999713866e-20,-4.8834370285786125e-21,3.988940787907113e-05,-1.5322445809944857e-20,-9.193467485966914e-20,-9.30656429991416e-20,3.7698937982415203e-22,-9.998200291445947,-10.121196821307501,-1.5932698385104724,-4.999100145722974,-29.99460087433784,-30.363590463922502,0.1229965298615544
face,annealed,223.0,266.9491585330256,20.0,True,3.0788472700000002e-21,-3.0644891619889714e-20,-3.10149929186871e-20,-4.8834370285786125e-21,3.988940787907113e-05,-1.5322445809944857e-20,-9.193467485966914e-20,-9.30449787560613e-20,3.7010129879738924e-22,-9.953365312560539,-10.073573061221417,-1.5861251307144613,-4.9766826562802695,-29.860095937681617,-30.220719183664247,0.12020774866087762
face,annealed,224.0,266.9491585330256,20.0,True,3.0926537600000002e-21,-3.0644891619889714e-20,-3.1008033224846973e-20,-4.8834370285786125e-21,3.988940787907113e-05,-1.5322445809944857e-20,-9.193467485966914e-20,-9.302409967454092e-20,3.631416049572597e-22,-9.908930645986608,-10.026351357497896,-1.5790442149523432,-4.954465322993304,-29.726791937959824,-30.079054072493687,0.11742071151128786
face,annealed,225.0,266.9491585330256,20.0,True,3.1064602500000002e-21,-3.0644891619889714e-20,-3.100100209651909e-20,-4.8834370285786125e-21,3.988940787907113e-05,-1.5322445809944857e-20,-9.193467485966914e-20,-9.300300628955728e-20,3.5611047662937857e-22,-9.864890954226667,-9.979526406790201,-1.572026240663666,-4.932445477113333,-29.594672862680003,-29.938579220370602,0.11463545256353386
face,annealed,226.0,266.9491585330256,20.0,True,3.1202667400000002e-21,-3.0644891619889714e-20,-3.099389971892367e-20,-4.8834370285786125e-21,3.988940787907113e-05,-1.5322445809944857e-20,-9.193467485966914e-20,-9.2981699156771e-20,3.490080990339554e-22,-9.821240994252213,-9.933093001825757,-1.5650703723421453,-4.910620497126106,-29.46372298275664,-29.799279005477267,0.11185200757354334
face,annealed,227.0,266.9491585330256,20.0,True,3.1340732300000002e-21,-3.0644891619889714e-20,-3.098672628401225e-20,-4.8834370285786125e-21,3.988940787907113e-05,-1.5322445809944857e-20,-9.193467485966914e-20,-9.296017885203675e-20,3.418346641225357e-22,-9.777975615422909,-9.887046029237883,-1.5581757892040742,-4.888987807711454,-29.333926846268724,-29.66113808771365,0.1090704138149751
face,annealed,228.0,266.9491585330256,20.0,True,3.1478797200000003e-21,-3.0644891619889714e-20,-3.09794819903054e-20,-4.8834370285786125e-21,3.988940787907113e-05,-1.5322445809944857e-20,-9.193467485966914e-20,-9.29384459709162e-20,3.345903704156868e-22,-9.735089757460527,-9.841380467454899,-1.55134168486546,-4.867544878730263,-29.20526927238158,-29.524141402364698,0.1062907099943726
face,annealed,229.0,266.9491585330256,20.0,True,3.1616862100000003e-21,-3.0644891619889714e-20,-3.0972167042732294e-20,-4.8834370285786125e-21,3.988940787907113e-05,-1.5322445809944857e-20,-9.193467485966914e-20,-9.291650112819688e-20,3.272754228425804e-22,-9.692578448475983,-9.796091384645123,-1.5445672670276194,-4.846289224237991,-29.07773534542795,-29.38827415393537,0.10351293616914006
face,annealed,230.0,266.9491585330256,20.0,True,3.1754927000000003e-21,-3.0644891619889714e-20,-3.096478165247145e-20,-4.8834370285786125e-21,3.988940787907113e-05,-1.5322445809944857e-20,-9.193467485966914e-20,-9.289434495741435e-20,3.198900325817357e-22,-9.650436803047826,-9.751173936715851,-1.5378517571709776,-4.825218401523913,-28.95131040914348,-29.253521810147554,0.10073713366802439
face,annealed,231.0,266.9491585330256,20.0,True,3.1892991900000003e-21,-3.0644891619889714e-20,-3.095732603679369e-20,-4.8834370285786125e-21,3.988940787907113e-05,-1.5322445809944857e-20,-9.193467485966914e-20,-9.287197811038108e-20,3.1243441690397836e-22,-9.60866002035065,-9.706623365365006,-1.5311943902568175,-4.804330010175325,-28.82598006105195,-29.11987009609502,0.09796334501435669
face,annealed,232.0,266.9491585330256,20.0,True,3.2031056800000003e-21,-3.0644891619889714e-20,-3.09498004189058e-20,-4.8834370285786125e-21,3.988940787907113e-05,-1.5322445809944857e-20,-9.193467485966914e-20,-9.284940125671739e-20,3.049087990160847e-22,-9.567243382331897,-9.66243499618339,-1.524594414436745,-4.783621691165949,-28.70173014699569,-28.987304988550168,0.09519161385149325
face,annealed,233.0,266.9491585330256,20.0,True,3.2169121700000003e-21,-3.0644891619889714e-20,-3.0942205027796704e-20,-4.8834370285786125e-21,3.988940787907113e-05,-1.5322445809944857e-20,-9.193467485966914e-20,-9.282661508339011e-20,2.973134079069904e-22,-9.526182251935623,-9.618604236806597,-1.5180510907696345,-4.7630911259678115,-28.57854675580687,-28.855812710419787,0.09242198487097344
face,annealed,234.0,266.9491585330256,20.0,True,3.2307186600000003e-21,-3.0644891619889714e-20,-3.093454009808494e-20,-4.8834370285786125e-21,3.988940787907113e-05,-1.5322445809944857e-20,-9.193467485966914e-20,-9.280362029425481e-20,2.8964847819522663e-22,-9.485472071371795,-9.575126575114695,-1.5115636929458327,-4.742736035685898,-28.456416214115386,-28.725379725344084,0.08965450374289992
face,annealed,235.0,266.9491585330256,20.0,True,3.2445251500000003e-21,-3.0644891619889714e-20,-3.0926805869867713e-20,-4.8834370285786125e-21,3.988940787907113e-05,-1.5322445809944857e-20,-9.193467485966914e-20,-9.278041760960313e-20,2.8191424997799947e-22,-9.445108360429787,-9.53199757747839,-1.5051315070184035,-4.722554180214893,-28.335325081289362,-28.595992732435167,0.08688921704860246
face,annealed,236.0,266.9491585330256,20.0,True,3.2583316400000004e-21,-3.0644891619889714e-20,-3.0919002588572053e-20,-4.8834370285786125e-21,3.988940787907113e-05,-1.5322445809944857e-20,-9.193467485966914e-20,-9.275700776571616e-20,2.741109686823395e-22,-9.405086714834747,-9.489212887050396,-1.498753831141207,-4.702543357417373,-28.21526014450424,-28.467638661151188,0.08412617221564944
face,annealed,237.0,266.9491585330256,20.0,True,3.2721381300000004e-21,-3.0644891619889714e-20,-3.091113050480739e-20,-4.8834370285786125e-21,3.988940787907113e-05,-1.5322445809944857e-20,-9.193467485966914e-20,-9.273339151442217e-20,2.66238884917678e-22,-9.36540280464557,-9.446768222100511,-1.492429975313607,-4.682701402322785,-28.096208413936708,-28.34030466630153,0.08136541745494039
face,annealed,238.0,266.9491585330256,20.0,True,3.2859446200000004e-21,-3.0644891619889714e-20,-3.090318987422034e-20,-4.8834370285786125e-21,3.988940787907113e-05,-1.5322445809944857e-20,-9.193467485966914e-20,-9.270956962266102e-20,2.5829825433062565e-22,-9.326052372693278,-9.404659374393333,-1.486159261131617,-4.663026186346639,-27.97815711807983,-28.213978123179995,0.0786070017000547
face,annealed,239.0,266.9491585330256,20.0,True,3.2997511100000004e-21,-3.0644891619889714e-20,-3.089518095735076e-20,-4.8834370285786125e-21,3.988940787907113e-05,-1.5322445809944857e-20,-9.193467485966914e-20,-9.268554287205228e-20,2.502893374610455e-22,-9.287031233058578,-9.362882207607093,-1.4799410215452922,-4.643515616529289,-27.861093699175733,-28.08864662282128,0.07585097454851542
face,annealed,240.0,266.9491585330256,20.0,True,3.3135576e-21,-3.0644891619889714e-20,-3.0887104019490313e-20,-4.8834370285786125e-21,3.988940787907113e-05,-1.5322445809944857e-20,-9.193467485966914e-20,-9.266131205847094e-20,2.422123996005995e-22,-9.248335269587502,-9.32143265579277,-1.473774600622187,-4.624167634793751,-27.745005808762503,-27.964297967378307,0.07309738620526755
face,annealed,241.0,266.9491585330256,20.0,True,3.32736409e-21,-3.0644891619889714e-20,-3.08789593305421e-20,-4.8834370285786125e-21,3.988940787907113e-05,-1.5322445809944857e-20,-9.193467485966914e-20,-9.263687799162629e-20,2.34067710652384e-22,-9.209960434443985,-9.280306721871876,-1.4676593533167008,-4.604980217221993,-27.629881303331953,-27.84092016561563,0.07034628742789131
face,annealed,242.0,266.9491585330256,20.0,True,3.34117058e-21,-3.0644891619889714e-20,-3.087074716488294e-20,-4.8834370285786125e-21,3.988940787907113e-05,-1.5322445809944857e-20,-9.193467485966914e-20,-9.261224149464882e-20,2.2585554499322624e-22,-9.171902746698349,-9.239500476172317,-1.461594645245144,-4.585951373349174,-27.515708240095044,-27.718501428516955,0.06759772947396964
face,annealed,243.0,266.9491585330256,20.0,True,3.35497707e-21,-3.0644891619889714e-20,-3.086246780122704e-20,-4.8834370285786125e-21,3.988940787907113e-05,-1.5322445809944857e-20,-9.193467485966914e-20,-9.258740340368113e-20,2.1757618133732806e-22,-9.134158290950618,-9.199010055000775,-1.4555798524663575,-4.567079145475309,-27.402474872851855,-27.597030165002327,0.0648517640501573
face,annealed,244.0,266.9491585330256,20.0,True,3.36878356e-21,-3.0644891619889714e-20,-3.085412152249161e-20,-4.8834370285786125e-21,3.988940787907113e-05,-1.5322445809944857e-20,-9.193467485966914e-20,-9.256236456747483e-20,2.0922990260189647e-22,-9.096723215987707,-9.158831659250797,-1.4496143612677248,-4.548361607993853,-27.29016964796312,-27.47649497775239,0.06210844326309182
face,annealed,245.0,266.9491585330256,20.0,True,3.38259005e-21,-3.0644891619889714e-20,-3.0845708615664473e-20,-4.8834370285786125e-21,3.988940787907113e-05,-1.5322445809944857e-20,-9.193467485966914e-20,-9.253712584699342e-20,2.0081699577475988e-22,-9.05959373347347,-9.118961553045564,-1.4436975679564281,-4.529796866736735,-27.17878120042041,-27.356884659136693,0.05936781957209384
face,annealed,246.0,266.9491585330256,20.0,True,3.39639654e-21,-3.0644891619889714e-20,-3.083722937167365e-20,-4.8834370285786125e-21,3.988940787907113e-05,-1.5322445809944857e-20,-9.193467485966914e-20,-9.251168811502094e-20,1.9233775178393459e-22,-9.022766116670732,-9.079396062414327,-1.4378288786557922,-4.511383058335366,-27.0682983500122,-27.238188187242983,0.056629945743595235
face,annealed,247.0,266.9491585330256,20.0,True,3.4102030300000005e-21,-3.0644891619889714e-20,-3.082868408525868e-20,-4.8834370285786125e-21,3.988940787907113e-05,-1.5322445809944857e-20,-9.193467485966914e-20,-9.248605225577605e-20,1.8379246536896658e-22,-8.986236699194333,-9.040131574001526,-1.4320077091065782,-4.493118349597166,-26.958710097582994,-27.120394722004583,0.053894874807194855
face,annealed,248.0,266.9491585330256,20.0,True,3.42400952e-21,-3.0644891619889714e-20,-3.082007305484414e-20,-4.8834370285786125e-21,3.988940787907113e-05,-1.5322445809944857e-20,-9.193467485966914e-20,-9.246021916453242e-20,1.7518143495442805e-22,-8.950001873794356,-9.001164533807762,-1.4262334844730842,-4.475000936897178,-26.850005621383065,-27.003493601423287,0.051162660013406754
face,annealed,249.0,266.9491585330256,20.0,True,3.4378160100000005e-21,-3.0644891619889714e-20,-3.081139658241446e-20,-4.8834370285786125e-21,3.988940787907113e-05,-1.5322445809944857e-20,-9.193467485966914e-20,-9.243418974724337e-20,1.66504962524744e-22,-8.914058091168675,-8.962491445961488,-1.420505639153915,-4.4570290455843375,-26.742174273506023,-26.887474337884463,0.048433354792813355
face,annealed,250.0,266.9491585330256,20.0,True,3.4516225e-21,-3.0644891619889714e-20,-3.080265497339148e-20,-4.8834370285786125e-21,3.988940787907113e-05,-1.5322445809944857e-20,-9.193467485966914e-20,-9.240796492017445e-20,1.577633535017693e-22,-8.878401858804,-8.924108871520996,-1.4148236165972994,-4.439200929402,-26.635205576412,-26.772326614562992,0.04570701271699593
face,annealed,251.0,266.9491585330256,20.0,True,3.4654289900000005e-21,-3.0644891619889714e-20,-3.0793848536513506e-20,-4.8834370285786125e-21,3.988940787907113e-05,-1.5322445809944857e-20,-9.193467485966914e-20,-9.238154560954052e-20,1.489569166237921e-22,-8.84302973984462,-8.886013427305432,-1.409186869120816,-4.42151486992231,-26.529089219533866,-26.658040281916296,0.042983687460810466
face,annealed,252.0,266.9491585330256,20.0,True,3.47923548e-21,-3.0644891619889714e-20,-3.0784977583716075e-20,-4.8834370285786125e-21,3.988940787907113e-05,-1.5322445809944857e-20,-9.193467485966914e-20,-9.235493275114822e-20,1.4008596382636096e-22,-8.807938351988096,-8.848201784754181,-1.403594857735416,-4.403969175994048,-26.423815055964287,-26.544605354262547,0.040263432766086
face,annealed,253.0,266.9491585330256,20.0,True,3.4930419700000006e-21,-3.0644891619889714e-20,-3.077604243001506e-20,-4.8834370285786125e-21,3.988940787907113e-05,-1.5322445809944857e-20,-9.193467485966914e-20,-9.232812729004517e-20,1.311508101253447e-22,-8.773124366407114,-8.810670668813938,-1.398047051973616,-4.386562183203557,-26.319373099221345,-26.432012006441813,0.03754630240682298
face,annealed,254.0,266.9491585330256,20.0,True,3.50684846e-21,-3.0644891619889714e-20,-3.076704339339153e-20,-4.8834370285786125e-21,3.988940787907113e-05,-1.5322445809944857e-20,-9.193467485966914e-20,-9.230113018017459e-20,1.221517735018161e-22,-8.738584506696851,-8.773416856852585,-1.3925429297217513,-4.3692922533484255,-26.21575352009055,-26.320250570557754,0.03483235015573387
face,annealed,255.0,266.9491585330256,20.0,True,3.5206549500000006e-21,-3.0644891619889714e-20,-3.075798079467836e-20,-4.8834370285786125e-21,3.988940787907113e-05,-1.5322445809944857e-20,-9.193467485966914e-20,-9.227394238403507e-20,1.1308917478864453e-22,-8.704315547847058,-8.736437177599115,-1.3870819770561758,-4.352157773923529,-26.112946643541175,-26.209311532797344,0.03212162975205636
face,annealed,256.0,266.9491585330256,20.0,True,3.53446144e-21,-3.0644891619889714e-20,-3.074885495744893e-20,-4.8834370285786125e-21,3.988940787907113e-05,-1.5322445809944857e-20,-9.193467485966914e-20,-9.224656487234678e-20,1.0396333755921348e-22,-8.670314315238281,-8.699728510109004,-1.3816636880833002,-4.3351571576191406,-26.010942945714845,-26.099185530327013,0.02941419487072222
face,annealed,257.0,266.9491585330256,20.0,True,3.54826793e-21,-3.0644891619889714e-20,-3.0739666207907753e-20,-4.8834370285786125e-21,3.988940787907113e-05,-1.5322445809944857e-20,-9.193467485966914e-20,-9.221899862372326e-20,9.477458801803969e-23,-8.63657768366148,-8.663287782754262,-1.3762875647833654,-4.31828884183074,-25.90973305098444,-25.989863348262787,0.026710099092781783
face,annealed,258.0,266.9491585330256,20.0,True,3.56207442e-21,-3.0644891619889714e-20,-3.073041487478277e-20,-4.8834370285786125e-21,3.988940787907113e-05,-1.5322445809944857e-20,-9.193467485966914e-20,-9.21912446243483e-20,8.55232548930535e-23,-8.603102576360465,-8.627111972237449,-1.3709531168578484,-4.3015512881802325,-25.809307729081397,-25.881335916712345,0.024009395876982687
face,annealed,259.0,266.9491585330256,20.0,True,3.57588091e-21,-3.0644891619889714e-20,-3.0721101289219723e-20,-4.8834370285786125e-21,3.988940787907113e-05,-1.5322445809944857e-20,-9.193467485966914e-20,-9.216330386765917e-20,7.620966933000973e-23,-8.569885964096526,-8.591198102629129,-1.365659861580405,-4.284942982048263,-25.70965789228958,-25.77359430788739,0.02131213853260279
face,annealed,260.0,266.9491585330256,20.0,True,3.5896874e-21,-3.0644891619889714e-20,-3.071172578467832e-20,-4.8834370285786125e-21,3.988940787907113e-05,-1.5322445809944857e-20,-9.193467485966914e-20,-9.213517735403496e-20,6.683416478860784e-23,-8.536924864234615,-8.555543244428002,-1.3604073236512495,-4.268462432117308,-25.610774592703848,-25.666629733284005,0.018618380193386155
face,annealed,261.0,266.9491585330256,20.0,True,3.60349389e-21,-3.0644891619889714e-20,-3.0702288696830234e-20,-4.8834370285786125e-21,3.988940787907113e-05,-1.5322445809944857e-20,-9.193467485966914e-20,-9.21068660904907e-20,5.739707694051999e-23,-8.504216339850576,-8.520144513643183,-1.3551950350548847,-4.252108169925288,-25.512649019551727,-25.560433540929548,0.015928173792607705
face,annealed,262.0,266.9491585330256,20.0,True,3.61730038e-21,-3.0644891619889714e-20,-3.0692790363458986e-20,-4.8834370285786125e-21,3.988940787907113e-05,-1.5322445809944857e-20,-9.193467485966914e-20,-9.207837109037696e-20,4.7898743569272716e-23,-8.471757498858778,-8.484999070898,-1.3500225349210873,-4.235878749429389,-25.415272496576335,-25.454997212694,0.013241572039221336
face,annealed,263.0,266.9491585330256,20.0,True,3.63110687e-21,-3.0644891619889714e-20,-3.0683231124361774e-20,-4.8834370285786125e-21,3.988940787907113e-05,-1.5322445809944857e-20,-9.193467485966914e-20,-9.204969337308532e-20,3.833950447206065e-23,-8.439545493159697,-8.450104120554782,-1.344889369389068,-4.2197727465798485,-25.318636479479093,-25.350312361664344,0.010558627395084258
face,annealed,264.0,266.9491585330256,20.0,True,3.64491336e-21,-3.0644891619889714e-20,-3.067361132125286e-20,-4.8834370285786125e-21,3.988940787907113e-05,-1.5322445809944857e-20,-9.193467485966914e-20,-9.202083396375859e-20,2.8719701363149104e-23,-8.407577517806818,-8.415456909859953,-1.3397950914747154,-4.203788758903409,-25.222732553420457,-25.24637072957986,0.007879392053134865
face,annealed,265.0,266.9491585330256,20.0,True,3.65871985e-21,-3.0644891619889714e-20,-3.0663931297668934e-20,-4.8834370285786125e-21,3.988940787907113e-05,-1.5322445809944857e-20,-9.193467485966914e-20,-9.19917938930068e-20,1.9039677779220603e-23,-8.375850810192453,-8.38105472810905,-1.3347392609408486,-4.187925405096227,-25.127552430577364,-25.14316418432715,0.005203917916596047
face,annealed,266.0,266.9491585330256,20.0,True,3.67252634e-21,-3.0644891619889714e-20,-3.065419139887637e-20,-4.8834370285786125e-21,3.988940787907113e-05,-1.5322445809944857e-20,-9.193467485966914e-20,-9.19625741966291e-20,9.299778986653419e-24,-8.34436264925188,-8.346894905831054,-1.3297214441703942,-4.17218132462594,-25.03308794775564,-25.04068471749316,0.002532256579173621
face,annealed,267.0,266.9491585330256,20.0,False,3.68633283e-21,-3.0644391971779916e-20,-3.0644391971779916e-20,-4.8834370285786125e-21,3.997024741968269e-05,-1.5322195985889958e-20,-9.193317591533975e-20,-9.193317591533975e-20,0.0,-8.312974813991474,-8.312974813991474,-1.3247412140424153,-4.156487406995737,-24.938924441974425,-24.938924441974425,0.0
face,annealed,268.0,266.9491585330256,20.0,False,3.7001393200000004e-21,-3.0634533364833596e-20,-3.0634533364833596e-20,-4.8834370285786125e-21,4.158734542976601e-05,-1.5317266682416798e-20,-9.190360009450078e-20,-9.190360009450078e-20,0.0,-8.27929186321384,-8.27929186321384,-1.3197981498109137,-4.13964593160692,-24.83787558964152,-24.83787558964152,0.0
face,annealed,269.0,266.9491585330256,20.0,False,3.71394581e-21,-3.0624615927953155e-20,-3.0624615927953155e-20,-4.8834370285786125e-21,4.325678451442611e-05,-1.5312307963976578e-20,-9.187384778385947e-20,-9.187384778385947e-20,0.0,-8.245843503019005,-8.245843503019005,-1.3148918369863378,-4.1229217515095025,-24.737530509057013,-24.737530509057013,0.0
face,annealed,270.0,266.9491585330256,20.0,False,3.7277523000000004e-21,-3.061464001242997e-20,-3.061464001242997e-20,-4.8834370285786125e-21,4.4979786365371715e-05,-1.5307320006214986e-20,-9.184392003728992e-20,-9.184392003728992e-20,0.0,-8.212627221081714,-8.212627221081714,-1.3100218672197217,-4.106313610540857,-24.637881663245146,-24.637881663245146,0.0
face,annealed,271.0,266.9491585330256,20.0,False,3.74155879e-21,-3.060460597084721e-20,-3.060460597084721e-20,-4.8834370285786125e-21,4.675758757733798e-05,-1.5302302985423604e-20,-9.181381791254162e-20,-9.181381791254162e-20,0.0,-8.179640542504266,-8.179640542504266,-1.3051878381893907,-4.089820271252133,-24.5389216275128,-24.5389216275128,0.0
face,annealed,272.0,266.9491585330256,20.0,False,3.7553652800000004e-21,-3.059451415699729e-20,-3.059451415699729e-20,-4.8834370285786125e-21,4.8591439532790334e-05,-1.5297257078498645e-20,-9.178354247099187e-20,-9.178354247099187e-20,0.0,-8.146881029106519,-8.146881029106519,-1.300389353490165,-4.073440514553259,-24.440643087319554,-24.440643087319554,0.0
face,annealed,273.0,266.9491585330256,20.0,False,3.76917177e-21,-3.05843649258011e-20,-3.05843649258011e-20,-4.8834370285786125e-21,5.04826082813747e-05,-1.529218246290055e-20,-9.17530947774033e-20,-9.17530947774033e-20,0.0,-8.114346278731972,-8.114346278731972,-1.2956260225249996,-4.057173139365986,-24.343038836195916,-24.343038836195916,0.0
face,annealed,274.0,266.9491585330256,20.0,False,3.7829782600000005e-21,-3.0574158633229076e-20,-3.0574158633229076e-20,-4.8834370285786125e-21,5.2432374414201176e-05,-1.5287079316614538e-20,-9.172247589968723e-20,-9.172247589968723e-20,0.0,-8.082033924569545,-8.082033924569545,-1.2908974603989958,-4.041016962284773,-24.246101773708638,-24.246101773708638,0.0
face,annealed,275.0,266.9491585330256,20.0,False,3.79678475e-21,-3.0563895636223636e-20,-3.0563895636223636e-20,-4.8834370285786125e-21,5.444203293303598e-05,-1.5281947818111818e-20,-9.169168690867091e-20,-9.169168690867091e-20,0.0,-8.049941634490509,-8.049941634490509,-1.2862032878157268,-4.024970817245254,-24.149824903471526,-24.149824903471526,0.0
face,annealed,276.0,266.9491585330256,20.0,False,3.8105912400000005e-21,-3.0553576292623477e-20,-3.0553576292623477e-20,-4.8834370285786125e-21,5.651289311449624e-05,-1.5276788146311738e-20,-9.166072887787043e-20,-9.166072887787043e-20,0.0,-8.018067110400294,-8.018067110400294,-1.2815431309758145,-4.009033555200147,-24.054201331200883,-24.054201331200883,0.0
face,annealed,277.0,266.9491585330256,20.0,False,3.82439773e-21,-3.054320096108942e-20,-3.054320096108942e-20,-4.8834370285786125e-21,5.864627836932612e-05,-1.527160048054471e-20,-9.162960288326827e-20,-9.162960288326827e-20,0.0,-7.986408087604795,-7.986408087604795,-1.276916621477707,-3.9932040438023977,-23.959224262814388,-23.959224262814388,0.0
face,annealed,278.0,266.9491585330256,20.0,False,3.8382042200000005e-21,-3.0532770001031674e-20,-3.0532770001031674e-20,-4.8834370285786125e-21,6.0843526096849766e-05,-1.5266385000515837e-20,-9.159831000309502e-20,-9.159831000309502e-20,0.0,-7.954962334190667,-7.954962334190667,-1.2723233962205929,-3.9774811670953336,-23.864887002572,-23.864887002572,0.0
face,annealed,279.0,266.9491585330256,20.0,False,3.85201071e-21,-3.0522283772539045e-20,-3.0522283772539045e-20,-4.8834370285786125e-21,6.310598753468962e-05,-1.5261141886269523e-20,-9.156685131761714e-20,-9.156685131761714e-20,0.0,-7.923727650419498,-7.923727650419498,-1.267763097309408,-3.961863825209749,-23.771182951258496,-23.771182951258496,0.0
face,annealed,280.0,266.9491585330256,20.0,False,3.8658172000000005e-21,-3.051174263630936e-20,-3.051174263630936e-20,-4.8834370285786125e-21,6.543502760384534e-05,-1.525587131815468e-20,-9.153522790892808e-20,-9.153522790892808e-20,0.0,-7.892701868135243,-7.892701868135243,-1.2632353719618743,-3.9463509340676217,-23.67810560440573,-23.67810560440573,0.0
face,annealed,281.0,266.9491585330256,20.0,False,3.87962369e-21,-3.050114695358143e-20,-3.050114695358143e-20,-4.8834370285786125e-21,6.783202474922385e-05,-1.5250573476790716e-20,-9.15034408607443e-20,-9.15034408607443e-20,0.0,-7.861882850184738,-7.861882850184738,-1.2587398724175263,-3.930941425092369,-23.585648550554215,-23.585648550554215,0.0
face,annealed,282.0,266.9491585330256,20.0,False,3.8934301800000006e-21,-3.0490497086068926e-20,-3.0490497086068926e-20,-4.8834370285786125e-21,7.029837077572493e-05,-1.5245248543034463e-20,-9.147149125820678e-20,-9.147149125820678e-20,0.0,-7.831268489851004,-7.831268489851004,-1.2542762558486695,-3.915634244925502,-23.49380546955301,-23.49380546955301,0.0
face,annealed,283.0,266.9491585330256,20.0,False,3.90723667e-21,-3.047979339589528e-20,-3.047979339589528e-20,-4.8834370285786125e-21,7.283547067997093e-05,-1.523989669794764e-20,-9.143938018768585e-20,-9.143938018768585e-20,0.0,-7.800856710298862,-7.800856710298862,-1.2498441842732326,-3.900428355149431,-23.40257013089659,-23.40257013089659,0.0
face,annealed,284.0,266.9491585330256,20.0,False,3.9210431600000006e-21,-3.0469036245530115e-20,-3.0469036245530115e-20,-4.8834370285786125e-21,7.544474247778767e-05,-1.5234518122765057e-20,-9.140710873659034e-20,-9.140710873659034e-20,0.0,-7.770645464032615,-7.770645464032615,-1.2454433244694536,-3.8853227320163075,-23.311936392097845,-23.311936392097845,0.0
face,annealed,285.0,266.9491585330256,20.0,False,3.93484965e-21,-3.045822599772777e-20,-3.045822599772777e-20,-4.8834370285786125e-21,7.812761702753431e-05,-1.5229112998863885e-20,-9.13746779931833e-20,-9.13746779931833e-20,0.0,-7.740632732365713,-7.740632732365713,-1.241073347892368,-3.8703163661828563,-23.221898197097136,-23.221898197097136,0.0
face,annealed,286.0,266.9491585330256,20.0,False,3.9486561400000006e-21,-3.0447363015466136e-20,-3.0447363015466136e-20,-4.8834370285786125e-21,8.088553784938258e-05,-1.5223681507733068e-20,-9.134208904639841e-20,-9.134208904639841e-20,0.0,-7.710816524901591,-7.710816524901591,-1.2367339305920448,-3.8554082624507955,-23.132449574704772,-23.132449574704772,0.0
face,annealed,287.0,266.9491585330256,20.0,False,3.96246263e-21,-3.043644766188806e-20,-3.043644766188806e-20,-4.8834370285786125e-21,8.371996094065146e-05,-1.521822383094403e-20,-9.130934298566417e-20,-9.130934298566417e-20,0.0,-7.68119487902604,-7.68119487902604,-1.2324247531335362,-3.84059743951302,-23.043584637078123,-23.043584637078123,0.0
face,annealed,288.0,266.9491585330256,20.0,False,3.976269120000001e-21,-3.042548030024332e-20,-3.042548030024332e-20,-4.8834370285786125e-21,8.663235458730069e-05,-1.521274015012166e-20,-9.127644090072997e-20,-9.127644090072997e-20,0.0,-7.65176585941027,-7.65176585941027,-1.228145500518489,-3.825882929705135,-22.95529757823081,-22.95529757823081,0.0
face,annealed,289.0,266.9491585330256,20.0,False,3.99007561e-21,-3.041446129383243e-20,-3.041446129383243e-20,-4.8834370285786125e-21,8.962419917168423e-05,-1.5207230646916216e-20,-9.12433838814973e-20,-9.12433838814973e-20,0.0,-7.622527557524763,-7.622527557524763,-1.2238958621083904,-3.8112637787623815,-22.86758267257429,-22.86758267257429,0.0
face,annealed,290.0,266.9491585330256,20.0,False,4.0038821e-21,-3.0403391005951655e-20,-3.0403391005951655e-20,-4.8834370285786125e-21,9.269698697667706e-05,-1.5201695502975828e-20,-9.121017301785497e-20,-9.121017301785497e-20,0.0,-7.593478091163488,-7.593478091163488,-1.2196755315493961,-3.796739045581744,-22.780434273490464,-22.780434273490464,0.0
face,annealed,291.0,266.9491585330256,20.0,False,4.01768859e-21,-3.0392269799839274e-20,-3.0392269799839274e-20,-4.8834370285786125e-21,9.585222198627327e-05,-1.5196134899919637e-20,-9.117680939951782e-20,-9.117680939951782e-20,0.0,-7.564615603978225,-7.564615603978225,-1.2154842066987108,-3.7823078019891123,-22.693846811934673,-22.693846811934673,0.0
face,annealed,292.0,266.9491585330256,20.0,False,4.03149508e-21,-3.038109803862329e-20,-3.038109803862329e-20,-4.8834370285786125e-21,9.909141968276868e-05,-1.5190549019311644e-20,-9.114329411586986e-20,-9.114329411586986e-20,0.0,-7.535938265022834,-7.535938265022834,-1.2113215895524825,-3.767969132511417,-22.6078147950685,-22.6078147950685,0.0
face,annealed,293.0,266.9491585330256,20.0,False,4.04530157e-21,-3.036987608527057e-20,-3.036987608527057e-20,-4.8834370285786125e-21,0.0001024161068406332,-1.5184938042635286e-20,-9.110962825581171e-20,-9.110962825581171e-20,0.0,-7.507444268307188,-7.507444268307188,-1.20718738617517,-3.753722134153594,-22.522332804921565,-22.522332804921565,0.0
face,annealed,294.0,266.9491585330256,20.0,False,4.05910806e-21,-3.035860430253679e-20,-3.035860430253679e-20,-4.8834370285786125e-21,0.00010582782131718035,-1.5179302151268396e-20,-9.107581290761038e-20,-9.107581290761038e-20,0.0,-7.47913183236043,-7.47913183236043,-1.2030813066303567,-3.739565916180215,-22.43739549708129,-22.43739549708129,0.0
face,annealed,295.0,266.9491585330256,20.0,False,4.07291455e-21,-3.0347283052918325e-20,-3.0347283052918325e-20,-4.8834370285786125e-21,0.00010932811184014455,-1.5173641526459162e-20,-9.104184915875498e-20,-9.104184915875498e-20,0.0,-7.450999199803571,-7.450999199803571,-1.1990030649129655,-3.7254995999017857,-22.352997599410713,-22.352997599410713,0.0
face,annealed,296.0,266.9491585330256,20.0,False,4.08672104e-21,-3.0335912698604706e-20,-3.0335912698604706e-20,-4.8834370285786125e-21,0.00011291853779227189,-1.5167956349302353e-20,-9.100773809581412e-20,-9.100773809581412e-20,0.0,-7.423044636930909,-7.423044636930909,-1.1949523788828544,-3.7115223184654544,-22.269133910792725,-22.269133910792725,0.0
face,annealed,297.0,266.9491585330256,20.0,False,4.1005275300000004e-21,-3.03244936014326e-20,-3.03244936014326e-20,-4.8834370285786125e-21,0.0001166006689930363,-1.51622468007163e-20,-9.097348080429779e-20,-9.097348080429779e-20,0.0,-7.395266433300253,-7.395266433300253,-1.190928970199747,-3.6976332166501265,-22.185799299900758,-22.185799299900758,0.0
face,annealed,298.0,266.9491585330256,20.0,False,4.11433402e-21,-3.0313026122841405e-20,-3.0313026122841405e-20,-4.8834370285786125e-21,0.000120376085477587,-1.5156513061420703e-20,-9.093907836852421e-20,-9.093907836852421e-20,0.0,-7.367662901331819,-7.367662901331819,-1.1869325642594795,-3.6838314506659096,-22.102988703995454,-22.102988703995454,0.0
face,annealed,299.0,266.9491585330256,20.0,False,4.1281405100000004e-21,-3.0301510623828984e-20,-3.0301510623828984e-20,-4.8834370285786125e-21,0.00012424637727303972,-1.5150755311914492e-20,-9.090453187148695e-20,-9.090453187148695e-20,0.0,-7.340232375915175,-7.340232375915175,-1.1829628901315212,-3.6701161879575874,-22.020697127745525,-22.020697127745525,0.0
face,annealed,300.0,266.9491585330256,20.0,False,4.141947e-21,-3.028994746490969e-20,-3.028994746490969e-20,-4.8834370285786125e-21,0.00012821314417221606,-1.5144973732454846e-20,-9.086984239472908e-20,-9.086984239472908e-20,0.0,-7.312973214024634,-7.312973214024634,-1.1790196804977495,-3.656486607012317,-21.938919642073902,-21.938919642073902,0.0
