temperature_K,face_twist_halfwidth_deg,delta_Fmag_before_rotation_kBT,delta_Frotation_kBT,delta_Fmag_after_rotation_kBT,delta_Fcontact_after_rotation_kBT,delta_Fmag_before_rotation_J,delta_Frotation_J,delta_Fmag_after_rotation_J,delta_Fcontact_after_rotation_J
200.0,1.0,0.09896967234026066,-8.1886891244442,-8.089719452103939,-6.410032359357324,2.732847582938171e-22,-2.2611410901949525e-20,-2.2338126143655705e-20,-1.770000953382866e-20
201.0,1.0,0.11205882128475952,-8.1886891244442,-8.076630303159442,-6.405299862615548,3.1097493809144375e-22,-2.2724467956459274e-20,-2.241349301836783e-20,-1.777537640854079e-20
202.0,1.0,0.1266763945653513,-8.1886891244442,-8.06201272987885,-6.398956202406955,3.5328918771012057e-22,-2.283752501096902e-20,-2.24842358232589e-20,-1.784611921343186e-20
203.0,1.0,0.1429698273279525,-8.1886891244442,-8.04571929711625,-6.390855166331409,4.007040327349359e-22,-2.295058206547877e-20,-2.2549878032743837e-20,-1.7911761422916798e-20
204.0,1.0,0.16109578945038328,-8.1886891244442,-8.027593334993817,-6.380841283281452,4.537301508421197e-22,-2.3063639119988516e-20,-2.2609908969146395e-20,-1.797179235931936e-20
205.0,1.0,0.1812198739609303,-8.1886891244442,-8.00746925048327,-6.368750135608526,5.129121274167832e-22,-2.3176696174498262e-20,-2.266378404708148e-20,-1.8025667437254443e-20
206.0,1.0,0.20351607706816988,-8.1886891244442,-7.985173047376032,-6.354408879660873,5.788275926734689e-22,-2.3289753229008012e-20,-2.2710925636334545e-20,-1.8072809026507505e-20
207.0,1.0,0.22816603883069986,-8.1886891244442,-7.9605230856135005,-6.337637005665082,6.520856316253236e-22,-2.3402810283517758e-20,-2.2750724651892436e-20,-1.8112608042065396e-20
208.0,1.0,0.25535801422436966,-8.1886891244442,-7.9333311102198305,-6.318247367194239,7.333243569201925e-22,-2.3515867338027507e-20,-2.2782542981107313e-20,-1.8144426371280268e-20
209.0,1.0,0.2852855464576465,-8.1886891244442,-7.903403577986554,-6.296047508372567,8.232075372612146e-22,-2.362892439253725e-20,-2.2805716855276036e-20,-1.8167600245448988e-20
210.0,1.0,0.318145818496663,-8.1886891244442,-7.870543305947539,-6.270841312855527,9.224201829393585e-22,-2.3741981447047e-20,-2.2819561264107643e-20,-1.818144465428061e-20
211.0,1.0,0.3541376650734265,-8.1886891244442,-7.8345514593707755,-6.242430992312375,1.031663005737978e-21,-2.3855038501556746e-20,-2.2823375495818773e-20,-1.8185258885991737e-20
212.0,1.0,0.39345923633691493,-8.1886891244442,-7.795229888107286,-6.210619423251991,1.1516456945213695e-21,-2.3968095556066495e-20,-2.2816449861545125e-20,-1.817833325171809e-20
213.0,1.0,0.43630531598929645,-8.1886891244442,-7.752383808454903,-6.1752128293501,1.2830789811986022e-21,-2.408115261057624e-20,-2.2798073629377637e-20,-1.8159957019550592e-20
214.0,1.0,0.4828643112286004,-8.1886891244442,-7.7058248132155995,-6.136023791957081,1.4266655148475957e-21,-2.419420966508599e-20,-2.2767544150238392e-20,-1.812942754041135e-20
215.0,1.0,0.5333149489118518,-8.1886891244442,-7.65537417553235,-6.092874554372708,1.5830896144354286e-21,-2.4307266719595737e-20,-2.272417710516031e-20,-1.808606049533327e-20
216.0,1.0,0.5878227315927025,-8.1886891244442,-7.600866392851499,-6.045600566234262,1.7530060317495835e-21,-2.4420323774105486e-20,-2.2667317742355902e-20,-1.8029201132528857e-20
217.0,1.0,0.6465362274883555,-8.1886891244442,-7.5421528969558445,-5.994054193963574,1.937027923201888e-21,-2.4533380828615232e-20,-2.259635290541334e-20,-1.7958236295586305e-20
218.0,1.0,0.7095832886713445,-8.1886891244442,-7.479105835772858,-5.938108502977798,2.1357142982673506e-21,-2.4646437883124982e-20,-2.2510723584857633e-20,-1.787260697503059e-20
219.0,1.0,0.7770673099248084,-8.1886891244442,-7.411621814519393,-5.8776609992256805,2.3495572775930255e-21,-2.4759494937634728e-20,-2.2409937660041703e-20,-1.777182105021466e-20
220.0,1.0,0.8490636544521522,-8.1886891244442,-7.339625469992047,-5.8126372038587615,2.578969548002561e-21,-2.4872551992144477e-20,-2.229358244414191e-20,-1.765546583431487e-20
221.0,1.0,0.9256163792234757,-8.1886891244442,-7.263072745220725,-5.742993928255462,2.8242724356723127e-21,-2.4985609046654223e-20,-2.2161336610981913e-20,-1.7523220001154868e-20
222.0,1.0,1.0067353894841502,-8.1886891244442,-7.18195373496005,-5.66872211987301,3.085685023438104e-21,-2.5098666101163973e-20,-2.2012981077725867e-20,-1.7374864467898825e-20
223.0,1.0,1.0923941363272012,-8.1886891244442,-7.096294988116998,-5.589849165025866,3.363314704395011e-21,-2.521172315567372e-20,-2.1848408451278703e-20,-1.7210291841451667e-20
224.0,1.0,1.1825279416402372,-8.1886891244442,-7.006161182803963,-5.506440564280199,3.657149485018741e-21,-2.5324780210183468e-20,-2.1667630725164723e-20,-1.702951411533768e-20
225.0,1.0,1.277032991190296,-8.1886891244442,-6.911656133253903,-5.418600939701355,3.967052225071255e-21,-2.5437837264693214e-20,-2.1470785039621953e-20,-1.6832668429794905e-20
226.0,1.0,1.375765981143782,-8.1886891244442,-6.812923143300418,-5.326474388657397,4.29275683298641e-21,-2.5550894319202964e-20,-2.125813748621655e-20,-1.6620020876389512e-20
227.0,1.0,1.4785443408685741,-8.1886891244442,-6.710144783575625,-5.230244261331912,4.633866238084193e-21,-2.566395137371271e-20,-2.1030085135628514e-20,-1.6391968525801468e-20
228.0,1.0,1.585146893301636,-8.1886891244442,-6.603542231142564,-5.130132500663079,4.989851758645224e-21,-2.577700842822246e-20,-2.078715666957723e-20,-1.6149040059750194e-20
229.0,1.0,1.6953147638071138,-8.1886891244442,-6.4933743606370875,-5.0263987337841485,5.360053310338359e-21,-2.5890065482732206e-20,-2.0530012172393847e-20,-1.5891895562566805e-20
230.0,1.0,1.8087523211792234,-8.1886891244442,-6.379936803264979,-4.919339331311402,5.74367979201268e-21,-2.6003122537241955e-20,-2.025944274522928e-20,-1.562132613540224e-20
231.0,1.0,1.9251279412622306,-8.1886891244442,-6.26356118318197,-4.809286644007411,6.1398089837140005e-21,-2.61161795917517e-20,-1.9976370608037702e-20,-1.5338253998210657e-20
232.0,1.0,2.0440744322340425,-8.1886891244442,-6.144614692210158,-4.6966085777734214,6.547386424231637e-21,-2.622923664626145e-20,-1.9681850222029812e-20,-1.504373361220277e-20
233.0,1.0,2.1651890518855432,-8.1886891244442,-6.023500072558658,-4.5817085766388175,6.965223011361367e-21,-2.6342293700771197e-20,-1.937707068940983e-20,-1.4738954079582792e-20
234.0,1.0,2.288033173155197,-8.1886891244442,-5.900655951289005,-4.465025957488482,7.391991467211506e-21,-2.6455350755280946e-20,-1.906335928806944e-20,-1.4425242678242408e-20
235.0,1.0,2.4121317967405522,-8.1886891244442,-5.776557327703648,-4.347036397706528,7.826222279639411e-21,-2.6568407809790692e-20,-1.874218553015128e-20,-1.4104068920324234e-20
236.0,1.0,2.53697324265126,-8.1886891244442,-5.6517158817929385,-4.2282522438720775,8.266300186364e-21,-2.668146486430044e-20,-1.8415164677936433e-20,-1.3777048068109387e-20
237.0,1.0,2.662009446778131,-8.1886891244442,-5.5266796776660705,-4.109222215432641,8.710462613222928e-21,-2.6794521918810188e-20,-1.808405930558726e-20,-1.3445942695760221e-20
238.0,1.0,2.786657319030235,-8.1886891244442,-5.402031805413966,-3.990530046803366,9.156801625251026e-21,-2.6907578973319934e-20,-1.775077734806891e-20,-1.3112660738241871e-20
239.0,1.0,2.9103015742493406,-8.1886891244442,-5.278387550194861,-3.8727916566830505,9.60327085006401e-21,-2.7020636027829683e-20,-1.7417365177765674e-20,-1.2779248567938636e-20
240.0,1.0,3.0322993327894814,-8.1886891244442,-5.156389791654718,-3.7566505476992056,1.0047698499639516e-20,-2.7133693082339426e-20,-1.7085994582699907e-20,-1.2447877972872865e-20
241.0,1.0,3.151986630684031,-8.1886891244442,-5.036702493760169,-3.642771296460074,1.0487807127098138e-20,-2.724675013684917e-20,-1.6758943009751033e-20,-1.2120826399923994e-20
242.0,1.0,3.268686818666084,-8.1886891244442,-4.920002305778118,-3.5318311547478576,1.0921240233760916e-20,-2.7359807191358925e-20,-1.6438566957598012e-20,-1.1800450347770969e-20
243.0,1.0,3.381720703290912,-8.1886891244442,-4.806968421153288,-3.424509908604634,1.1345595416685283e-20,-2.747286424586867e-20,-1.6127268829183384e-20,-1.1489152219356342e-20
244.0,1.0,3.4904182151878875,-8.1886891244442,-4.698270909256312,-3.3214782102836775,1.1758463500849498e-20,-2.758592130037842e-20,-1.5827457799528916e-20,-1.1189341189701875e-20
245.0,1.0,3.59413137667618,-8.1886891244442,-4.594557747768022,-3.22338461083201,1.215747303313765e-20,-2.7698978354888164e-20,-1.554150532175052e-20,-1.090338871192348e-20
246.0,1.0,3.6922483545954403,-8.1886891244442,-4.496440769848762,-3.1308415074531393,1.2540339536368647e-20,-2.7812035409397916e-20,-1.5271695873029273e-20,-1.0633579263202227e-20
247.0,1.0,3.7842083763705574,-8.1886891244442,-4.404480748073643,-3.0444102276310403,1.2904918871250257e-20,-2.792509246390766e-20,-1.5020173592657407e-20,-1.0382056982830364e-20
248.0,1.0,3.869517207537398,-8.1886891244442,-4.319171916906802,-2.9645855517885646,1.3249263756411867e-20,-2.803814951841741e-20,-1.4788885762005538e-20,-1.0150769152178499e-20
249.0,1.0,3.947762705521506,-8.1886891244442,-4.240926418922697,-2.8917801596884676,1.357168183272275e-20,-2.815120657292716e-20,-1.457952474020442e-20,-9.941408130377372e-21
250.0,1.0,4.0186296856256485,-8.1886891244442,-4.170059438818553,-2.8263097646212625,1.3870792642073415e-20,-2.8264263627436907e-20,-1.439347098536349e-20,-9.755354375536454e-21
251.0,1.0,4.081913018130039,-8.1886891244442,-4.106776106314161,-2.768380016476222,1.4145579707686233e-20,-2.8377320681946653e-20,-1.4231740974260417e-20,-9.593624364433378e-21
252.0,1.0,4.137527616850647,-8.1886891244442,-4.051161507593553,-2.7180765133502085,1.439543288402662e-20,-2.84903777364564e-20,-1.4094944852429782e-20,-9.45682824260274e-21
253.0,1.0,4.1855138910583225,-8.1886891244442,-4.003175233385878,-2.675359349791716,1.462017568748473e-20,-2.860343479096615e-20,-1.398325910348142e-20,-9.345142493654375e-21
254.0,1.0,4.226037410640279,-8.1886891244442,-3.962651713803922,-2.6400634517987154,1.4820072785406252e-20,-2.87164918454759e-20,-1.3896419060069646e-20,-9.25830245024261e-21
255.0,1.0,4.259382026025142,-8.1886891244442,-3.9293070984190592,-2.611905457049165,1.4995814413866445e-20,-2.8829548899985644e-20,-1.38337344861192e-20,-9.195617876292157e-21
256.0,1.0,4.285936453827304,-8.1886891244442,-3.902752670616895,-2.590497129408602,1.514847713034295e-20,-2.894260595449539e-20,-1.3794128824152438e-20,-9.156012214325395e-21
257.0,1.0,4.306175246447317,-8.1886891244442,-3.8825138779968835,-2.5753643894781177,1.527946352792886e-20,-2.9055663009005137e-20,-1.3776199481076273e-20,-9.138082871249235e-21
258.0,1.0,4.320635883220092,-8.1886891244442,-3.868053241224109,-2.5659702235910746,1.5390426557752397e-20,-2.916872006351489e-20,-1.377829350576249e-20,-9.140176895935449e-21
259.0,1.0,4.329894216777069,-8.1886891244442,-3.858794907667132,-2.561739237592528,1.548318607209252e-20,-2.928177711802463e-20,-1.379859104593211e-20,-9.160474436105075e-21
260.0,1.0,4.334540547780703,-8.1886891244442,-3.8541485766634977,-2.5620815822430245,1.555964558915749e-20,-2.939483417253438e-20,-1.3835188583376892e-20,-9.19707197354985e-21
261.0,1.0,4.33515822877358,-8.1886891244442,-3.8535308956706196,-2.5664143495046314,1.5621716189568817e-20,-2.950789122704413e-20,-1.3886175037475304e-20,-9.248058427648264e-21
262.0,1.0,4.33230610579585,-8.1886891244442,-3.8563830186483514,-2.5741791310555158,1.567125252277165e-20,-2.962094828155388e-20,-1.394969575878223e-20,-9.311579148955187e-21
263.0,1.0,4.326505490277669,-8.1886891244442,-3.8621836341665308,-2.5848550465265188,1.5710003808839964e-20,-2.973400533606362e-20,-1.4024001527223656e-20,-9.385884917396611e-21
264.0,1.0,4.318231760898159,-8.1886891244442,-3.870457363546043,-2.5979671417683043,1.5739580636874027e-20,-2.984706239057337e-20,-1.4107481753699352e-20,-9.469365143872307e-21
265.0,1.0,4.307910096277892,-8.1886891244442,-3.880779028166307,-2.61309065628207,1.5761436181267334e-20,-2.996011944508312e-20,-1.4198683263815776e-20,-9.560566653988737e-21
266.0,1.0,4.29591439047256,-8.1886891244442,-3.89277473397164,-2.629852107846366,1.5776858753395522e-20,-3.007317649959287e-20,-1.4296317746197343e-20,-9.658201136370301e-21
267.0,1.0,4.282568345948742,-8.1886891244442,-3.906120778495458,-2.6479281996590434,1.5786972290389646e-20,-3.018623355410261e-20,-1.4399261263712965e-20,-9.761144653885926e-21
268.0,1.0,4.268148009642747,-8.1886891244442,-3.9205411148014537,-2.6670432843935323,1.5792742274058868e-20,-3.0299290608612364e-20,-1.4506548334553495e-20,-9.868431724726452e-21
269.0,1.0,4.252885319004372,-8.1886891244442,-3.9358038054398286,-2.686965818267625,1.57949856109268e-20,-3.041234766312211e-20,-1.4617362052195306e-20,-9.979245442368267e-21
270.0,1.0,4.236972378393917,-8.1886891244442,-3.951716746050284,-2.707504084756497,1.5794383528594396e-20,-3.052540471763186e-20,-1.4731021189037464e-20,-1.0092904579210427e-20
271.0,1.0,4.220566212438949,-8.1886891244442,-3.968122912005253,-2.728501441343546,1.5791496610927957e-20,-3.06384617721416e-20,-1.484696516121365e-20,-1.0208848551386615e-20
272.0,1.0,4.203793723357976,-8.1886891244442,-3.9848954010862254,-2.7498313623019506,1.578678099298047e-20,-3.0751518826651355e-20,-1.4964737833670886e-20,-1.0326621223843847e-20
273.0,1.0,4.186756566946456,-8.1886891244442,-4.001932557497746,-2.7713925628115827,1.5780604659996696e-20,-3.08645758811611e-20,-1.5083971221164405e-20,-1.044585461133737e-20
274.0,1.0,4.169535684642899,-8.1886891244442,-4.019153439801302,-2.7931044669935545,1.5773262849298304e-20,-3.097763293567085e-20,-1.5204370086372546e-20,-1.0566253476545506e-20
275.0,1.0,4.152195293138988,-8.1886891244442,-4.036493831305213,-2.814903218398584,1.576499176801189e-20,-3.1090689990180593e-20,-1.5325698222168708e-20,-1.0687581612341663e-20
276.0,1.0,4.134786224759423,-8.1886891244442,-4.053902899684779,-2.836738339723464,1.575598016734093e-20,-3.1203747044690346e-20,-1.544776687734942e-20,-1.0809650267522378e-20
277.0,1.0,4.117348607648729,-8.1886891244442,-4.071340516795473,-2.8585700527184965,1.5746378668710463e-20,-3.131680409920009e-20,-1.5570425430489635e-20,-1.0932308820662599e-20
278.0,1.0,4.0999139522914785,-8.1886891244442,-4.088775172152721,-2.8803671917594738,1.5736307033322032e-20,-3.142986115370984e-20,-1.56935541203878e-20,-1.1055437510560762e-20
279.0,1.0,4.0825067570226485,-8.1886891244442,-4.106182367421551,-2.902105598427564,1.572585975169861e-20,-3.1542918208219584e-20,-1.5817058456520973e-20,-1.1178941846693937e-20
280.0,1.0,4.065145758390936,-8.1886891244442,-4.123543366053266,-2.923766871234255,1.5715110393294728e-20,-3.1655975262729337e-20,-1.5940864869434612e-20,-1.130274825960757e-20
281.0,1.0,4.047844939552126,-8.1886891244442,-4.1408441848920745,-2.945337357314413,1.570411512093305e-20,-3.1769032317239083e-20,-1.6064917196306034e-20,-1.1426800586478992e-20
282.0,1.0,4.030614382182441,-8.1886891244442,-4.1580747422617605,-2.9668073005974964,1.5692915679531174e-20,-3.188208937174883e-20,-1.618917369221766e-20,-1.1551057082390626e-20
283.0,1.0,4.013461015428569,-8.1886891244442,-4.175228109015633,-2.988170092940287,1.5681542053097942e-20,-3.1995146426258576e-20,-1.631360437316064e-20,-1.1675487763333598e-20
284.0,1.0,3.996389287235915,-8.1886891244442,-4.192299837208285,-3.0094216028796836,1.5670014879413662e-20,-3.210820348076833e-20,-1.6438188601354663e-20,-1.1800071991527622e-20
285.0,1.0,3.9794017635421928,-8.1886891244442,-4.2092873609020085,-3.030559576518421,1.5658347636483382e-20,-3.2221260535278074e-20,-1.6562912898794692e-20,-1.1924796288967658e-20
286.0,1.0,3.962499650447631,-8.1886891244442,-4.22618947399657,-3.0515831154325035,1.5646548574487894e-20,-3.233431758978782e-20,-1.668776901529993e-20,-1.2049652405472885e-20
287.0,1.0,3.9456832322600093,-8.1886891244442,-4.24300589218419,-3.072492238702228,1.5634622357647898e-20,-3.2447374644297567e-20,-1.6812752286649662e-20,-1.217463567682262e-20
288.0,1.0,3.9289522216079797,-8.1886891244442,-4.25973690283622,-3.093287532873294,1.562257139273521e-20,-3.256043169880732e-20,-1.6937860306072107e-20,-1.2299743696245066e-20
289.0,1.0,3.9123060236744522,-8.1886891244442,-4.276383100769747,-3.113969887796312,1.5610396843919514e-20,-3.2673488753317065e-20,-1.7063091909397542e-20,-1.2424975299570503e-20
290.0,1.0,3.8957439225328367,-8.1886891244442,-4.292945201911364,-3.1345403103619756,1.5598099357613012e-20,-3.2786545807826805e-20,-1.7188446450213793e-20,-1.2550329840386758e-20
291.0,1.0,3.879265201933876,-8.1886891244442,-4.309423922510325,-3.154999803784129,1.5585679539393782e-20,-3.289960286233656e-20,-1.7313923322942778e-20,-1.2675806713115736e-20
292.0,1.0,3.8628692149786303,-8.1886891244442,-4.3258199094655705,-3.175349297995286,1.557313823486981e-20,-3.3012659916846304e-20,-1.7439521681976494e-20,-1.2801405072149449e-20
293.0,1.0,3.8465554169906313,-8.1886891244442,-4.34213370745357,-3.1955896168415467,1.5560476667444205e-20,-3.3125716971356056e-20,-1.7565240303911848e-20,-1.2927123694084809e-20
294.0,1.0,3.8303233741339238,-8.1886891244442,-4.358365750310277,-3.215721469530269,1.5547696480353406e-20,-3.3238774025865796e-20,-1.7691077545512394e-20,-1.305296093568536e-20
295.0,1.0,3.814172757675746,-8.1886891244442,-4.374516366768454,-3.2357454564317667,1.553479972095117e-20,-3.335183108037555e-20,-1.7817031359424374e-20,-1.3178914749597335e-20
296.0,1.0,3.7981033309696137,-8.1886891244442,-4.390585793474587,-3.255662082159306,1.5521788794767605e-20,-3.3464888134885295e-20,-1.794309934011769e-20,-1.3304982730290645e-20
297.0,1.0,3.7821149337346496,-8.1886891244442,-4.40657419070955,-3.27547177135156,1.550866640740306e-20,-3.357794518939505e-20,-1.8069278781991982e-20,-1.3431162172164938e-20
298.0,1.0,3.7662074662784146,-8.1886891244442,-4.422481658165786,-3.2951748845103417,1.5495435504887285e-20,-3.369100224390479e-20,-1.8195566739017505e-20,-1.355745012919047e-20
299.0,1.0,3.750380874989885,-8.1886891244442,-4.438308249454314,-3.314771732566948,1.5482099217974992e-20,-3.380405929841454e-20,-1.8321960080439542e-20,-1.3683843470612505e-20
300.0,1.0,3.7346351396228883,-8.1886891244442,-4.4540539848213125,-3.3342625896569036,1.5468660812655604e-20,-3.3917116352924286e-20,-1.8448455540268682e-20,-1.3810338930441643e-20
200.0,2.0,0.09896967234026066,-6.80239476332431,-6.703425090984052,-5.023737998237436,2.732847582938171e-22,-1.8783439055177893e-20,-1.851015429688408e-20,-1.387203768705704e-20
201.0,2.0,0.11205882128475952,-6.80239476332431,-6.690335942039551,-5.019005501495657,3.1097493809144375e-22,-1.8877356250453783e-20,-1.8566381312362342e-20,-1.3928264702535303e-20
202.0,2.0,0.1266763945653513,-6.80239476332431,-6.675718368758959,-5.0126618412870645,3.5328918771012057e-22,-1.8971273445729673e-20,-1.8617984258019553e-20,-1.3979867648192513e-20
203.0,2.0,0.1429698273279525,-6.80239476332431,-6.6594249359963555,-5.004560805211515,4.007040327349359e-22,-1.906519064100556e-20,-1.8664486608270618e-20,-1.4026369998443582e-20
204.0,2.0,0.16109578945038328,-6.80239476332431,-6.641298973873926,-4.994546922161561,4.537301508421197e-22,-1.915910783628145e-20,-1.870537768543933e-20,-1.4067261075612293e-20
205.0,2.0,0.1812198739609303,-6.80239476332431,-6.621174889363379,-4.982455774488635,5.129121274167832e-22,-1.925302503155734e-20,-1.8740112904140557e-20,-1.4101996294313518e-20
206.0,2.0,0.20351607706816988,-6.80239476332431,-6.598878686256141,-4.9681145185409825,5.788275926734689e-22,-1.934694222683323e-20,-1.8768114634159763e-20,-1.4129998024332724e-20
207.0,2.0,0.22816603883069986,-6.80239476332431,-6.57422872449361,-4.951342644545191,6.520856316253236e-22,-1.944085942210912e-20,-1.8788773790483795e-20,-1.4150657180656756e-20
208.0,2.0,0.25535801422436966,-6.80239476332431,-6.54703674909994,-4.931953006074348,7.333243569201925e-22,-1.9534776617385008e-20,-1.8801452260464813e-20,-1.416333565063777e-20
209.0,2.0,0.2852855464576465,-6.80239476332431,-6.517109216866663,-4.90975314725268,8.232075372612146e-22,-1.9628693812660895e-20,-1.880548627539968e-20,-1.4167369665572644e-20
210.0,2.0,0.318145818496663,-6.80239476332431,-6.484248944827645,-4.884546951735633,9.224201829393585e-22,-1.9722611007936785e-20,-1.880019082499742e-20,-1.4162074215170383e-20
211.0,2.0,0.3541376650734265,-6.80239476332431,-6.448257098250885,-4.856136631192484,1.031663005737978e-21,-1.9816528203212675e-20,-1.87848651974747e-20,-1.4146748587647666e-20
212.0,2.0,0.39345923633691493,-6.80239476332431,-6.4089355269873955,-4.8243250621321,1.1516456945213695e-21,-1.9910445398488565e-20,-1.8758799703967195e-20,-1.412068309414016e-20
213.0,2.0,0.43630531598929645,-6.80239476332431,-6.366089447335016,-4.788918468230213,1.2830789811986022e-21,-2.0004362593764455e-20,-1.8721283612565857e-20,-1.4083167002738815e-20
214.0,2.0,0.4828643112286004,-6.80239476332431,-6.319530452095709,-4.74972943083719,1.4266655148475957e-21,-2.0098279789040342e-20,-1.8671614274192744e-20,-1.4033497664365702e-20
215.0,2.0,0.5333149489118518,-6.80239476332431,-6.269079814412459,-4.706580193252817,1.5830896144354286e-21,-2.0192196984316232e-20,-1.8609107369880807e-20,-1.3970990760053765e-20
216.0,2.0,0.5878227315927025,-6.80239476332431,-6.214572031731608,-4.659306205114371,1.7530060317495835e-21,-2.0286114179592123e-20,-1.8533108147842542e-20,-1.3894991538015493e-20
217.0,2.0,0.6465362274883555,-6.80239476332431,-6.155858535835954,-4.6077598328436835,1.937027923201888e-21,-2.0380031374868013e-20,-1.844300345166612e-20,-1.3804886841839085e-20
218.0,2.0,0.7095832886713445,-6.80239476332431,-6.092811474652967,-4.551814141857907,2.1357142982673506e-21,-2.0473948570143903e-20,-1.8338234271876554e-20,-1.3700117662049512e-20
219.0,2.0,0.7770673099248084,-6.80239476332431,-6.025327453399502,-4.49136663810579,2.3495572775930255e-21,-2.056786576541979e-20,-1.8218308487826768e-20,-1.3580191877999726e-20
220.0,2.0,0.8490636544521522,-6.80239476332431,-5.953331108872156,-4.426342842738871,2.578969548002561e-21,-2.066178296069568e-20,-1.8082813412693115e-20,-1.3444696802866074e-20
221.0,2.0,0.9256163792234757,-6.80239476332431,-5.8767783841008345,-4.356699567135571,2.8242724356723127e-21,-2.075570015597157e-20,-1.7931427720299257e-20,-1.3293311110472213e-20
222.0,2.0,1.0067353894841502,-6.80239476332431,-5.795659373840159,-4.282427758753119,3.085685023438104e-21,-2.084961735124746e-20,-1.7763932327809355e-20,-1.3125815717982313e-20
223.0,2.0,1.0923941363272012,-6.80239476332431,-5.710000626997111,-4.203554803905979,3.363314704395011e-21,-2.094353454652335e-20,-1.7580219842128343e-20,-1.2942103232301309e-20
224.0,2.0,1.1825279416402372,-6.80239476332431,-5.619866821684072,-4.120146203160308,3.657149485018741e-21,-2.1037451741799238e-20,-1.7380302256780495e-20,-1.2742185646953452e-20
225.0,2.0,1.277032991190296,-6.80239476332431,-5.525361772134016,-4.032306578581469,3.967052225071255e-21,-2.1131368937075128e-20,-1.7164316712003878e-20,-1.2526200102176836e-20
226.0,2.0,1.375765981143782,-6.80239476332431,-5.4266287821805275,-3.9401800275375063,4.29275683298641e-21,-2.1225286132351018e-20,-1.6932529299364605e-20,-1.2294412689537566e-20
227.0,2.0,1.4785443408685741,-6.80239476332431,-5.323850422455735,-3.8439499002120208,4.633866238084193e-21,-2.1319203327626908e-20,-1.668533708954271e-20,-1.2047220479715666e-20
228.0,2.0,1.585146893301636,-6.80239476332431,-5.217247870022673,-3.743838139543188,4.989851758645224e-21,-2.1413120522902798e-20,-1.642326876425757e-20,-1.1785152154430532e-20
229.0,2.0,1.6953147638071138,-6.80239476332431,-5.107079999517197,-3.6401043726642577,5.360053310338359e-21,-2.1507037718178685e-20,-1.614698440784033e-20,-1.1508867798013286e-20
230.0,2.0,1.8087523211792234,-6.80239476332431,-4.9936424421450845,-3.533044970191506,5.74367979201268e-21,-2.1600954913454575e-20,-1.585727512144189e-20,-1.1219158511614846e-20
231.0,2.0,1.9251279412622306,-6.80239476332431,-4.877266822062079,-3.4229922828875203,6.1398089837140005e-21,-2.1694872108730465e-20,-1.5555063125016466e-20,-1.0916946515189421e-20
232.0,2.0,2.0440744322340425,-6.80239476332431,-4.7583203310902675,-3.3103142166535307,6.547386424231637e-21,-2.1788789304006356e-20,-1.5241402879774717e-20,-1.0603286269947676e-20
233.0,2.0,2.1651890518855432,-6.80239476332431,-4.637205711438767,-3.1954142155189267,6.965223011361367e-21,-2.1882706499282246e-20,-1.491748348792088e-20,-1.027936687809384e-20
234.0,2.0,2.288033173155197,-6.80239476332431,-4.5143615901691145,-3.0787315963685895,7.391991467211506e-21,-2.1976623694558136e-20,-1.458463222734663e-20,-9.946515617519592e-21
235.0,2.0,2.4121317967405522,-6.80239476332431,-4.390262966583757,-2.9607420365866393,7.826222279639411e-21,-2.2070540889834023e-20,-1.424431861019461e-20,-9.606202000367572e-21
236.0,2.0,2.53697324265126,-6.80239476332431,-4.265421520673051,-2.841957882752192,8.266300186364e-21,-2.2164458085109913e-20,-1.389815789874592e-20,-9.260041288918879e-21
237.0,2.0,2.662009446778131,-6.80239476332431,-4.14038531654618,-2.7229278543127506,8.710462613222928e-21,-2.2258375280385803e-20,-1.3547912667162876e-20,-8.909796057335837e-21
238.0,2.0,2.786657319030235,-6.80239476332431,-4.015737444294075,-2.6042356856834754,9.156801625251026e-21,-2.2352292475661693e-20,-1.3195490850410667e-20,-8.557374240583628e-21
239.0,2.0,2.9103015742493406,-6.80239476332431,-3.89209318907497,-2.4864972955631597,9.60327085006401e-21,-2.2446209670937583e-20,-1.2842938820873573e-20,-8.204822211046535e-21
240.0,2.0,3.0322993327894814,-6.80239476332431,-3.7700954305348287,-2.3703561865793166,1.0047698499639516e-20,-2.2540126866213467e-20,-1.2492428366573953e-20,-7.854311756746912e-21
241.0,2.0,3.151986630684031,-6.80239476332431,-3.650408132640278,-2.2564769353401832,1.0487807127098138e-20,-2.2634044061489358e-20,-1.2146236934391218e-20,-7.508120324564178e-21
242.0,2.0,3.268686818666084,-6.80239476332431,-3.533707944658227,-2.145536793627967,1.0921240233760916e-20,-2.2727961256765248e-20,-1.1806721023004337e-20,-7.168604413177294e-21
243.0,2.0,3.381720703290912,-6.80239476332431,-3.4206740600333987,-2.0382155474847448,1.1345595416685283e-20,-2.2821878452041138e-20,-1.1476283035355857e-20,-6.838166425528814e-21
244.0,2.0,3.4904182151878875,-6.80239476332431,-3.311976548136423,-1.9351838491637885,1.1758463500849498e-20,-2.2915795647317028e-20,-1.1157332146467531e-20,-6.5192155366404905e-21
245.0,2.0,3.59413137667618,-6.80239476332431,-3.208263386648131,-1.8370902497121193,1.215747303313765e-20,-2.3009712842592918e-20,-1.0852239809455272e-20,-6.21412319962823e-21
246.0,2.0,3.6922483545954403,-6.80239476332431,-3.1101464087288697,-1.7445471463332485,1.2540339536368647e-20,-2.3103630037868805e-20,-1.056329050150016e-20,-5.925173891673119e-21
247.0,2.0,3.7842083763705574,-6.80239476332431,-3.0181863869537526,-1.6581158665111495,1.2904918871250257e-20,-2.3197547233144698e-20,-1.0292628361894441e-20,-5.654511752067398e-21
248.0,2.0,3.869517207537398,-6.80239476332431,-2.932877555786911,-1.5782911906686738,1.3249263756411867e-20,-2.3291464428420585e-20,-1.0042200672008715e-20,-5.4040840621816746e-21
249.0,2.0,3.947762705521506,-6.80239476332431,-2.854632057802805,-1.5054857985685768,1.357168183272275e-20,-2.338538162369648e-20,-9.81369979097373e-21,-5.175583181146689e-21
250.0,2.0,4.0186296856256485,-6.80239476332431,-2.7837650776986624,-1.4400154035013717,1.3870792642073415e-20,-2.3479298818972366e-20,-9.608506176898952e-21,-4.970389567071913e-21
251.0,2.0,4.081913018130039,-6.80239476332431,-2.72048174519427,-1.382085655356331,1.4145579707686233e-20,-2.3573216014248256e-20,-9.427636306562018e-21,-4.789519696734979e-21
252.0,2.0,4.137527616850647,-6.80239476332431,-2.6648671464736626,-1.3317821522303177,1.439543288402662e-20,-2.3667133209524143e-20,-9.271700325497524e-21,-4.6335837156704825e-21
253.0,2.0,4.1855138910583225,-6.80239476332431,-2.6168808722659875,-1.289064988671825,1.462017568748473e-20,-2.3761050404800036e-20,-9.140874717315305e-21,-4.50275810748826e-21
254.0,2.0,4.226037410640279,-6.80239476332431,-2.576357352684031,-1.2537690906788246,1.4820072785406252e-20,-2.3854967600075923e-20,-9.034894814669671e-21,-4.3967782048426365e-21
255.0,2.0,4.259382026025142,-6.80239476332431,-2.5430127372991684,-1.225611095929274,1.4995814413866445e-20,-2.3948884795351813e-20,-8.953070381485368e-21,-4.314953771658324e-21
256.0,2.0,4.285936453827304,-6.80239476332431,-2.516458309497004,-1.2042027682887113,1.514847713034295e-20,-2.40428019906277e-20,-8.894324860284747e-21,-4.2562082504577054e-21
257.0,2.0,4.306175246447317,-6.80239476332431,-2.4962195168769927,-1.189070028358227,1.527946352792886e-20,-2.4136719185903588e-20,-8.857255657974726e-21,-4.219139048147687e-21
258.0,2.0,4.320635883220092,-6.80239476332431,-2.481758880104218,-1.1796758624711838,1.5390426557752397e-20,-2.423063638117948e-20,-8.840209823427083e-21,-4.2020932136000426e-21
259.0,2.0,4.329894216777069,-6.80239476332431,-2.4725005465472414,-1.1754448764726373,1.548318607209252e-20,-2.4324553576455368e-20,-8.841367504362847e-21,-4.203250894535812e-21
260.0,2.0,4.334540547780703,-6.80239476332431,-2.467854215543607,-1.1757872211231337,1.555964558915749e-20,-2.441847077173126e-20,-8.85882518257377e-21,-4.220708572746727e-21
261.0,2.0,4.33515822877358,-6.80239476332431,-2.4672365345507288,-1.1801199883847406,1.5621716189568817e-20,-2.4512387967007148e-20,-8.890671777438325e-21,-4.252555167611284e-21
262.0,2.0,4.33230610579585,-6.80239476332431,-2.4700886575284606,-1.187884769935625,1.567125252277165e-20,-2.4606305162283038e-20,-8.935052639511392e-21,-4.296936029684349e-21
263.0,2.0,4.326505490277669,-6.80239476332431,-2.47588927304664,-1.198560685406628,1.5710003808839964e-20,-2.4700222357558925e-20,-8.99021854871896e-21,-4.352101938891915e-21
264.0,2.0,4.318231760898159,-6.80239476332431,-2.4841630024261523,-1.2116727806484135,1.5739580636874027e-20,-2.4794139552834818e-20,-9.054558915960796e-21,-4.416442306133753e-21
265.0,2.0,4.307910096277892,-6.80239476332431,-2.4944846670464162,-1.2267962951621794,1.5761436181267334e-20,-2.4888056748110706e-20,-9.126620566843364e-21,-4.488503957016324e-21
266.0,2.0,4.29591439047256,-6.80239476332431,-2.5064803728517493,-1.2435577467264753,1.5776858753395522e-20,-2.4981973943386596e-20,-9.20511518999107e-21,-4.56699858016403e-21
267.0,2.0,4.282568345948742,-6.80239476332431,-2.519826417375567,-1.2616338385391526,1.5786972290389646e-20,-2.5075891138662483e-20,-9.288918848272835e-21,-4.650802238445798e-21
268.0,2.0,4.268148009642747,-6.80239476332431,-2.534246753681563,-1.2807489232736415,1.5792742274058868e-20,-2.5169808333938376e-20,-9.377066059879506e-21,-4.738949450052465e-21
269.0,2.0,4.252885319004372,-6.80239476332431,-2.5495094443199378,-1.3006714571477342,1.57949856109268e-20,-2.5263725529214263e-20,-9.468739918287461e-21,-4.830623308460422e-21
270.0,2.0,4.236972378393917,-6.80239476332431,-2.565422384930393,-1.3212097236366063,1.5794383528594396e-20,-2.5357642724490156e-20,-9.563259195895759e-21,-4.9251425860687236e-21
271.0,2.0,4.220566212438949,-6.80239476332431,-2.581828550885362,-1.3422070802236554,1.5791496610927957e-20,-2.5451559919766043e-20,-9.660063308838089e-21,-5.021946699011053e-21
272.0,2.0,4.203793723357976,-6.80239476332431,-2.5986010399663346,-1.3635370011820598,1.578678099298047e-20,-2.5545477115041933e-20,-9.758696122061467e-21,-5.1205795122344266e-21
273.0,2.0,4.186756566946456,-6.80239476332431,-2.615638196377855,-1.385098201691692,1.5780604659996696e-20,-2.563939431031782e-20,-9.858789650321128e-21,-5.220673040494091e-21
274.0,2.0,4.169535684642899,-6.80239476332431,-2.6328590786814114,-1.4068101058736637,1.5773262849298304e-20,-2.5733311505593714e-20,-9.96004865629541e-21,-5.321932046468369e-21
275.0,2.0,4.152195293138988,-6.80239476332431,-2.6501994701853224,-1.428608857278693,1.576499176801189e-20,-2.58272287008696e-20,-1.0062236932857712e-20,-5.4241203230306685e-21
276.0,2.0,4.134786224759423,-6.80239476332431,-2.667608538564888,-1.4504439786035732,1.575598016734093e-20,-2.592114589614549e-20,-1.0165165728804567e-20,-5.5270491189775246e-21
277.0,2.0,4.117348607648729,-6.80239476332431,-2.6850461556755825,-1.4722756915986057,1.5746378668710463e-20,-2.6015063091421378e-20,-1.0268684422710924e-20,-5.630567812883888e-21
278.0,2.0,4.0999139522914785,-6.80239476332431,-2.7024808110328298,-1.494072830639583,1.5736307033322032e-20,-2.610898028669727e-20,-1.0372673253375232e-20,-5.734556643548193e-21
279.0,2.0,4.0825067570226485,-6.80239476332431,-2.7198880063016606,-1.5158112373076733,1.572585975169861e-20,-2.6202897481973158e-20,-1.0477037730274544e-20,-5.838921120447509e-21
280.0,2.0,4.065145758390936,-6.80239476332431,-2.737249004933375,-1.5374725101143643,1.5715110393294728e-20,-2.629681467724905e-20,-1.0581704283954327e-20,-5.9435876741272845e-21
281.0,2.0,4.047844939552126,-6.80239476332431,-2.7545498237721837,-1.5590429961945222,1.570411512093305e-20,-2.639073187252494e-20,-1.068661675159189e-20,-6.0485001417648484e-21
282.0,2.0,4.030614382182441,-6.80239476332431,-2.7717803811418698,-1.5805129394776056,1.5692915679531174e-20,-2.648464906780083e-20,-1.079173338826966e-20,-6.153616778442624e-21
283.0,2.0,4.013461015428569,-6.80239476332431,-2.788933747895742,-1.601875731820396,1.5681542053097942e-20,-2.6578566263076716e-20,-1.0897024209978778e-20,-6.258907600151738e-21
284.0,2.0,3.996389287235915,-6.80239476332431,-2.8060054760883943,-1.6231272417597928,1.5670014879413662e-20,-2.667248345835261e-20,-1.1002468578938944e-20,-6.364351969111903e-21
285.0,2.0,3.9794017635421928,-6.80239476332431,-2.8229929997821177,-1.64426521539853,1.5658347636483382e-20,-2.6766400653628496e-20,-1.1108053017145117e-20,-6.469936407318081e-21
286.0,2.0,3.962499650447631,-6.80239476332431,-2.839895112876679,-1.6652887543126127,1.5646548574487894e-20,-2.686031784890439e-20,-1.1213769274416494e-20,-6.5756526645894505e-21
287.0,2.0,3.9456832322600093,-6.80239476332431,-2.856711531064299,-1.6861978775823374,1.5634622357647898e-20,-2.6954235044180276e-20,-1.1319612686532369e-20,-6.6814960767053275e-21
288.0,2.0,3.9289522216079797,-6.80239476332431,-2.8734425417163294,-1.7069931717534033,1.562257139273521e-20,-2.7048152239456166e-20,-1.1425580846720954e-20,-6.787464236893915e-21
289.0,2.0,3.9123060236744522,-6.80239476332431,-2.8900887396498565,-1.7276755266764212,1.5610396843919514e-20,-2.7142069434732054e-20,-1.1531672590812533e-20,-6.893555980985493e-21
290.0,2.0,3.8957439225328367,-6.80239476332431,-2.906650840791473,-1.7482459492420848,1.5598099357613012e-20,-2.7235986630007944e-20,-1.1637887272394928e-20,-6.999770662567892e-21
291.0,2.0,3.879265201933876,-6.80239476332431,-2.923129561390434,-1.7687054426642383,1.5585679539393782e-20,-2.7329903825283834e-20,-1.1744224285890051e-20,-7.106107676063011e-21
292.0,2.0,3.8628692149786303,-6.80239476332431,-2.9395255483456797,-1.7890549368753952,1.557313823486981e-20,-2.742382102055972e-20,-1.185068278568991e-20,-7.212566175862866e-21
293.0,2.0,3.8465554169906313,-6.80239476332431,-2.955839346333679,-1.809295255721656,1.5560476667444205e-20,-2.7517738215835614e-20,-1.1957261548391407e-20,-7.319144938564366e-21
294.0,2.0,3.8303233741339238,-6.80239476332431,-2.9720713891903863,-1.8294271084103784,1.5547696480353406e-20,-2.76116554111115e-20,-1.2063958930758094e-20,-7.425842320931061e-21
295.0,2.0,3.814172757675746,-6.80239476332431,-2.988222005648563,-1.849451095311876,1.553479972095117e-20,-2.770557260638739e-20,-1.2170772885436215e-20,-7.532656275609176e-21
296.0,2.0,3.7981033309696137,-6.80239476332431,-3.0042914323546963,-1.8693677210394153,1.5521788794767605e-20,-2.779948980166328e-20,-1.2277701006895674e-20,-7.639584397068629e-21
297.0,2.0,3.7821149337346496,-6.80239476332431,-3.0202798295896596,-1.8891774102316692,1.550866640740306e-20,-2.789340699693917e-20,-1.238474058953611e-20,-7.746623979709064e-21
298.0,2.0,3.7662074662784146,-6.80239476332431,-3.0361872970458954,-1.908880523390451,1.5495435504887285e-20,-2.798732419221506e-20,-1.2491888687327774e-20,-7.853772077500737e-21
299.0,2.0,3.750380874989885,-6.80239476332431,-3.0520138883344234,-1.928477371447057,1.5482099217974992e-20,-2.808124138749095e-20,-1.259914216951595e-20,-7.961025559688915e-21
300.0,2.0,3.7346351396228883,-6.80239476332431,-3.0677596237014217,-1.9479682285370128,1.5468660812655604e-20,-2.817515858276684e-20,-1.2706497770111232e-20,-8.068381160284195e-21
200.0,5.0,0.09896967234026066,-4.969813299576002,-4.87084362723574,-3.191156534489126,2.732847582938171e-22,-1.3723135524492616e-20,-1.3449850766198794e-20,-8.811734156371756e-21
201.0,5.0,0.11205882128475952,-4.969813299576002,-4.857754478291243,-3.186424037747347,3.1097493809144375e-22,-1.379175120211508e-20,-1.3480776264023638e-20,-8.842659654196594e-21
202.0,5.0,0.1266763945653513,-4.969813299576002,-4.843136905010651,-3.180080377538756,3.5328918771012057e-22,-1.386036687973754e-20,-1.3507077692027423e-20,-8.868961082200383e-21
203.0,5.0,0.1429698273279525,-4.969813299576002,-4.826843472248051,-3.1719793414632083,4.007040327349359e-22,-1.3928982557360005e-20,-1.3528278524625073e-20,-8.89016191479803e-21
204.0,5.0,0.16109578945038328,-4.969813299576002,-4.808717510125618,-3.1619654584132526,4.537301508421197e-22,-1.3997598234982467e-20,-1.3543868084140347e-20,-8.905751474313311e-21
205.0,5.0,0.1812198739609303,-4.969813299576002,-4.788593425615071,-3.1498743107403264,5.129121274167832e-22,-1.406621391260493e-20,-1.3553301785188148e-20,-8.915185175361108e-21
206.0,5.0,0.20351607706816988,-4.969813299576002,-4.766297222507832,-3.135533054792674,5.788275926734689e-22,-1.4134829590227395e-20,-1.3556001997553928e-20,-8.917885387726889e-21
207.0,5.0,0.22816603883069986,-4.969813299576002,-4.741647260745301,-3.1187611807968825,6.520856316253236e-22,-1.4203445267849856e-20,-1.3551359636224533e-20,-8.913243026397493e-21
208.0,5.0,0.25535801422436966,-4.969813299576002,-4.714455285351631,-3.0993715423260415,7.333243569201925e-22,-1.427206094547232e-20,-1.3538736588552126e-20,-8.900619978725087e-21
209.0,5.0,0.2852855464576465,-4.969813299576002,-4.6845277531183545,-3.0771716835043694,8.232075372612146e-22,-1.4340676623094782e-20,-1.3517469085833565e-20,-8.879352476006524e-21
210.0,5.0,0.318145818496663,-4.969813299576002,-4.65166748107934,-3.051965487987326,9.224201829393585e-22,-1.4409292300717246e-20,-1.348687211777789e-20,-8.848755507950849e-21
211.0,5.0,0.3541376650734265,-4.969813299576002,-4.615675634502576,-3.023555167444174,1.031663005737978e-21,-1.4477907978339707e-20,-1.3446244972601733e-20,-8.808128362774693e-21
212.0,5.0,0.39345923633691493,-4.969813299576002,-4.576354063239087,-2.99174359838379,1.1516456945213695e-21,-1.454652365596217e-20,-1.3394877961440803e-20,-8.75676135161376e-21
213.0,5.0,0.43630531598929645,-4.969813299576002,-4.533507983586704,-2.9563370044819024,1.2830789811986022e-21,-1.4615139333584635e-20,-1.3332060352386029e-20,-8.69394374255899e-21
214.0,5.0,0.4828643112286004,-4.969813299576002,-4.4869489883474,-2.917147967088882,1.4266655148475957e-21,-1.4683755011207097e-20,-1.3257089496359499e-20,-8.618972886532456e-21
215.0,5.0,0.5333149489118518,-4.969813299576002,-4.43649835066415,-2.8739987295045086,1.5830896144354286e-21,-1.475237068882956e-20,-1.3169281074394134e-20,-8.531164464567092e-21
216.0,5.0,0.5878227315927025,-4.969813299576002,-4.3819905679833,-2.826724741366064,1.7530060317495835e-21,-1.4820986366452025e-20,-1.3067980334702441e-20,-8.4298637248754e-21
217.0,5.0,0.6465362274883555,-4.969813299576002,-4.323277072087645,-2.775178369095375,1.937027923201888e-21,-1.4889602044074486e-20,-1.2952574120872596e-20,-8.314457511045559e-21
218.0,5.0,0.7095832886713445,-4.969813299576002,-4.2602300109046585,-2.7192326781096003,2.1357142982673506e-21,-1.495821772169695e-20,-1.2822503423429603e-20,-8.184386813602566e-21
219.0,5.0,0.7770673099248084,-4.969813299576002,-4.192745989651193,-2.6587851743574813,2.3495572775930255e-21,-1.5026833399319412e-20,-1.2677276121726388e-20,-8.039159511899346e-21
220.0,5.0,0.8490636544521522,-4.969813299576002,-4.120749645123848,-2.5937613789905622,2.578969548002561e-21,-1.5095449076941876e-20,-1.251647952893931e-20,-7.87836291911227e-21
221.0,5.0,0.9256163792234757,-4.969813299576002,-4.044196920352526,-2.524118103387263,2.8242724356723127e-21,-1.516406475456434e-20,-1.2339792318892027e-20,-7.701675709064981e-21
222.0,5.0,1.0067353894841502,-4.969813299576002,-3.963077910091851,-2.4498462950048108,3.085685023438104e-21,-1.52326804321868e-20,-1.2146995408748697e-20,-7.508878798921655e-21
223.0,5.0,1.0923941363272012,-4.969813299576002,-3.877419163248801,-2.3709733401576685,3.363314704395011e-21,-1.5301296109809265e-20,-1.1937981405414255e-20,-7.299864795587219e-21
224.0,5.0,1.1825279416402372,-4.969813299576002,-3.7872853579357635,-2.287564739412,3.657149485018741e-21,-1.536991178743173e-20,-1.1712762302412986e-20,-7.074645692585942e-21
225.0,5.0,1.277032991190296,-4.969813299576002,-3.6927803083857054,-2.199725114833159,3.967052225071255e-21,-1.543852746505419e-20,-1.1471475239982937e-20,-6.833358630155895e-21
226.0,5.0,1.375765981143782,-4.969813299576002,-3.594047318432219,-2.107598563789198,4.29275683298641e-21,-1.5507143142676655e-20,-1.1214386309690243e-20,-6.5762696998632026e-21
227.0,5.0,1.4785443408685741,-4.969813299576002,-3.491268958707426,-2.0113684364637123,4.633866238084193e-21,-1.557575882029912e-20,-1.094189258221492e-20,-6.303775972387877e-21
228.0,5.0,1.585146893301636,-4.969813299576002,-3.3846664062743645,-1.9112566757948795,4.989851758645224e-21,-1.564437449792158e-20,-1.0654522739276354e-20,-6.0164061294493164e-21
229.0,5.0,1.6953147638071138,-4.969813299576002,-3.2744985357688883,-1.8075229089159492,5.360053310338359e-21,-1.5712990175544045e-20,-1.0352936865205686e-20,-5.714820255378643e-21
230.0,5.0,1.8087523211792234,-4.969813299576002,-3.161060978396778,-1.7004635064431994,5.74367979201268e-21,-1.578160585316651e-20,-1.0037926061153827e-20,-5.399809451326783e-21
231.0,5.0,1.9251279412622306,-4.969813299576002,-3.044685358313771,-1.590410819139212,6.1398089837140005e-21,-1.585022153078897e-20,-9.71041254707497e-21,-5.072295937247925e-21
232.0,5.0,2.0440744322340425,-4.969813299576002,-2.925738867341959,-1.4777327529052222,6.547386424231637e-21,-1.5918837208411434e-20,-9.371450784179797e-21,-4.733334174352754e-21
233.0,5.0,2.1651890518855432,-4.969813299576002,-2.804624247690459,-1.3628327517706182,6.965223011361367e-21,-1.5987452886033896e-20,-9.022229874672532e-21,-4.384113264845491e-21
234.0,5.0,2.288033173155197,-4.969813299576002,-2.6817801264208043,-1.2461501326202793,7.391991467211506e-21,-1.605606856365636e-20,-8.664077096444852e-21,-4.025960486617811e-21
235.0,5.0,2.4121317967405522,-4.969813299576002,-2.5576815028354485,-1.1281605728383308,7.826222279639411e-21,-1.6124684241278824e-20,-8.29846196163941e-21,-3.660345351812372e-21
236.0,5.0,2.53697324265126,-4.969813299576002,-2.432840056924741,-1.0093764190038819,8.266300186364e-21,-1.6193299918901285e-20,-7.926999732537285e-21,-3.2888831227102458e-21
237.0,5.0,2.662009446778131,-4.969813299576002,-2.3078038527978713,-0.8903463905644422,8.710462613222928e-21,-1.626191559652375e-20,-7.551452983300822e-21,-2.913336373473784e-21
238.0,5.0,2.786657319030235,-4.969813299576002,-2.1831559805457665,-0.771654221935167,9.156801625251026e-21,-1.6330531274146214e-20,-7.173729648895187e-21,-2.535613039068148e-21
239.0,5.0,2.9103015742493406,-4.969813299576002,-2.0595117253266615,-0.6539158318148512,9.60327085006401e-21,-1.6399146951768675e-20,-6.795876101704667e-21,-2.1577594918776288e-21
240.0,5.0,3.0322993327894814,-4.969813299576002,-1.9375139667865202,-0.5377747228310081,1.0047698499639516e-20,-1.6467762629391136e-20,-6.4200641297516215e-21,-1.7819475199245804e-21
241.0,5.0,3.151986630684031,-4.969813299576002,-1.8178266688919695,-0.4238954715918748,1.0487807127098138e-20,-1.65363783070136e-20,-6.0485711799154595e-21,-1.4104545700884193e-21
242.0,5.0,3.268686818666084,-4.969813299576002,-1.7011264809099185,-0.31295532987965835,1.0921240233760916e-20,-1.6604993984636064e-20,-5.683753750875151e-21,-1.0456371410481095e-21
243.0,5.0,3.381720703290912,-4.969813299576002,-1.5880925962850903,-0.20563408373643632,1.1345595416685283e-20,-1.6673609662258526e-20,-5.328014245573245e-21,-6.898976357462038e-22
244.0,5.0,3.4904182151878875,-4.969813299576002,-1.4793950843881145,-0.10260238541548006,1.1758463500849498e-20,-1.674222533988099e-20,-4.983761839031493e-21,-3.45645229204453e-22
245.0,5.0,3.59413137667618,-4.969813299576002,-1.3756819228998225,-0.00450878596381088,1.215747303313765e-20,-1.6810841017503454e-20,-4.653367984365807e-21,-1.5251374538766342e-23
246.0,5.0,3.6922483545954403,-4.969813299576002,-1.2775649449805613,0.08803431741505996,1.2540339536368647e-20,-1.6879456695125915e-20,-4.339117158757269e-21,2.989994510697714e-22
247.0,5.0,3.7842083763705574,-4.969813299576002,-1.1856049232054442,0.17446559723715893,1.2904918871250257e-20,-1.694807237274838e-20,-4.043153501498124e-21,5.949631083289191e-22
248.0,5.0,3.869517207537398,-4.969813299576002,-1.1002960920386027,0.2542902730796346,1.3249263756411867e-20,-1.7016688050370844e-20,-3.767424293958972e-21,8.706923158680686e-22
249.0,5.0,3.947762705521506,-4.969813299576002,-1.0220505940544964,0.32709566517973165,1.357168183272275e-20,-1.7085303727993308e-20,-3.513621895270559e-21,1.1244947145564811e-21
250.0,5.0,4.0186296856256485,-4.969813299576002,-0.951183613950354,0.39256606024693674,1.3870792642073415e-20,-1.715391940561577e-20,-3.2831267635423558e-21,1.3549898462846825e-21
251.0,5.0,4.081913018130039,-4.969813299576002,-0.8879002814459618,0.45049580839197745,1.4145579707686233e-20,-1.7222535083238233e-20,-3.0769553755519954e-21,1.5611612342750442e-21
252.0,5.0,4.137527616850647,-4.969813299576002,-0.8322856827253542,0.5007993115179907,1.439543288402662e-20,-1.7291150760860694e-20,-2.8957178768340755e-21,1.742398732992966e-21
253.0,5.0,4.1855138910583225,-4.969813299576002,-0.7842994085176791,0.5435164750764834,1.462017568748473e-20,-1.735976643848316e-20,-2.739590750998429e-21,1.8985258588286157e-21
254.0,5.0,4.226037410640279,-4.969813299576002,-0.7437758889357227,0.5788123730694839,1.4820072785406252e-20,-1.742838211610562e-20,-2.60830933069937e-21,2.029807279127665e-21
255.0,5.0,4.259382026025142,-4.969813299576002,-0.71043127355086,0.6069703678190344,1.4995814413866445e-20,-1.7496997793728087e-20,-2.50118337986164e-21,2.1369332299654042e-21
256.0,5.0,4.285936453827304,-4.969813299576002,-0.6838768457486957,0.6283786954595971,1.514847713034295e-20,-1.7565613471350548e-20,-2.4171363410075928e-21,2.220980268819449e-21
257.0,5.0,4.306175246447317,-4.969813299576002,-0.6636380531286843,0.6435114353900815,1.527946352792886e-20,-1.763422914897301e-20,-2.3547656210441464e-21,2.283350988782893e-21
258.0,5.0,4.320635883220092,-4.969813299576002,-0.6491774163559096,0.6529056012771246,1.5390426557752397e-20,-1.7702844826595474e-20,-2.3124182688430755e-21,2.325698340983965e-21
259.0,5.0,4.329894216777069,-4.969813299576002,-0.639919082798933,0.6571365872756711,1.548318607209252e-20,-1.7771460504217935e-20,-2.2882744321254136e-21,2.349842177701621e-21
260.0,5.0,4.334540547780703,-4.969813299576002,-0.6352727517952985,0.6567942426251747,1.555964558915749e-20,-1.78400761818404e-20,-2.2804305926829105e-21,2.357686017144133e-21
261.0,5.0,4.33515822877358,-4.969813299576002,-0.6346550708024203,0.6524614753635678,1.5621716189568817e-20,-1.790869185946286e-20,-2.286975669894039e-21,2.351140939933002e-21
262.0,5.0,4.33230610579585,-4.969813299576002,-0.6375071937801522,0.6446966938126835,1.567125252277165e-20,-1.7977307537085327e-20,-2.3060550143136782e-21,2.3320615955133636e-21
263.0,5.0,4.326505490277669,-4.969813299576002,-0.6433078092983315,0.6340207783416805,1.5710003808839964e-20,-1.804592321470779e-20,-2.3359194058678216e-21,2.3021972039592232e-21
264.0,5.0,4.318231760898159,-4.969813299576002,-0.6515815386778439,0.6209086830998949,1.5739580636874027e-20,-1.8114538892330253e-20,-2.37495825545623e-21,2.2631583543708133e-21
265.0,5.0,4.307910096277892,-4.969813299576002,-0.6619032032981078,0.6057851685861291,1.5761436181267334e-20,-1.8183154569952714e-20,-2.4217183886853724e-21,2.2163982211416668e-21
266.0,5.0,4.29591439047256,-4.969813299576002,-0.6738989091034409,0.5890237170218331,1.5776858753395522e-20,-1.8251770247575178e-20,-2.4749114941796525e-21,2.1632051156473886e-21
267.0,5.0,4.282568345948742,-4.969813299576002,-0.6872449536272587,0.5709476252091559,1.5786972290389646e-20,-1.832038592519764e-20,-2.5334136348079913e-21,2.104702975019047e-21
268.0,5.0,4.268148009642747,-4.969813299576002,-0.7016652899332545,0.5518325404746669,1.5792742274058868e-20,-1.8389001602820104e-20,-2.5962593287612355e-21,2.0418572810658068e-21
269.0,5.0,4.252885319004372,-4.969813299576002,-0.7169279805716293,0.5319100066005742,1.57949856109268e-20,-1.8457617280442565e-20,-2.662631669515764e-21,1.975484940311275e-21
270.0,5.0,4.236972378393917,-4.969813299576002,-0.7328409211820848,0.5113717401117022,1.5794383528594396e-20,-1.8526232958065032e-20,-2.7318494294706353e-21,1.9062671803564e-21
271.0,5.0,4.220566212438949,-4.969813299576002,-0.7492470871370536,0.490374383524653,1.5791496610927957e-20,-1.8594848635687493e-20,-2.8033520247595387e-21,1.8347645850674968e-21
272.0,5.0,4.203793723357976,-4.969813299576002,-0.7660195762180262,0.46904446256624865,1.578678099298047e-20,-1.8663464313309957e-20,-2.8766833203294895e-21,1.76143328949755e-21
273.0,5.0,4.186756566946456,-4.969813299576002,-0.7830567326295466,0.4474832620566165,1.5780604659996696e-20,-1.873207999093242e-20,-2.951475330935725e-21,1.686641278891311e-21
274.0,5.0,4.169535684642899,-4.969813299576002,-0.800277614933103,0.4257713578746447,1.5773262849298304e-20,-1.8800695668554883e-20,-3.0274328192565805e-21,1.610683790570461e-21
275.0,5.0,4.152195293138988,-4.969813299576002,-0.817618006437014,0.4039726064696154,1.576499176801189e-20,-1.8869311346177344e-20,-3.1043195781654567e-21,1.5337970316615872e-21
276.0,5.0,4.134786224759423,-4.969813299576002,-0.8350270748165798,0.3821374851447352,1.575598016734093e-20,-1.893792702379981e-20,-3.1819468564588838e-21,1.4561697533681584e-21
277.0,5.0,4.117348607648729,-4.969813299576002,-0.852464691927274,0.3603057721497027,1.5746378668710463e-20,-1.9006542701422273e-20,-3.2601640327118163e-21,1.3779525771152203e-21
278.0,5.0,4.0999139522914785,-4.969813299576002,-0.8698993472845213,0.3385086331087255,1.5736307033322032e-20,-1.9075158379044737e-20,-3.3388513457226957e-21,1.299265264104342e-21
279.0,5.0,4.0825067570226485,-4.969813299576002,-0.8873065425533522,0.3167702264406351,1.572585975169861e-20,-1.9143774056667198e-20,-3.4179143049685835e-21,1.2202023048584518e-21
280.0,5.0,4.065145758390936,-4.969813299576002,-0.9046675411850664,0.2951089536339442,1.5715110393294728e-20,-1.9212389734289662e-20,-3.497279340994939e-21,1.1408372688321041e-21
281.0,5.0,4.047844939552126,-4.969813299576002,-0.9219683600238753,0.2735384675537862,1.570411512093305e-20,-1.9281005411912123e-20,-3.5768902909790754e-21,1.0612263188479653e-21
282.0,5.0,4.030614382182441,-4.969813299576002,-0.9391989173935613,0.2520685242707028,1.5692915679531174e-20,-1.9349621089534588e-20,-3.656705410003419e-21,9.81411199823617e-22
283.0,5.0,4.013461015428569,-4.969813299576002,-0.9563522841474335,0.23070573192791244,1.5681542053097942e-20,-1.941823676715705e-20,-3.736694714059112e-21,9.014218957679293e-22
284.0,5.0,3.996389287235915,-4.969813299576002,-0.9734240123400859,0.2094542219885156,1.5670014879413662e-20,-1.9486852444779516e-20,-3.81683756536585e-21,8.212790444611908e-22
285.0,5.0,3.9794017635421928,-4.969813299576002,-0.9904115360338093,0.18831624834977845,1.5658347636483382e-20,-1.9555468122401977e-20,-3.897120485918597e-21,7.409961239084389e-22
286.0,5.0,3.962499650447631,-4.969813299576002,-1.0073136491283705,0.16729270943569574,1.5646548574487894e-20,-1.962408380002444e-20,-3.9775352255365465e-21,6.6058138429049605e-22
287.0,5.0,3.9456832322600093,-4.969813299576002,-1.0241300673159905,0.14638358616597102,1.5634622357647898e-20,-1.9692699477646903e-20,-4.0580771199989975e-21,5.800394898280452e-22
288.0,5.0,3.9289522216079797,-4.969813299576002,-1.040861077968021,0.12558829199490518,1.562257139273521e-20,-1.9761315155269367e-20,-4.1387437625341545e-21,4.993728472928847e-22
289.0,5.0,3.9123060236744522,-4.969813299576002,-1.057507275901548,0.10490593707188722,1.5610396843919514e-20,-1.9829930832891828e-20,-4.219533988972308e-21,4.1858262085473205e-22
290.0,5.0,3.8957439225328367,-4.969813299576002,-1.0740693770431644,0.08433551450622367,1.5598099357613012e-20,-1.989854651051429e-20,-4.300447152901277e-21,3.376694569257593e-22
291.0,5.0,3.879265201933876,-4.969813299576002,-1.0905480976421256,0.06387602108407009,1.5585679539393782e-20,-1.9967162188136756e-20,-4.381482648742974e-21,2.5663396108406787e-22
292.0,5.0,3.8628692149786303,-4.969813299576002,-1.1069440845973713,0.04352652687291325,1.557313823486981e-20,-2.0035777865759218e-20,-4.462639630889406e-21,1.7547697893763756e-22
293.0,5.0,3.8465554169906313,-4.969813299576002,-1.1232578825853707,0.02328620802665249,1.5560476667444205e-20,-2.0104393543381682e-20,-4.5439168759374764e-21,9.419973388956392e-23
294.0,5.0,3.8303233741339238,-4.969813299576002,-1.1394899254420778,0.0031543553379300704,1.5547696480353406e-20,-2.0173009221004143e-20,-4.625312740650737e-21,1.2803869176295972e-23
295.0,5.0,3.814172757675746,-4.969813299576002,-1.1556405419002544,-0.016869631563567467,1.553479972095117e-20,-2.0241624898626607e-20,-4.706825177675431e-21,-6.870856784839319e-23
296.0,5.0,3.7981033309696137,-4.969813299576002,-1.1717099686063879,-0.03678625729110685,1.5521788794767605e-20,-2.0310240576249068e-20,-4.7884517814814645e-21,-1.5033517165441977e-22
297.0,5.0,3.7821149337346496,-4.969813299576002,-1.1876983658413511,-0.05659594648336075,1.550866640740306e-20,-2.0378856253871533e-20,-4.8701898464684726e-21,-2.3207323664142746e-22
298.0,5.0,3.7662074662784146,-4.969813299576002,-1.203605833297587,-0.07629905964214245,1.5495435504887285e-20,-2.0447471931493994e-20,-4.952036426606711e-21,-3.1391981677967573e-22
299.0,5.0,3.750380874989885,-4.969813299576002,-1.219432424586115,-0.09589590769874867,1.5482099217974992e-20,-2.051608760911646e-20,-5.0339883911414615e-21,-3.958717813144253e-22
300.0,5.0,3.7346351396228883,-4.969813299576002,-1.2351781599531133,-0.11538676478870435,1.5468660812655604e-20,-2.0584703286738922e-20,-5.116042474083318e-21,-4.779258642562797e-22
200.0,10.0,0.09896967234026066,-3.583518938456111,-3.4845492661158506,-1.8048621733692372,2.732847582938171e-22,-9.895163677720983e-21,-9.621878919427168e-21,-4.983762309600128e-21
201.0,10.0,0.11205882128475952,-3.583518938456111,-3.471460117171352,-1.8001296766274564,3.1097493809144375e-22,-9.944639496109588e-21,-9.633664558018146e-21,-4.9955479481911026e-21
202.0,10.0,0.1266763945653513,-3.583518938456111,-3.45684254389076,-1.7937860164188653,3.5328918771012057e-22,-9.994115314498192e-21,-9.640826126788073e-21,-5.002709516961034e-21
203.0,10.0,0.1429698273279525,-3.583518938456111,-3.440549111128158,-1.7856849803433157,4.007040327349359e-22,-1.0043591132886797e-20,-9.642887100151861e-21,-5.004770490324818e-21
204.0,10.0,0.16109578945038328,-3.583518938456111,-3.422423149005727,-1.7756710972933618,4.537301508421197e-22,-1.0093066951275402e-20,-9.639336800433281e-21,-5.001220190606245e-21
205.0,10.0,0.1812198739609303,-3.583518938456111,-3.40229906449518,-1.7635799496204356,5.129121274167832e-22,-1.0142542769664007e-20,-9.629630642247223e-21,-4.991514032420186e-21
206.0,10.0,0.20351607706816988,-3.583518938456111,-3.3800028613879416,-1.7492386936727833,5.788275926734689e-22,-1.0192018588052612e-20,-9.613190995379145e-21,-4.975074385552108e-21
207.0,10.0,0.22816603883069986,-3.583518938456111,-3.3553528996254105,-1.7324668196769917,6.520856316253236e-22,-1.0241494406441217e-20,-9.589408774815892e-21,-4.951292164988854e-21
208.0,10.0,0.25535801422436966,-3.583518938456111,-3.3281609242317405,-1.7130771812061507,7.333243569201925e-22,-1.0290970224829822e-20,-9.557645867909628e-21,-4.91952925808259e-21
209.0,10.0,0.2852855464576465,-3.583518938456111,-3.2982333919984637,-1.6908773223844786,8.232075372612146e-22,-1.0340446043218426e-20,-9.517238505957209e-21,-4.879121896130169e-21
210.0,10.0,0.318145818496663,-3.583518938456111,-3.265373119959447,-1.6656711268674336,9.224201829393585e-22,-1.0389921861607031e-20,-9.46750167866767e-21,-4.82938506884063e-21
211.0,10.0,0.3541376650734265,-3.583518938456111,-3.2293812733826854,-1.6372608063242833,1.031663005737978e-21,-1.0439397679995636e-20,-9.407734674257662e-21,-4.76961806443062e-21
212.0,10.0,0.39345923633691493,-3.583518938456111,-3.1900597021191963,-1.6054492372638993,1.1516456945213695e-21,-1.0488873498384241e-20,-9.337227803862873e-21,-4.6991111940358306e-21
213.0,10.0,0.43630531598929645,-3.583518938456111,-3.147213622466815,-1.5700426433620134,1.2830789811986022e-21,-1.0538349316772846e-20,-9.255270335574245e-21,-4.617153725747207e-21
214.0,10.0,0.4828643112286004,-3.583518938456111,-3.1006546272275095,-1.530853605968991,1.4266655148475957e-21,-1.0587825135161451e-20,-9.161159620313853e-21,-4.52304301048681e-21
215.0,10.0,0.5333149489118518,-3.583518938456111,-3.0502039895442596,-1.4877043683846178,1.5830896144354286e-21,-1.0637300953550056e-20,-9.05421133911463e-21,-4.416094729287587e-21
216.0,10.0,0.5878227315927025,-3.583518938456111,-2.9956962068634088,-1.4404303802461733,1.7530060317495835e-21,-1.0686776771938661e-20,-8.933770740189079e-21,-4.2956541303620376e-21
217.0,10.0,0.6465362274883555,-3.583518938456111,-2.9369827109677544,-1.3888840079754843,1.937027923201888e-21,-1.0736252590327265e-20,-8.799224667125375e-21,-4.1611080572983375e-21
218.0,10.0,0.7095832886713445,-3.583518938456111,-2.8739356497847677,-1.3329383169897095,2.1357142982673506e-21,-1.078572840871587e-20,-8.650014110448524e-21,-4.011897500621486e-21
219.0,10.0,0.7770673099248084,-3.583518938456111,-2.8064516285313026,-1.2724908132375905,2.3495572775930255e-21,-1.0835204227104475e-20,-8.485646949511452e-21,-3.8475303396844086e-21
220.0,10.0,0.8490636544521522,-3.583518938456111,-2.734455284003957,-1.2074670178706715,2.578969548002561e-21,-1.088468004549308e-20,-8.305710497490514e-21,-3.6675938876634744e-21
221.0,10.0,0.9256163792234757,-3.583518938456111,-2.6579025592326353,-1.137823742267372,2.8242724356723127e-21,-1.0934155863881685e-20,-8.109883428209373e-21,-3.471766818382328e-21
222.0,10.0,1.0067353894841502,-3.583518938456111,-2.57678354897196,-1.06355193388492,3.085685023438104e-21,-1.098363168227029e-20,-7.897946658832185e-21,-3.259830049005144e-21
223.0,10.0,1.0923941363272012,-3.583518938456111,-2.49112480212891,-0.9846789790377777,3.363314704395011e-21,-1.1033107500658895e-20,-7.669792796263885e-21,-3.031676186436849e-21
224.0,10.0,1.1825279416402372,-3.583518938456111,-2.4009909968158727,-0.901270378292109,3.657149485018741e-21,-1.10825833190475e-20,-7.425433834028757e-21,-2.7873172242017134e-21
225.0,10.0,1.277032991190296,-3.583518938456111,-2.3064859472658146,-0.8134307537132681,3.967052225071255e-21,-1.1132059137436106e-20,-7.16500691236485e-21,-2.5268903025378074e-21
226.0,10.0,1.375765981143782,-3.583518938456111,-2.2077529573123282,-0.7213042026693071,4.29275683298641e-21,-1.118153495582471e-20,-6.888778122838298e-21,-2.250661513011258e-21
227.0,10.0,1.4785443408685741,-3.583518938456111,-2.1049745975875354,-0.6250740753438215,4.633866238084193e-21,-1.1231010774213316e-20,-6.597144536129118e-21,-1.9590279263020742e-21
228.0,10.0,1.585146893301636,-3.583518938456111,-1.9983720451544738,-0.5249623146749887,4.989851758645224e-21,-1.1280486592601921e-20,-6.290634833956693e-21,-1.6525182241296554e-21
229.0,10.0,1.6953147638071138,-3.583518938456111,-1.8882041746489975,-0.42122854779605845,5.360053310338359e-21,-1.1329962410990526e-20,-5.969909100652167e-21,-1.331792490825124e-21
230.0,10.0,1.8087523211792234,-3.583518938456111,-1.774766617276887,-0.31416914532330864,5.74367979201268e-21,-1.137943822937913e-20,-5.635758437366449e-21,-9.976418275394058e-22
231.0,10.0,1.9251279412622306,-3.583518938456111,-1.6583909971938802,-0.2041164580193211,6.1398089837140005e-21,-1.1428914047767734e-20,-5.289105064053735e-21,-6.509884542266898e-22
232.0,10.0,2.0440744322340425,-3.583518938456111,-1.5394445062220683,-0.09143839178533142,6.547386424231637e-21,-1.147838986615634e-20,-4.9310034419247024e-21,-2.9288683209766046e-22
233.0,10.0,2.1651890518855432,-3.583518938456111,-1.418329886570568,0.02346160934927255,6.965223011361367e-21,-1.1527865684544945e-20,-4.56264267318358e-21,7.547393664346065e-23
234.0,10.0,2.288033173155197,-3.583518938456111,-1.2954857653009135,0.1401442284996115,7.391991467211506e-21,-1.157734150293355e-20,-4.185350035722042e-21,4.527665741049987e-22
235.0,10.0,2.4121317967405522,-3.583518938456111,-1.1713871417155577,0.25813378828156,7.826222279639411e-21,-1.1626817321322155e-20,-3.800595041682741e-21,8.375215681442967e-22
236.0,10.0,2.53697324265126,-3.583518938456111,-1.0465456958048502,0.37691794211600893,8.266300186364e-21,-1.167629313971076e-20,-3.409992953346759e-21,1.2281236564802805e-21
237.0,10.0,2.662009446778131,-3.583518938456111,-0.9215094916779805,0.4959479705554486,8.710462613222928e-21,-1.1725768958099365e-20,-3.015306344876438e-21,1.6228102649506009e-21
238.0,10.0,2.786657319030235,-3.583518938456111,-0.7968616194258757,0.6146401391847238,9.156801625251026e-21,-1.177524477648797e-20,-2.618443151236944e-21,2.0196734585900948e-21
239.0,10.0,2.9103015742493406,-3.583518938456111,-0.6732173642067707,0.7323785293050395,9.60327085006401e-21,-1.1824720594876575e-20,-2.221449744812566e-21,2.416666865014472e-21
240.0,10.0,3.0322993327894814,-3.583518938456111,-0.5512196056666294,0.8485196382888827,1.0047698499639516e-20,-1.1874196413265179e-20,-1.826497913625663e-21,2.811618696201378e-21
241.0,10.0,3.151986630684031,-3.583518938456111,-0.43153230777207874,0.962398889528016,1.0487807127098138e-20,-1.1923672231653784e-20,-1.4358651045556428e-21,3.2022515052713974e-21
242.0,10.0,3.268686818666084,-3.583518938456111,-0.3148321197900277,1.0733390312402324,1.0921240233760916e-20,-1.1973148050042389e-20,-1.0519078162814763e-21,3.586208793545565e-21
243.0,10.0,3.381720703290912,-3.583518938456111,-0.20179823516519946,1.1806602773834545,1.1345595416685283e-20,-1.2022623868430994e-20,-6.770284517457119e-22,3.96108815808133e-21
244.0,10.0,3.4904182151878875,-3.583518938456111,-0.09310072326822372,1.2836919757044107,1.1758463500849498e-20,-1.2072099686819599e-20,-3.136361859701015e-22,4.3244804238569386e-21
245.0,10.0,3.59413137667618,-3.583518938456111,0.010612438220068299,1.38178557515608,1.215747303313765e-20,-1.2121575505208202e-20,3.589752792944274e-23,4.674014137756483e-21
246.0,10.0,3.6922483545954403,-3.583518938456111,0.10872941613932952,1.4743286785349508,1.2540339536368647e-20,-1.2171051323596808e-20,3.6928821277183895e-22,5.007404822598879e-21
247.0,10.0,3.7842083763705574,-3.583518938456111,0.2006894379144466,1.5607599583570497,1.2904918871250257e-20,-1.2220527141985414e-20,6.843917292648428e-22,5.322508339091885e-21
248.0,10.0,3.869517207537398,-3.583518938456111,0.2859982690812881,1.6405846341995254,1.3249263756411867e-20,-1.2270002960374018e-20,9.792607960378522e-22,5.6173774058648925e-21
249.0,10.0,3.947762705521506,-3.583518938456111,0.3642437670653944,1.7133900262996224,1.357168183272275e-20,-1.2319478778762624e-20,1.2522030539601238e-21,5.890319663787164e-21
250.0,10.0,4.0186296856256485,-3.583518938456111,0.4351107471695368,1.7788604213668275,1.3870792642073415e-20,-1.2368954597151228e-20,1.5018380449221845e-21,6.139954654749223e-21
251.0,10.0,4.081913018130039,-3.583518938456111,0.498394079673929,1.8367901695118682,1.4145579707686233e-20,-1.2418430415539834e-20,1.7271492921464035e-21,6.3652659019734434e-21
252.0,10.0,4.137527616850647,-3.583518938456111,0.5540086783945366,1.8870936726378815,1.439543288402662e-20,-1.2467906233928438e-20,1.9275266500981814e-21,6.565643259925223e-21
253.0,10.0,4.1855138910583225,-3.583518938456111,0.6019949526022117,1.9298108361963742,1.462017568748473e-20,-1.2517382052317044e-20,2.1027936351676865e-21,6.740910244994731e-21
254.0,10.0,4.226037410640279,-3.583518938456111,0.6425184721841681,1.9651067341893746,1.4820072785406252e-20,-1.2566857870705648e-20,2.253214914700603e-21,6.891331524527639e-21
255.0,10.0,4.259382026025142,-3.583518938456111,0.6758630875690308,1.9932647289389251,1.4995814413866445e-20,-1.2616333689094255e-20,2.379480724772192e-21,7.017597334599236e-21
256.0,10.0,4.285936453827304,-3.583518938456111,0.7024175153711951,2.014673056579488,1.514847713034295e-20,-1.2665809507482858e-20,2.4826676228600965e-21,7.120784232687139e-21
257.0,10.0,4.306175246447317,-3.583518938456111,0.7226563079912065,2.0298057965099723,1.527946352792886e-20,-1.2715285325871462e-20,2.5641782020574005e-21,7.20229481188444e-21
258.0,10.0,4.320635883220092,-3.583518938456111,0.7371169447639812,2.0391999623970154,1.5390426557752397e-20,-1.2764761144260067e-20,2.6256654134923302e-21,7.26378202331937e-21
259.0,10.0,4.329894216777069,-3.583518938456111,0.7463752783209578,2.043430948395562,1.548318607209252e-20,-1.2814236962648672e-20,2.6689491094438498e-21,7.307065719270886e-21
260.0,10.0,4.334540547780703,-3.583518938456111,0.7510216093245923,2.0430886037450655,1.555964558915749e-20,-1.2863712781037277e-20,2.6959328081202116e-21,7.334049417947255e-21
261.0,10.0,4.33515822877358,-3.583518938456111,0.7516392903174705,2.0387558364834586,1.5621716189568817e-20,-1.291318859942588e-20,2.708527590142941e-21,7.346644199969982e-21
262.0,10.0,4.33230610579585,-3.583518938456111,0.7487871673397386,2.0309910549325743,1.567125252277165e-20,-1.2962664417814487e-20,2.7085881049571603e-21,7.346704714784203e-21
263.0,10.0,4.326505490277669,-3.583518938456111,0.7429865518215593,2.0203151394615713,1.5710003808839964e-20,-1.301214023620309e-20,2.697863572636875e-21,7.33598018246392e-21
264.0,10.0,4.318231760898159,-3.583518938456111,0.7347128224420469,2.0072030442197857,1.5739580636874027e-20,-1.3061616054591697e-20,2.677964582282325e-21,7.316081192109369e-21
265.0,10.0,4.307910096277892,-3.583518938456111,0.724391157821783,1.9920795297060199,1.5761436181267334e-20,-1.3111091872980301e-20,2.65034430828704e-21,7.28846091811408e-21
266.0,10.0,4.29591439047256,-3.583518938456111,0.7123954520164499,1.9753180781417239,1.5776858753395522e-20,-1.3160567691368907e-20,2.6162910620266188e-21,7.25440767185366e-21
267.0,10.0,4.282568345948742,-3.583518938456111,0.6990494074926321,1.9572419863290467,1.5786972290389646e-20,-1.3210043509757511e-20,2.5769287806321377e-21,7.215045390459176e-21
268.0,10.0,4.268148009642747,-3.583518938456111,0.6846290711866363,1.9381269015945577,1.5792742274058868e-20,-1.3259519328146117e-20,2.5332229459127522e-21,7.171339555739794e-21
269.0,10.0,4.252885319004372,-3.583518938456111,0.6693663805482615,1.918204367720465,1.57949856109268e-20,-1.3308995146534721e-20,2.4859904643920813e-21,7.12410707421912e-21
270.0,10.0,4.236972378393917,-3.583518938456111,0.653453439937806,1.897666101231593,1.5794383528594396e-20,-1.3358470964923328e-20,2.4359125636710684e-21,7.074029173498104e-21
271.0,10.0,4.220566212438949,-3.583518938456111,0.6370472739828372,1.8766687446445438,1.5791496610927957e-20,-1.3407946783311931e-20,2.383549827616023e-21,7.021666437443058e-21
272.0,10.0,4.203793723357976,-3.583518938456111,0.6202747849018646,1.8553388236861394,1.578678099298047e-20,-1.3457422601700536e-20,2.329358391279931e-21,6.96747500110697e-21
273.0,10.0,4.186756566946456,-3.583518938456111,0.6032376284903442,1.8337776231765073,1.5780604659996696e-20,-1.350689842008914e-20,2.273706239907553e-21,6.91182284973459e-21
274.0,10.0,4.169535684642899,-3.583518938456111,0.5860167461867878,1.8120657189945355,1.5773262849298304e-20,-1.3556374238477746e-20,2.2168886108205564e-21,6.855005220647598e-21
275.0,10.0,4.152195293138988,-3.583518938456111,0.5686763546828768,1.7902669675895062,1.576499176801189e-20,-1.360585005686635e-20,2.159141711145538e-21,6.797258320972582e-21
276.0,10.0,4.134786224759423,-3.583518938456111,0.551267286303311,1.768431846264626,1.575598016734093e-20,-1.3655325875254957e-20,2.100654292085969e-21,6.738770901913011e-21
277.0,10.0,4.117348607648729,-3.583518938456111,0.5338296691926168,1.7466001332695935,1.5746378668710463e-20,-1.3704801693643562e-20,2.0415769750668946e-21,6.679693584893931e-21
278.0,10.0,4.0999139522914785,-3.583518938456111,0.5163950138353695,1.7248029942286163,1.5736307033322032e-20,-1.3754277512032167e-20,1.9820295212898737e-21,6.6201461311169114e-21
279.0,10.0,4.0825067570226485,-3.583518938456111,0.4989878185665386,1.703064587560526,1.572585975169861e-20,-1.3803753330420772e-20,1.9221064212778438e-21,6.560223031104879e-21
280.0,10.0,4.065145758390936,-3.583518938456111,0.48162681993482437,1.681403314753835,1.5715110393294728e-20,-1.3853229148809377e-20,1.8618812444853472e-21,6.49999785431239e-21
281.0,10.0,4.047844939552126,-3.583518938456111,0.4643260010960155,1.659832828673677,1.570411512093305e-20,-1.390270496719798e-20,1.801410153735068e-21,6.439526763562109e-21
282.0,10.0,4.030614382182441,-3.583518938456111,0.4470954437263295,1.6383628853905936,1.5692915679531174e-20,-1.3952180785586587e-20,1.7407348939445833e-21,6.378851503771619e-21
283.0,10.0,4.013461015428569,-3.583518938456111,0.42994207697245734,1.6170000930478032,1.5681542053097942e-20,-1.400165660397519e-20,1.679885449122748e-21,6.318002058949789e-21
284.0,10.0,3.996389287235915,-3.583518938456111,0.4128703487798049,1.5957485831084064,1.5670014879413662e-20,-1.4051132422363797e-20,1.6188824570498686e-21,6.256999066876909e-21
285.0,10.0,3.9794017635421928,-3.583518938456111,0.3958828250860815,1.5746106094696692,1.5658347636483382e-20,-1.41006082407524e-20,1.5577393957309793e-21,6.195856005558015e-21
286.0,10.0,3.962499650447631,-3.583518938456111,0.3789807119915203,1.5535870705555865,1.5646548574487894e-20,-1.4150084059141007e-20,1.4964645153468884e-21,6.134581125173931e-21
287.0,10.0,3.9456832322600093,-3.583518938456111,0.36216429380390025,1.5326779472858618,1.5634622357647898e-20,-1.419955987752961e-20,1.4350624801182954e-21,6.073179089945338e-21
288.0,10.0,3.9289522216079797,-3.583518938456111,0.34543328315186983,1.511882653114796,1.562257139273521e-20,-1.4249035695918217e-20,1.3735356968169964e-21,6.011652306644036e-21
289.0,10.0,3.9123060236744522,-3.583518938456111,0.32878708521834277,1.491200298191778,1.5610396843919514e-20,-1.429851151430682e-20,1.3118853296127012e-21,5.950001939439741e-21
290.0,10.0,3.8957439225328367,-3.583518938456111,0.3122249840767264,1.4706298756261145,1.5598099357613012e-20,-1.4347987332695424e-20,1.2501120249175898e-21,5.888228634744626e-21
291.0,10.0,3.879265201933876,-3.583518938456111,0.2957462634777652,1.4501703822039609,1.5585679539393782e-20,-1.439746315108403e-20,1.188216388309751e-21,5.8263329981367935e-21
292.0,10.0,3.8628692149786303,-3.583518938456111,0.27935027652251954,1.429820887992804,1.557313823486981e-20,-1.4446938969472635e-20,1.126199265397177e-21,5.764315875224221e-21
293.0,10.0,3.8465554169906313,-3.583518938456111,0.26303647853452006,1.4095805691465433,1.5560476667444205e-20,-1.449641478786124e-20,1.0640618795829653e-21,5.702178489410006e-21
294.0,10.0,3.8303233741339238,-3.583518938456111,0.24680443567781296,1.3894487164578209,1.5547696480353406e-20,-1.4545890606249842e-20,1.0018058741035622e-21,5.6399224839305956e-21
295.0,10.0,3.814172757675746,-3.583518938456111,0.23065381921963635,1.3694247295563233,1.553479972095117e-20,-1.459536642463845e-20,9.394332963127265e-22,5.577549906139765e-21
296.0,10.0,3.7981033309696137,-3.583518938456111,0.21458439251350292,1.349508103828784,1.5521788794767605e-20,-1.4644842243027052e-20,8.769465517405509e-22,5.515063161567596e-21
297.0,10.0,3.7821149337346496,-3.583518938456111,0.19859599527853966,1.32969841463653,1.550866640740306e-20,-1.469431806141566e-20,8.14348345987402e-22,5.452464955814447e-21
298.0,10.0,3.7662074662784146,-3.583518938456111,0.18268852782230383,1.3099953014777483,1.5495435504887285e-20,-1.4743793879804262e-20,7.516416250830212e-22,5.389758234910056e-21
299.0,10.0,3.750380874989885,-3.583518938456111,0.1668619365337758,1.2903984534211421,1.5482099217974992e-20,-1.479326969819287e-20,6.888295197821289e-22,5.326946129609166e-21
300.0,10.0,3.7346351396228883,-3.583518938456111,0.1511162011667775,1.2709075963311864,1.5468660812655604e-20,-1.4842745516581472e-20,6.259152960741305e-22,5.2640319059011684e-21
